{"cameraMode":{"drawMode":0,"name":"Shaded","section":"Shading Mode"},"sceneLighting":false,"audioPlay":false,"sceneViewState":{"m_AlwaysRefresh":false,"showFog":true,"showSkybox":false,"showFlares":true,"showImageEffects":true,"showParticleSystems":true,"showVisualEffectGraphs":true,"m_FxEnabled":true},"in2DMode":false,"pivot":{"x":-0.28714317083358767,"y":0.24321198463439942,"z":0.22979016602039338},"rotation":{"x":0.1666133999824524,"y":0.8316201567649841,"z":-0.40325650572776797,"w":0.3435853123664856},"size":0.03501152992248535,"orthographic":false}