{"cameraMode":{"drawMode":0,"name":"Shaded","section":"Shading Mode"},"sceneLighting":false,"audioPlay":false,"sceneViewState":{"m_AlwaysRefresh":false,"showFog":true,"showSkybox":false,"showFlares":true,"showImageEffects":true,"showParticleSystems":true,"showVisualEffectGraphs":true,"m_FxEnabled":true},"in2DMode":false,"pivot":{"x":11.771048545837403,"y":0.039404481649398807,"z":-107.12107849121094},"rotation":{"x":-0.38019368052482607,"y":-0.0220231581479311,"z":0.0016369017539545894,"w":-0.9261006116867065},"size":0.35446327924728396,"orthographic":false}