{"cameraMode":{"drawMode":0,"name":"Shaded","section":"Shading Mode"},"sceneLighting":false,"audioPlay":false,"sceneViewState":{"m_AlwaysRefresh":false,"showFog":true,"showSkybox":false,"showFlares":true,"showImageEffects":true,"showParticleSystems":true,"showVisualEffectGraphs":true,"m_FxEnabled":true},"in2DMode":false,"pivot":{"x":11.586408615112305,"y":0.45061755180358889,"z":-112.32418060302735},"rotation":{"x":-0.531186044216156,"y":0.4198218584060669,"z":-0.3422776758670807,"w":-0.6515209078788757},"size":0.027030382305383683,"orthographic":false}