{"cameraMode":{"drawMode":0,"name":"Shaded","section":"Shading Mode"},"sceneLighting":true,"audioPlay":false,"sceneViewState":{"m_AlwaysRefresh":false,"showFog":true,"showSkybox":true,"showFlares":true,"showImageEffects":true,"showParticleSystems":true,"showVisualEffectGraphs":true,"m_FxEnabled":true},"in2DMode":false,"pivot":{"x":6.116499900817871,"y":1.4165945053100587,"z":-121.31454467773438},"rotation":{"x":0.055573806166648868,"y":0.1669534593820572,"z":-0.009435312822461129,"w":0.9843647480010986},"size":1.890296220779419,"orthographic":false}