{"cameraMode":{"drawMode":0,"name":"Shaded","section":"Shading Mode"},"sceneLighting":true,"audioPlay":false,"sceneViewState":{"m_AlwaysRefresh":false,"showFog":true,"showSkybox":true,"showFlares":true,"showImageEffects":true,"showParticleSystems":true,"showVisualEffectGraphs":true,"m_FxEnabled":true},"in2DMode":false,"pivot":{"x":11.070602416992188,"y":2.6538028717041017,"z":-128.1942901611328},"rotation":{"x":0.1701059639453888,"y":-0.02660287171602249,"z":0.00459394883364439,"w":0.9850563406944275},"size":12.12435531616211,"orthographic":true}