{"cameraMode":{"drawMode":0,"name":"Shaded","section":"Shading Mode"},"sceneLighting":true,"audioPlay":false,"sceneViewState":{"m_AlwaysRefresh":false,"showFog":true,"showSkybox":true,"showFlares":true,"showImageEffects":true,"showParticleSystems":true,"showVisualEffectGraphs":true,"m_FxEnabled":true},"in2DMode":false,"pivot":{"x":7.559993743896484,"y":1.423151969909668,"z":-121.80999755859375},"rotation":{"x":0.19506575167179109,"y":0.04117964953184128,"z":-0.008197583258152008,"w":0.9798912405967712},"size":12.124353408813477,"orthographic":true}