{"cameraMode":{"drawMode":0,"name":"Shaded","section":"Shading Mode"},"sceneLighting":true,"audioPlay":false,"sceneViewState":{"m_AlwaysRefresh":false,"showFog":true,"showSkybox":true,"showFlares":true,"showImageEffects":true,"showParticleSystems":true,"showVisualEffectGraphs":true,"m_FxEnabled":false},"in2DMode":false,"pivot":{"x":7.557799816131592,"y":0.9111999869346619,"z":-119.25299835205078},"rotation":{"x":-0.1468094140291214,"y":-0.12282248586416245,"z":0.018373075872659684,"w":-0.9813436269760132},"size":10.920249938964844,"orthographic":false}