{"cameraMode":{"drawMode":0,"name":"Shaded","section":"Shading Mode"},"sceneLighting":false,"audioPlay":false,"sceneViewState":{"m_AlwaysRefresh":false,"showFog":true,"showSkybox":false,"showFlares":true,"showImageEffects":true,"showParticleSystems":true,"showVisualEffectGraphs":true,"m_FxEnabled":true},"in2DMode":false,"pivot":{"x":11.755106925964356,"y":0.06510736048221588,"z":-107.02234649658203},"rotation":{"x":-0.3757345974445343,"y":0.0183541439473629,"z":-0.014773799106478691,"w":-0.9278826117515564},"size":0.17720010876655579,"orthographic":false}