{"cameraMode":{"drawMode":0,"name":"Shaded","section":"Shading Mode"},"sceneLighting":true,"audioPlay":false,"sceneViewState":{"m_AlwaysRefresh":false,"showFog":true,"showSkybox":true,"showFlares":true,"showImageEffects":true,"showParticleSystems":true,"showVisualEffectGraphs":true,"m_FxEnabled":true},"in2DMode":false,"pivot":{"x":-121.23860931396485,"y":36.268821716308597,"z":-76.97480773925781},"rotation":{"x":-0.26320233941078188,"y":-0.4525465667247772,"z":0.14179714024066926,"w":-0.8401625156402588},"size":1.4594309329986573,"orthographic":false}