{"cameraMode":{"drawMode":0,"name":"Shaded","section":"Shading Mode"},"sceneLighting":false,"audioPlay":false,"sceneViewState":{"m_AlwaysRefresh":false,"showFog":true,"showSkybox":false,"showFlares":true,"showImageEffects":true,"showParticleSystems":true,"showVisualEffectGraphs":true,"m_FxEnabled":true},"in2DMode":false,"pivot":{"x":10.512018203735352,"y":-0.018415801227092744,"z":-107.0462646484375},"rotation":{"x":-0.46975210309028628,"y":-0.03496610000729561,"z":0.010942953638732434,"w":-0.8835619688034058},"size":0.5157760977745056,"orthographic":false}