{"cameraMode":{"drawMode":0,"name":"Shaded","section":"Shading Mode"},"sceneLighting":false,"audioPlay":false,"sceneViewState":{"m_AlwaysRefresh":false,"showFog":true,"showSkybox":false,"showFlares":true,"showImageEffects":true,"showParticleSystems":true,"showVisualEffectGraphs":true,"m_FxEnabled":true},"in2DMode":false,"pivot":{"x":140.93731689453126,"y":2.579550266265869,"z":142.70193481445313},"rotation":{"x":0.19506575167179109,"y":0.04117964953184128,"z":-0.008197583258152008,"w":0.9798912405967712},"size":2.11232328414917,"orthographic":true}