{"cameraMode":{"drawMode":0,"name":"Shaded","section":"Shading Mode"},"sceneLighting":false,"audioPlay":false,"sceneViewState":{"m_AlwaysRefresh":false,"showFog":true,"showSkybox":false,"showFlares":true,"showImageEffects":true,"showParticleSystems":true,"showVisualEffectGraphs":true,"m_FxEnabled":true},"in2DMode":false,"pivot":{"x":-0.0008237659931182861,"y":-0.03378856182098389,"z":-0.006242632865905762},"rotation":{"x":0.31594976782798769,"y":0.28955474495887759,"z":-0.10190404206514359,"w":0.8977484107017517},"size":0.3552814722061157,"orthographic":true}