{"cameraMode":{"drawMode":0,"name":"Shaded","section":"Shading Mode"},"sceneLighting":false,"audioPlay":false,"sceneViewState":{"m_AlwaysRefresh":false,"showFog":true,"showSkybox":false,"showFlares":true,"showImageEffects":true,"showParticleSystems":true,"showVisualEffectGraphs":true,"m_FxEnabled":true},"in2DMode":false,"pivot":{"x":8.958152770996094,"y":-1.0311733484268189,"z":-83.98149108886719},"rotation":{"x":-0.046711891889572147,"y":0.9138307571411133,"z":-0.38850104808807375,"w":-0.10955527424812317},"size":1.2652181386947632,"orthographic":false}