{"cameraMode":{"drawMode":0,"name":"Shaded","section":"Shading Mode"},"sceneLighting":false,"audioPlay":false,"sceneViewState":{"m_AlwaysRefresh":false,"showFog":true,"showSkybox":false,"showFlares":true,"showImageEffects":true,"showParticleSystems":true,"showVisualEffectGraphs":true,"m_FxEnabled":true},"in2DMode":false,"pivot":{"x":-0.6184046268463135,"y":0.8961237072944641,"z":0.2796521782875061},"rotation":{"x":0.2270103245973587,"y":0.7666441798210144,"z":-0.36467304825782778,"w":0.4772305488586426},"size":0.3552814722061157,"orthographic":false}