{"cameraMode":{"drawMode":0,"name":"Shaded","section":"Shading Mode"},"sceneLighting":false,"audioPlay":false,"sceneViewState":{"m_AlwaysRefresh":false,"showFog":true,"showSkybox":false,"showFlares":true,"showImageEffects":true,"showParticleSystems":true,"showVisualEffectGraphs":true,"m_FxEnabled":false},"in2DMode":false,"pivot":{"x":-110.76544952392578,"y":4.815415859222412,"z":-103.06084442138672},"rotation":{"x":0.26623696088790896,"y":-0.058655716478824618,"z":0.016233444213867189,"w":0.9619848132133484},"size":0.19021232426166535,"orthographic":true}