t,p_t_x,p_t_y,h_t,v_t,e_t,|A_t|,|M_t|,o_s_t,Pi,D_t
1,7.56,-119.25,5.01,0.00,0.9905,19,0,1.00,None,1
2,7.56,-119.25,5.01,0.00,0.9905,19,0,1.00,None,1
3,7.56,-119.25,5.01,0.00,0.9905,19,0,1.00,None,1
4,7.56,-119.25,5.01,0.00,0.9905,19,0,1.00,None,1
5,7.56,-119.25,5.01,0.00,0.9905,19,0,1.00,None,1
6,7.56,-119.25,5.01,0.00,0.9905,19,0,1.00,None,1
7,7.56,-119.25,5.01,0.00,0.9905,19,0,1.00,None,1
8,7.56,-119.25,5.01,0.00,0.9905,19,0,1.00,None,1
9,7.56,-119.25,5.01,0.00,0.9904,19,0,1.00,None,1
10,7.56,-119.25,5.01,0.00,0.9904,19,0,1.00,None,1
11,7.56,-119.25,5.01,0.00,0.9904,19,0,1.00,None,1
12,7.53,-119.19,5.01,0.99,0.9904,19,0,1.00,None,1
13,7.53,-119.19,5.01,0.99,0.9904,19,0,1.00,None,1
14,7.53,-119.19,5.01,0.99,0.9904,19,0,1.00,None,1
15,7.50,-119.10,5.01,1.66,0.9903,19,0,1.00,None,1
16,7.50,-119.10,5.01,1.66,0.9903,19,0,1.00,None,1
17,7.50,-119.10,5.01,1.66,0.9903,19,0,1.00,None,1
18,7.45,-118.98,5.01,2.00,0.9903,19,0,1.00,None,1
19,7.45,-118.98,5.01,2.00,0.9903,19,0,1.00,None,1
20,7.42,-118.92,5.01,2.00,0.9903,19,0,1.00,None,1
21,7.42,-118.92,5.01,2.00,0.9903,19,0,1.00,None,1
22,7.42,-118.92,5.01,2.00,0.9903,19,0,1.00,None,1
23,7.38,-118.82,5.01,2.00,0.9903,19,0,1.00,None,1
24,7.38,-118.82,5.01,2.00,0.9903,19,0,1.00,None,1
25,7.38,-118.82,5.01,2.00,0.9903,19,0,1.00,None,1
26,7.38,-118.82,5.01,2.00,0.9903,19,0,1.00,None,1
27,7.38,-118.82,5.01,2.00,0.9903,19,0,1.00,None,1
28,7.31,-118.64,5.01,2.00,0.9902,19,0,1.00,None,1
29,7.31,-118.64,5.01,2.00,0.9902,19,0,1.00,None,1
30,7.31,-118.64,5.01,2.00,0.9902,19,0,1.00,None,1
31,7.26,-118.51,5.01,2.00,0.9902,19,0,1.00,None,1
32,7.26,-118.51,5.01,2.00,0.9902,19,0,1.00,None,1
33,7.23,-118.45,5.01,2.00,0.9901,19,0,1.00,None,1
34,7.23,-118.45,5.01,2.00,0.9901,19,0,1.00,None,1
35,7.23,-118.45,5.01,2.00,0.9901,19,0,1.00,None,1
36,7.19,-118.35,5.01,2.00,0.9901,19,0,1.00,None,1
37,7.19,-118.35,5.01,2.00,0.9901,19,0,1.00,None,1
38,7.19,-118.35,5.01,2.00,0.9901,19,0,1.00,None,1
39,7.14,-118.23,5.01,2.00,0.9901,19,0,1.00,None,1
40,7.14,-118.23,5.01,2.00,0.9901,19,0,1.00,None,1
41,7.14,-118.23,5.01,2.00,0.9901,19,0,1.00,None,1
42,7.10,-118.11,5.01,2.00,0.9900,19,0,1.00,None,1
43,7.10,-118.11,5.01,2.00,0.9900,19,0,1.00,None,1
44,7.10,-118.11,5.01,2.00,0.9900,19,0,1.00,None,1
45,7.05,-117.99,5.01,2.00,0.9900,19,0,1.00,None,1
46,7.05,-117.99,5.01,2.00,0.9900,19,0,1.00,None,1
47,7.05,-117.99,5.01,2.00,0.9900,19,0,1.00,None,1
48,7.00,-117.88,5.01,2.00,0.9900,19,0,1.00,None,1
49,7.00,-117.88,5.01,2.00,0.9900,19,0,1.00,None,1
50,7.00,-117.88,5.01,2.00,0.9900,19,0,1.00,None,1
51,6.95,-117.76,5.01,2.00,0.9899,19,0,1.00,None,1
52,6.95,-117.76,5.01,2.00,0.9899,19,0,1.00,None,1
53,6.95,-117.76,5.01,2.00,0.9899,19,0,1.00,None,1
54,6.95,-117.76,5.01,2.00,0.9899,19,0,1.00,None,1
55,6.91,-117.64,5.01,2.00,0.9899,19,0,1.00,None,1
56,6.91,-117.64,5.01,2.00,0.9899,19,0,1.00,None,1
57,6.91,-117.64,5.01,2.00,0.9899,19,0,1.00,None,1
58,6.86,-117.53,5.01,2.00,0.9899,19,0,1.00,None,1
59,6.86,-117.53,5.01,2.00,0.9899,19,0,1.00,None,1
60,6.86,-117.53,5.01,2.00,0.9899,19,0,1.00,None,1
61,6.81,-117.41,5.02,2.00,0.9898,19,0,1.00,None,1
62,6.81,-117.41,5.02,2.00,0.9898,19,0,1.00,None,1
63,6.81,-117.41,5.02,2.00,0.9898,19,0,1.00,None,1
64,6.77,-117.29,5.02,2.00,0.9898,19,0,1.00,None,1
65,6.77,-117.29,5.02,2.00,0.9898,19,0,1.00,None,1
66,6.77,-117.29,5.02,2.00,0.9898,19,0,1.00,None,1
67,6.72,-117.17,5.02,2.00,0.9898,19,0,1.00,None,1
68,6.72,-117.17,5.02,2.00,0.9898,19,0,1.00,None,1
69,6.72,-117.17,5.02,2.00,0.9898,19,0,1.00,None,1
70,6.67,-117.06,5.02,2.00,0.9897,19,0,1.00,None,1
71,6.67,-117.06,5.02,2.00,0.9897,19,0,1.00,None,1
72,6.67,-117.06,5.02,2.00,0.9897,19,0,1.00,None,1
73,6.67,-117.06,5.02,2.00,0.9897,19,0,1.00,None,1
74,6.62,-116.94,5.02,2.00,0.9897,19,0,1.00,None,1
75,6.62,-116.94,5.02,2.00,0.9897,19,0,1.00,None,1
76,6.62,-116.94,5.02,2.00,0.9897,19,0,1.00,None,1
77,6.57,-116.82,5.02,2.00,0.9897,19,0,1.00,None,1
78,6.57,-116.82,5.02,2.00,0.9897,19,0,1.00,None,1
79,6.57,-116.82,5.02,2.00,0.9897,19,0,1.00,None,1
80,6.53,-116.70,5.02,2.00,0.9896,19,0,1.00,None,1
81,6.53,-116.70,5.02,2.00,0.9896,19,0,1.00,None,1
82,6.53,-116.70,5.02,2.00,0.9896,19,0,1.00,None,1
83,6.48,-116.59,5.02,2.00,0.9896,19,0,1.00,None,1
84,6.48,-116.59,5.02,2.00,0.9896,19,0,1.00,None,1
85,6.48,-116.59,5.02,2.00,0.9896,19,0,1.00,None,1
86,6.43,-116.47,5.02,2.00,0.9896,19,0,1.00,None,1
87,6.43,-116.47,5.02,2.00,0.9896,19,0,1.00,None,1
88,6.43,-116.47,5.02,2.00,0.9896,19,0,1.00,None,1
89,6.38,-116.35,5.02,2.00,0.9895,19,0,1.00,None,1
90,6.38,-116.35,5.02,2.00,0.9895,19,0,1.00,None,1
91,6.38,-116.35,5.02,2.00,0.9895,19,0,1.00,None,1
92,6.38,-116.35,5.02,2.00,0.9895,19,0,1.00,None,1
93,6.34,-116.23,5.02,2.00,0.9895,19,0,1.00,None,1
94,6.34,-116.23,5.02,2.00,0.9895,19,0,1.00,None,1
95,6.34,-116.23,5.02,2.00,0.9895,19,0,1.00,None,1
96,6.29,-116.11,5.02,2.00,0.9894,19,0,1.00,None,1
97,6.29,-116.11,5.02,2.00,0.9894,19,0,1.00,None,1
98,6.29,-116.11,5.02,2.00,0.9894,19,0,1.00,None,1
99,6.24,-115.99,5.02,2.00,0.9894,19,0,1.00,None,1
100,6.24,-115.99,5.02,2.00,0.9894,19,0,1.00,None,1
101,6.24,-115.99,5.02,2.00,0.9894,19,0,1.00,None,1
102,6.19,-115.88,5.02,2.00,0.9894,19,0,1.00,None,1
103,6.19,-115.88,5.02,2.00,0.9894,19,0,1.00,None,1
104,6.19,-115.88,5.02,2.00,0.9894,19,0,1.00,None,1
105,6.14,-115.76,5.02,2.00,0.9893,19,0,1.00,None,1
106,6.14,-115.76,5.02,2.00,0.9893,19,0,1.00,None,1
107,6.14,-115.76,5.02,2.00,0.9893,19,0,1.00,None,1
108,6.14,-115.76,5.02,2.00,0.9893,19,0,1.00,None,1
109,6.10,-115.64,5.02,2.00,0.9893,19,0,1.00,None,1
110,6.10,-115.64,5.02,2.00,0.9893,19,0,1.00,None,1
111,6.10,-115.64,5.02,2.00,0.9893,19,0,1.00,None,1
112,6.05,-115.52,5.02,2.00,0.9893,19,0,1.00,None,1
113,6.05,-115.52,5.02,2.00,0.9893,19,0,1.00,None,1
114,6.05,-115.52,5.02,2.00,0.9893,19,0,1.00,None,1
115,6.00,-115.40,5.02,2.00,0.9892,19,0,1.00,None,1
116,6.00,-115.40,5.02,2.00,0.9892,19,0,1.00,None,1
117,6.00,-115.40,5.02,2.00,0.9892,19,0,1.00,None,1
118,5.95,-115.28,5.02,2.00,0.9892,19,0,1.00,None,1
119,5.95,-115.28,5.02,2.00,0.9892,19,0,1.00,None,1
120,5.95,-115.28,5.02,2.00,0.9892,19,0,1.00,None,1
121,5.91,-115.17,5.02,2.00,0.9892,19,0,1.00,None,1
122,5.91,-115.17,5.02,2.00,0.9892,19,0,1.00,None,1
123,5.91,-115.17,5.02,2.00,0.9892,19,0,1.00,None,1
124,5.91,-115.17,5.02,2.00,0.9892,19,0,1.00,None,1
125,5.86,-115.05,5.02,2.00,0.9891,19,0,1.00,None,1
126,5.86,-115.05,5.02,2.00,0.9891,19,0,0.80,None,1
127,5.86,-115.05,5.02,2.00,0.9891,19,0,0.80,None,1
128,5.81,-114.93,5.02,2.00,0.9891,19,0,0.80,None,1
129,5.81,-114.93,5.02,2.00,0.9891,19,0,0.80,None,1
130,5.81,-114.93,5.02,2.00,0.9891,19,0,0.80,None,1
131,5.76,-114.81,5.02,2.00,0.9891,19,0,0.80,None,1
132,5.76,-114.81,5.02,2.00,0.9891,19,0,0.80,None,1
133,5.76,-114.81,5.02,2.00,0.9891,19,0,0.80,None,1
134,5.71,-114.69,5.02,2.00,0.9890,19,0,0.80,None,1
135,5.71,-114.69,5.02,2.00,0.9890,19,0,0.80,None,1
136,5.71,-114.69,5.02,2.00,0.9890,19,0,0.80,None,1
137,5.67,-114.58,5.02,2.00,0.9890,19,0,0.80,None,1
138,5.67,-114.58,5.02,2.00,0.9890,19,0,0.80,None,1
139,5.67,-114.58,5.02,2.00,0.9890,19,0,0.80,None,1
140,5.62,-114.46,5.02,2.00,0.9889,19,0,0.80,None,1
141,5.62,-114.46,5.02,2.00,0.9889,19,0,0.80,None,1
142,5.62,-114.46,5.02,2.00,0.9889,19,0,0.80,None,1
143,5.62,-114.46,5.02,2.00,0.9889,19,0,0.80,None,1
144,5.57,-114.34,5.02,2.00,0.9889,19,0,0.80,None,1
145,5.57,-114.34,5.02,2.00,0.9889,19,0,0.80,None,1
146,5.57,-114.34,5.02,2.00,0.9889,19,0,0.80,None,1
147,5.52,-114.22,5.02,2.00,0.9889,19,0,0.80,None,1
148,5.52,-114.22,5.02,2.00,0.9889,19,0,0.80,None,1
149,5.52,-114.22,5.02,2.00,0.9889,19,0,0.80,None,1
150,5.48,-114.10,5.02,2.00,0.9888,19,0,0.80,None,1
151,5.48,-114.10,5.02,2.00,0.9888,19,0,0.80,None,1
152,5.48,-114.10,5.02,2.00,0.9888,19,0,0.80,None,1
153,5.43,-113.98,5.03,2.00,0.9888,19,0,0.80,None,1
154,5.43,-113.98,5.03,2.00,0.9888,19,0,0.80,None,1
155,5.43,-113.98,5.03,2.00,0.9888,19,0,0.80,None,1
156,5.38,-113.87,5.03,2.00,0.9888,19,0,1.00,None,1
157,5.38,-113.87,5.03,2.00,0.9888,19,0,1.00,None,1
158,5.38,-113.87,5.03,2.00,0.9888,19,0,1.00,None,1
159,5.38,-113.87,5.03,2.00,0.9888,19,0,1.00,None,1
160,5.33,-113.75,5.03,2.00,0.9887,19,0,1.00,None,1
161,5.33,-113.75,5.03,2.00,0.9887,19,0,1.00,None,1
162,5.33,-113.75,5.03,2.00,0.9887,19,0,1.00,None,1
163,5.28,-113.63,5.03,2.00,0.9887,19,0,1.00,None,1
164,5.28,-113.63,5.03,2.00,0.9887,19,0,1.00,None,1
165,5.28,-113.63,5.03,2.00,0.9887,19,0,1.00,None,1
166,5.24,-113.51,5.03,2.00,0.9887,19,0,1.00,None,1
167,5.24,-113.51,5.03,2.00,0.9887,19,0,1.00,None,1
168,5.24,-113.51,5.03,2.00,0.9887,19,0,1.00,None,1
169,5.19,-113.39,5.03,2.00,0.9886,19,0,1.00,None,1
170,5.19,-113.39,5.03,2.00,0.9886,19,0,1.00,None,1
171,5.19,-113.39,5.03,2.00,0.9886,19,0,1.00,None,1
172,5.14,-113.28,5.03,2.00,0.9886,19,0,1.00,None,1
173,5.14,-113.28,5.03,2.00,0.9886,19,0,1.00,None,1
174,5.14,-113.28,5.03,2.00,0.9886,19,0,1.00,None,1
175,5.14,-113.28,5.03,2.00,0.9886,19,0,1.00,None,1
176,5.09,-113.16,5.03,2.00,0.9886,19,0,1.00,None,1
177,5.09,-113.16,5.03,2.00,0.9886,19,0,1.00,None,1
178,5.09,-113.16,5.03,2.00,0.9886,19,0,1.00,None,1
179,5.04,-113.04,5.03,2.00,0.9885,19,0,1.00,None,1
180,5.04,-113.04,5.03,2.00,0.9885,19,0,1.00,None,1
181,5.04,-113.04,5.03,2.00,0.9885,19,0,1.00,None,1
182,5.00,-112.92,5.03,2.00,0.9885,19,0,1.00,None,1
183,5.00,-112.92,5.03,2.00,0.9885,19,0,1.00,None,1
184,5.00,-112.92,5.03,2.00,0.9885,19,0,1.00,None,1
185,4.95,-112.80,5.03,2.00,0.9885,19,0,1.00,None,1
186,4.95,-112.80,5.03,2.00,0.9885,19,0,1.00,None,1
187,4.95,-112.80,5.03,2.00,0.9885,19,0,1.00,None,1
188,4.90,-112.68,5.03,2.00,0.9884,19,0,1.00,None,1
189,4.90,-112.68,5.03,2.00,0.9884,19,0,1.00,None,1
190,4.90,-112.68,5.03,2.00,0.9884,19,0,1.00,None,1
191,4.90,-112.68,5.03,2.00,0.9884,19,0,1.00,None,1
192,4.85,-112.56,5.03,2.00,0.9884,19,0,1.00,None,1
193,4.85,-112.56,5.03,2.00,0.9884,19,0,1.00,None,1
194,4.85,-112.56,5.03,2.00,0.9884,19,0,1.00,None,1
195,4.80,-112.44,5.03,2.00,0.9883,19,0,1.00,None,1
196,4.80,-112.44,5.03,2.00,0.9883,19,0,1.00,None,1
197,4.80,-112.44,5.03,2.00,0.9883,19,0,1.00,None,1
198,4.76,-112.32,5.03,2.00,0.9883,19,0,1.00,None,1
199,4.76,-112.32,5.03,2.00,0.9883,19,0,1.00,None,1
200,4.76,-112.32,5.03,2.00,0.9883,19,0,1.00,None,1
201,4.71,-112.21,5.03,2.00,0.9883,19,0,1.00,None,1
202,4.71,-112.21,5.03,2.00,0.9883,19,0,1.00,None,1
203,4.71,-112.21,5.03,2.00,0.9883,19,0,1.00,None,1
204,4.66,-112.09,5.03,2.00,0.9882,19,0,1.00,None,1
205,4.66,-112.09,5.03,2.00,0.9882,19,0,1.00,None,1
206,4.66,-112.09,5.03,2.00,0.9882,19,0,1.00,None,1
207,4.66,-112.09,5.03,2.00,0.9882,19,0,1.00,None,1
208,4.61,-111.97,5.03,2.00,0.9882,19,0,1.00,None,1
209,4.61,-111.97,5.03,2.00,0.9882,19,0,1.00,None,1
210,4.61,-111.97,5.03,2.00,0.9882,19,0,1.00,None,1
211,4.57,-111.85,5.03,2.00,0.9882,19,0,1.00,None,1
212,4.57,-111.85,5.03,2.00,0.9882,19,0,1.00,None,1
213,4.57,-111.85,5.03,2.00,0.9882,19,0,1.00,None,1
214,4.52,-111.73,5.03,2.00,0.9881,19,0,1.00,None,1
215,4.52,-111.73,5.03,2.00,0.9881,19,0,1.00,None,1
216,4.52,-111.73,5.03,2.00,0.9881,19,0,1.00,None,1
217,4.47,-111.61,5.03,2.00,0.9881,19,0,1.00,None,1
218,4.47,-111.61,5.03,2.00,0.9881,19,0,1.00,None,1
219,4.47,-111.61,5.03,2.00,0.9881,19,0,1.00,None,1
220,4.42,-111.50,5.03,2.00,0.9881,19,0,1.00,None,1
221,4.42,-111.50,5.03,2.00,0.9881,19,0,1.00,None,1
222,4.42,-111.50,5.03,2.00,0.9881,19,0,1.00,None,1
223,4.37,-111.38,5.03,2.00,0.9880,19,0,1.00,None,1
224,4.37,-111.38,5.03,2.00,0.9880,19,0,1.00,None,1
225,4.37,-111.38,5.03,2.00,0.9880,19,0,1.00,None,1
226,4.37,-111.38,5.03,2.00,0.9880,19,0,1.00,None,1
227,4.33,-111.26,5.03,2.00,0.9880,19,0,1.00,None,1
228,4.33,-111.26,5.03,2.00,0.9880,19,0,1.00,None,1
229,4.33,-111.26,5.03,2.00,0.9880,19,0,1.00,None,1
230,4.28,-111.14,5.03,2.00,0.9880,19,0,1.00,None,1
231,4.28,-111.14,5.03,2.00,0.9880,19,0,1.00,None,1
232,4.28,-111.14,5.03,2.00,0.9880,19,0,1.00,None,1
233,4.23,-111.02,5.03,2.00,0.9879,19,0,1.00,None,1
234,4.23,-111.02,5.03,2.00,0.9879,19,0,1.00,None,1
235,4.23,-111.02,5.03,2.00,0.9879,19,0,1.00,None,1
236,4.18,-110.90,5.03,2.00,0.9879,19,0,1.00,None,1
237,4.18,-110.90,5.03,2.00,0.9879,19,0,1.00,None,1
238,4.18,-110.90,5.03,2.00,0.9879,19,0,1.00,None,1
239,4.13,-110.79,5.03,2.00,0.9878,19,0,1.00,None,1
240,4.13,-110.79,5.03,2.00,0.9878,19,0,1.00,None,1
241,4.13,-110.79,5.03,2.00,0.9878,19,0,1.00,None,1
242,4.13,-110.79,5.03,2.00,0.9878,19,0,1.00,None,1
243,4.09,-110.67,5.03,2.00,0.9878,19,0,1.00,None,1
244,4.09,-110.67,5.03,2.00,0.9878,19,0,1.00,None,1
245,4.09,-110.67,5.03,2.00,0.9878,19,0,1.00,None,1
246,4.04,-110.55,5.03,2.00,0.9878,19,0,1.00,None,1
247,4.04,-110.55,5.03,2.00,0.9878,19,0,1.00,None,1
248,4.04,-110.55,5.03,2.00,0.9878,19,0,1.00,None,1
249,3.99,-110.42,5.04,2.00,0.9877,19,0,1.00,None,1
250,3.99,-110.42,5.04,2.00,0.9877,19,0,1.00,None,1
251,3.99,-110.42,5.04,2.00,0.9877,19,0,1.00,None,1
252,3.94,-110.30,5.04,2.00,0.9877,19,0,1.00,None,1
253,3.94,-110.30,5.04,2.00,0.9877,19,0,1.00,None,1
254,3.94,-110.30,5.04,2.00,0.9877,19,0,1.00,None,1
255,3.94,-110.30,5.04,2.00,0.9877,19,0,1.00,None,1
256,3.89,-110.18,5.04,2.00,0.9877,19,0,1.00,None,1
257,3.89,-110.18,5.04,2.00,0.9877,19,0,1.00,None,1
258,3.89,-110.18,5.04,2.00,0.9877,19,0,1.00,None,1
259,3.84,-110.07,5.04,2.00,0.9876,19,0,1.00,None,1
260,3.84,-110.07,5.04,2.00,0.9876,19,0,1.00,None,1
261,3.84,-110.07,5.04,2.00,0.9876,19,0,1.00,None,1
262,3.79,-109.94,5.04,2.00,0.9876,19,0,1.00,None,1
263,3.79,-109.94,5.04,2.00,0.9876,19,0,1.00,None,1
264,3.79,-109.94,5.04,2.00,0.9876,19,0,1.00,None,1
265,3.74,-109.82,5.04,2.00,0.9876,19,0,1.00,None,1
266,3.74,-109.82,5.04,2.00,0.9876,19,0,1.00,None,1
267,3.74,-109.82,5.04,2.00,0.9876,19,0,1.00,None,1
268,3.74,-109.82,5.04,2.00,0.9876,19,0,1.00,None,1
269,3.70,-109.70,5.04,2.00,0.9875,19,0,1.00,None,1
270,3.70,-109.70,5.04,2.00,0.9875,19,0,1.00,None,1
271,3.70,-109.70,5.04,2.00,0.9875,19,0,1.00,None,1
272,3.70,-109.70,5.04,2.00,0.9875,19,0,1.00,None,1
273,3.70,-109.70,5.04,2.00,0.9875,19,0,1.00,None,1
274,3.62,-109.51,5.04,2.00,0.9875,19,0,1.00,None,1
275,3.62,-109.51,5.04,2.00,0.9875,19,0,1.00,None,1
276,3.62,-109.51,5.04,2.00,0.9875,19,0,1.00,None,1
277,3.57,-109.38,5.04,2.00,0.9874,19,0,1.00,None,1
278,3.57,-109.38,5.04,2.00,0.9874,19,0,1.00,None,1
279,3.57,-109.38,5.04,2.00,0.9874,19,0,1.00,None,1
280,3.52,-109.27,5.04,2.00,0.9874,19,0,1.00,None,1
281,3.52,-109.27,5.04,2.00,0.9874,19,0,1.00,None,1
282,3.52,-109.27,5.04,2.00,0.9874,19,0,1.00,None,1
283,3.52,-109.27,5.04,2.00,0.9874,19,0,1.00,None,1
284,3.47,-109.14,5.04,2.00,0.9874,19,0,1.00,None,1
285,3.47,-109.14,5.04,2.00,0.9874,19,0,1.00,None,1
286,3.44,-109.07,5.04,2.00,0.9873,19,0,1.00,None,1
287,3.44,-109.07,5.04,2.00,0.9873,19,0,1.00,None,1
288,3.44,-109.07,5.04,2.00,0.9873,19,0,1.00,None,1
289,3.40,-108.96,5.04,2.00,0.9873,19,0,1.00,None,1
290,3.40,-108.96,5.04,2.00,0.9873,19,0,1.00,None,1
291,3.40,-108.96,5.04,2.00,0.9873,19,0,1.00,None,1
292,3.35,-108.83,5.04,2.00,0.9873,19,0,1.00,None,1
293,3.35,-108.83,5.04,2.00,0.9873,19,0,1.00,None,1
294,3.35,-108.83,5.04,2.00,0.9873,19,0,1.00,None,1
295,3.35,-108.83,5.04,2.00,0.9873,19,0,1.00,None,1
296,3.29,-108.71,5.04,2.00,0.9872,19,0,1.00,None,1
297,3.29,-108.71,5.04,2.00,0.9872,19,0,1.00,None,1
298,3.29,-108.71,5.04,2.00,0.9872,19,0,1.00,None,1
299,3.24,-108.58,5.04,2.00,0.9872,19,0,1.00,None,1
300,3.24,-108.58,5.04,2.00,0.9872,19,0,1.00,None,1
301,3.24,-108.58,5.04,2.00,0.9872,19,0,1.00,None,1
302,3.19,-108.46,5.04,2.00,0.9872,19,0,1.00,None,1
303,3.19,-108.46,5.04,2.00,0.9872,19,0,1.00,None,1
304,3.19,-108.46,5.04,2.00,0.9872,19,0,1.00,None,1
305,3.19,-108.46,5.04,2.00,0.9872,19,0,1.00,None,1
306,3.14,-108.33,5.04,2.00,0.9871,19,0,1.00,None,1
307,3.14,-108.33,5.04,2.00,0.9871,19,0,1.00,None,1
308,3.14,-108.33,5.04,2.00,0.9871,19,0,1.00,None,1
309,3.09,-108.21,5.04,2.00,0.9871,19,0,1.00,None,1
310,3.09,-108.21,5.04,2.00,0.9871,19,0,1.00,None,1
311,3.09,-108.21,5.04,2.00,0.9871,19,0,1.00,None,1
312,3.04,-108.08,5.04,2.00,0.9870,19,0,1.00,None,1
313,3.04,-108.08,5.04,2.00,0.9870,19,0,1.00,None,1
314,3.04,-108.08,5.04,2.00,0.9870,19,0,1.00,None,1
315,3.04,-108.08,5.04,2.00,0.9870,19,0,1.00,None,1
316,2.99,-107.96,5.04,2.00,0.9870,19,0,1.00,None,1
317,2.99,-107.96,5.04,2.00,0.9870,19,0,1.00,None,1
318,2.99,-107.96,5.04,2.00,0.9870,19,0,1.00,None,1
319,2.94,-107.83,5.04,2.00,0.9870,19,0,1.00,None,1
320,2.94,-107.83,5.04,2.00,0.9870,19,0,1.00,None,1
321,2.94,-107.83,5.04,2.00,0.9870,19,0,1.00,None,1
322,2.89,-107.71,5.05,2.00,0.9869,19,0,1.00,None,1
323,2.89,-107.71,5.05,2.00,0.9869,19,0,1.00,None,1
324,2.89,-107.71,5.05,2.00,0.9869,19,0,1.00,None,1
325,2.89,-107.71,5.05,2.00,0.9869,19,0,1.00,None,1
326,2.84,-107.58,5.08,2.05,0.9869,19,0,1.00,None,1
327,2.84,-107.58,5.08,2.05,0.9869,19,0,1.00,None,1
328,2.84,-107.58,5.08,2.05,0.9869,19,0,1.00,None,1
329,2.79,-107.45,5.11,2.05,0.9868,19,0,1.00,None,1
330,2.79,-107.45,5.11,2.05,0.9868,19,0,1.00,None,1
331,2.79,-107.45,5.11,2.05,0.9868,19,0,1.00,None,1
332,2.79,-107.45,5.11,2.05,0.9868,19,0,1.00,None,1
333,2.79,-107.45,5.11,2.05,0.9868,19,0,1.00,None,1
334,2.71,-107.26,5.15,2.05,0.9868,19,0,1.00,None,1
335,2.71,-107.26,5.15,2.05,0.9868,19,0,1.00,None,1
336,2.71,-107.26,5.15,2.05,0.9868,19,0,1.00,None,1
337,2.71,-107.26,5.15,2.05,0.9868,19,0,1.00,None,1
338,2.66,-107.13,5.19,2.05,0.9868,19,0,1.00,None,1
339,2.66,-107.13,5.19,2.05,0.9868,19,0,1.00,None,1
340,2.63,-107.06,5.20,2.05,0.9867,19,0,1.00,None,1
341,2.63,-107.06,5.20,2.05,0.9867,19,0,1.00,None,1
342,2.63,-107.06,5.20,2.05,0.9867,19,0,1.00,None,1
343,2.58,-106.95,5.23,2.05,0.9867,19,0,1.00,None,1
344,2.58,-106.95,5.23,2.05,0.9867,19,0,1.00,None,1
345,2.58,-106.95,5.23,2.05,0.9867,19,0,1.00,None,1
346,2.53,-106.82,5.26,2.05,0.9867,19,0,1.00,None,1
347,2.53,-106.82,5.26,2.05,0.9867,19,0,1.00,None,1
348,2.53,-106.82,5.26,2.05,0.9867,19,0,1.00,None,1
349,2.53,-106.82,5.26,2.05,0.9867,19,0,1.00,None,1
350,2.48,-106.70,5.28,2.02,0.9866,19,0,1.00,None,1
351,2.48,-106.70,5.28,2.02,0.9866,19,0,1.00,None,1
352,2.48,-106.70,5.28,2.02,0.9866,19,0,1.00,None,1
353,2.43,-106.57,5.27,2.00,0.9866,19,0,1.00,None,1
354,2.43,-106.57,5.27,2.00,0.9866,19,0,1.00,None,1
355,2.43,-106.57,5.27,2.00,0.9866,19,0,1.00,None,1
356,2.43,-106.57,5.27,2.00,0.9866,19,0,1.00,None,1
357,2.43,-106.57,5.27,2.00,0.9866,19,0,1.00,None,1
358,2.35,-106.38,5.27,2.00,0.9865,19,0,1.00,None,1
359,2.35,-106.38,5.27,2.00,0.9865,19,0,1.00,None,1
360,2.35,-106.38,5.27,2.00,0.9865,19,0,1.00,None,1
361,2.35,-106.38,5.27,2.00,0.9865,19,0,1.00,None,1
362,2.35,-106.38,5.27,2.00,0.9865,19,0,1.00,None,1
363,2.28,-106.19,5.27,2.00,0.9865,19,0,1.00,None,1
364,2.28,-106.19,5.27,2.00,0.9865,19,0,1.00,None,1
365,2.28,-106.19,5.27,2.00,0.9865,19,0,1.00,None,1
366,2.28,-106.19,5.27,2.00,0.9865,19,0,1.00,None,1
367,2.22,-106.06,5.27,2.00,0.9864,19,0,1.00,None,1
368,2.22,-106.06,5.27,2.00,0.9864,19,0,1.00,None,1
369,2.19,-105.98,5.27,2.00,0.9864,19,0,1.00,None,1
370,2.19,-105.98,5.27,2.00,0.9864,19,0,1.00,None,1
371,2.19,-105.98,5.27,2.00,0.9864,19,0,1.00,None,1
372,2.14,-105.85,5.27,2.00,0.9864,19,0,1.00,None,1
373,2.14,-105.85,5.27,2.00,0.9864,19,0,1.00,None,1
374,2.14,-105.85,5.27,2.00,0.9864,19,0,1.00,None,1
375,2.14,-105.85,5.27,2.00,0.9864,19,0,1.00,None,1
376,2.09,-105.73,5.27,2.00,0.9863,19,0,1.00,None,1
377,2.07,-105.68,5.27,2.00,0.9863,19,0,1.00,None,1
378,2.07,-105.68,5.27,2.00,0.9863,19,0,1.00,None,1
379,2.07,-105.68,5.27,2.00,0.9863,19,0,1.00,None,1
380,2.07,-105.68,5.27,2.00,0.9863,19,0,1.00,None,1
381,2.02,-105.55,5.27,2.00,0.9863,19,0,1.00,None,1
382,2.02,-105.55,5.27,2.00,0.9863,19,0,1.00,None,1
383,2.02,-105.55,5.27,2.00,0.9863,19,0,1.00,None,1
384,2.02,-105.55,5.27,2.00,0.9863,19,0,1.00,None,1
385,2.02,-105.55,5.27,2.00,0.9863,19,0,1.00,None,1
386,1.94,-105.35,5.26,2.00,0.9862,19,0,1.00,None,1
387,1.94,-105.35,5.26,2.00,0.9862,19,0,1.00,None,1
388,1.94,-105.35,5.26,2.00,0.9862,19,0,1.00,None,1
389,1.94,-105.35,5.26,2.00,0.9862,19,0,1.00,None,1
390,1.88,-105.22,5.26,2.00,0.9862,19,0,1.00,None,1
391,1.86,-105.16,5.26,2.00,0.9862,19,0,1.00,None,1
392,1.86,-105.16,5.26,2.00,0.9862,19,0,1.00,None,1
393,1.86,-105.16,5.26,2.00,0.9862,19,0,1.00,None,1
394,1.86,-105.16,5.26,2.00,0.9862,19,0,1.00,None,1
395,1.86,-105.16,5.26,2.00,0.9862,19,0,1.00,None,1
396,1.86,-105.16,5.26,2.00,0.9862,19,0,1.00,None,1
397,1.78,-104.96,5.26,2.00,0.9861,19,0,1.00,None,1
398,1.78,-104.96,5.26,2.00,0.9861,19,0,1.00,None,1
399,1.78,-104.96,5.26,2.00,0.9861,19,0,1.00,None,1
400,1.73,-104.84,5.26,2.00,0.9861,19,0,1.00,None,1
401,1.73,-104.84,5.26,2.00,0.9861,19,0,1.00,None,1
402,1.70,-104.77,5.26,2.00,0.9860,19,0,1.00,None,1
403,1.70,-104.77,5.26,2.00,0.9860,19,0,1.00,None,1
404,1.70,-104.77,5.26,2.00,0.9860,19,0,1.00,None,1
405,1.70,-104.77,5.26,2.00,0.9860,19,0,1.00,None,1
406,1.70,-104.77,5.26,2.00,0.9860,19,0,1.00,None,1
407,1.62,-104.57,5.26,2.00,0.9860,19,0,1.00,None,1
408,1.62,-104.57,5.26,2.00,0.9860,19,0,1.00,None,1
409,1.62,-104.57,5.26,2.00,0.9860,19,0,1.00,None,1
410,1.62,-104.57,5.26,2.00,0.9860,19,0,1.00,None,1
411,1.57,-104.44,5.26,2.00,0.9859,19,0,1.00,None,1
412,1.57,-104.44,5.26,2.00,0.9859,19,0,1.00,None,1
413,1.57,-104.44,5.26,2.00,0.9859,19,0,1.00,None,1
414,1.52,-104.31,5.26,2.00,0.9859,19,0,1.00,None,1
415,1.52,-104.31,5.26,2.00,0.9859,19,0,1.00,None,1
416,1.52,-104.31,5.26,2.00,0.9859,19,0,1.00,None,1
417,1.52,-104.31,5.26,2.00,0.9859,19,0,1.00,None,1
418,1.46,-104.18,5.26,2.00,0.9859,19,0,1.00,None,1
419,1.46,-104.18,5.26,2.00,0.9859,19,0,1.00,None,1
420,1.46,-104.18,5.26,2.00,0.9859,19,0,1.00,None,1
421,1.41,-104.05,5.26,2.00,0.9858,19,0,1.00,None,1
422,1.41,-104.05,5.26,2.00,0.9858,19,0,1.00,None,1
423,1.41,-104.05,5.26,2.00,0.9858,19,0,1.00,None,1
424,1.36,-103.93,5.26,2.00,0.9858,19,0,1.00,None,1
425,1.36,-103.93,5.26,2.00,0.9858,19,0,1.00,None,1
426,1.36,-103.93,5.26,2.00,0.9858,19,0,1.00,None,1
427,1.36,-103.93,5.26,2.00,0.9858,19,0,1.00,None,1
428,1.31,-103.80,5.27,2.00,0.9858,19,0,1.00,None,1
429,1.31,-103.80,5.27,2.00,0.9858,19,0,1.00,None,1
430,1.31,-103.80,5.27,2.00,0.9858,19,0,1.00,None,1
431,1.26,-103.67,5.27,2.00,0.9857,19,0,1.00,None,1
432,1.26,-103.67,5.27,2.00,0.9857,19,0,1.00,None,1
433,1.26,-103.67,5.27,2.00,0.9857,19,0,1.00,None,1
434,1.26,-103.67,5.27,2.00,0.9857,19,0,1.00,None,1
435,1.21,-103.55,5.27,2.00,0.9857,19,0,1.00,None,1
436,1.18,-103.49,5.27,2.00,0.9857,19,0,1.00,None,1
437,1.18,-103.49,5.27,2.00,0.9857,19,0,1.00,None,1
438,1.18,-103.49,5.27,2.00,0.9857,19,0,1.00,None,1
439,1.18,-103.49,5.27,2.00,0.9857,19,0,1.00,None,1
440,1.18,-103.49,5.27,2.00,0.9857,19,0,1.00,None,1
441,1.18,-103.49,5.27,2.00,0.9857,19,0,1.00,None,1
442,1.10,-103.29,5.28,2.00,0.9856,19,0,1.00,None,1
443,1.10,-103.29,5.28,2.00,0.9856,19,0,1.00,None,1
444,1.10,-103.29,5.28,2.00,0.9856,19,0,1.00,None,1
445,1.05,-103.16,5.28,2.00,0.9856,19,0,1.00,None,1
446,1.05,-103.16,5.28,2.00,0.9856,19,0,1.00,None,1
447,1.03,-103.10,5.28,2.00,0.9855,19,0,1.00,None,1
448,1.03,-103.10,5.28,2.00,0.9855,19,0,1.00,None,1
449,1.03,-103.10,5.28,2.00,0.9855,19,0,1.00,None,1
450,1.03,-103.10,5.28,2.00,0.9855,19,0,1.00,None,1
451,1.03,-103.10,5.28,2.00,0.9855,19,0,1.00,None,1
452,0.95,-102.90,5.28,2.00,0.9855,19,0,1.00,None,1
453,0.95,-102.90,5.28,2.00,0.9855,19,0,1.00,None,1
454,0.95,-102.90,5.28,2.00,0.9855,19,0,1.00,None,1
455,0.95,-102.90,5.28,2.00,0.9855,19,0,1.00,None,1
456,0.89,-102.77,5.28,2.00,0.9854,19,0,1.00,None,1
457,0.89,-102.77,5.28,2.00,0.9854,19,0,1.00,None,1
458,0.89,-102.77,5.28,2.00,0.9854,19,0,1.00,None,1
459,0.84,-102.64,5.28,2.00,0.9854,19,0,1.00,None,1
460,0.84,-102.64,5.28,2.00,0.9854,19,0,1.00,None,1
461,0.84,-102.64,5.28,2.00,0.9854,19,0,1.00,None,1
462,0.79,-102.52,5.28,2.00,0.9854,19,0,1.00,None,1
463,0.79,-102.52,5.28,2.00,0.9854,19,0,1.00,None,1
464,0.77,-102.47,5.28,2.00,0.9854,19,0,1.00,None,1
465,0.77,-102.47,5.28,2.00,0.9854,19,0,1.00,None,1
466,0.77,-102.47,5.28,2.00,0.9854,19,0,1.00,None,1
467,0.77,-102.47,5.28,2.00,0.9854,19,0,1.00,None,1
468,0.77,-102.47,5.28,2.00,0.9854,19,0,1.00,None,1
469,0.69,-102.27,5.28,2.00,0.9853,19,0,1.00,None,1
470,0.69,-102.27,5.28,2.00,0.9853,19,0,1.00,None,1
471,0.69,-102.27,5.28,2.00,0.9853,19,0,1.00,None,1
472,0.69,-102.27,5.28,2.00,0.9853,19,0,1.00,None,1
473,0.64,-102.14,5.28,2.00,0.9853,19,0,1.00,None,1
474,0.64,-102.14,5.28,2.00,0.9853,19,0,1.00,None,1
475,0.64,-102.14,5.28,2.00,0.9853,19,0,1.00,None,1
476,0.59,-102.01,5.28,2.00,0.9852,19,0,1.00,None,1
477,0.59,-102.01,5.28,2.00,0.9852,19,0,1.00,None,1
478,0.59,-102.01,5.28,2.00,0.9852,19,0,1.00,None,1
479,0.54,-101.89,5.28,2.00,0.9852,19,0,1.00,None,1
480,0.54,-101.89,5.28,2.00,0.9852,19,0,1.00,None,1
481,0.51,-101.83,5.28,2.00,0.9852,19,0,1.00,None,1
482,0.51,-101.83,5.28,2.00,0.9852,19,0,1.00,None,1
483,0.51,-101.83,5.28,2.00,0.9852,19,0,1.00,None,1
484,0.51,-101.83,5.28,2.00,0.9852,19,0,1.00,None,1
485,0.51,-101.83,5.28,2.00,0.9852,19,0,1.00,None,1
486,0.51,-101.83,5.28,2.00,0.9852,19,0,1.00,None,1
487,0.51,-101.83,5.28,2.00,0.9852,19,0,1.00,None,1
488,0.51,-101.83,5.28,2.00,0.9852,19,0,1.00,None,1
489,0.51,-101.83,5.28,2.00,0.9852,19,0,1.00,None,1
490,0.51,-101.83,5.28,2.00,0.9852,19,0,1.00,None,1
491,0.51,-101.83,5.28,2.00,0.9852,19,0,1.00,None,1
492,0.51,-101.83,5.28,2.00,0.9852,19,0,1.00,None,1
493,0.51,-101.83,5.28,2.00,0.9852,19,0,1.00,None,1
494,0.51,-101.83,5.28,2.00,0.9852,19,0,1.00,None,1
495,0.51,-101.83,5.28,2.00,0.9852,19,0,1.00,None,1
496,0.51,-101.83,5.28,2.00,0.9852,19,0,1.00,None,1
497,0.27,-101.23,5.28,2.00,0.9850,19,0,1.00,None,1
498,0.27,-101.23,5.28,2.00,0.9850,19,0,1.00,None,1
499,0.27,-101.23,5.28,2.00,0.9850,19,0,1.00,None,1
500,0.27,-101.23,5.28,2.00,0.9850,19,0,1.00,None,1
501,0.22,-101.10,5.28,2.00,0.9849,19,0,1.00,None,1
502,0.19,-101.03,5.28,2.00,0.9849,19,0,1.00,None,1
503,0.19,-101.03,5.28,2.00,0.9849,19,0,1.00,None,1
504,0.19,-101.03,5.28,2.00,0.9849,19,0,1.00,None,1
505,0.15,-100.93,5.28,2.00,0.9849,19,0,1.00,None,1
506,0.15,-100.93,5.28,2.00,0.9849,19,0,1.00,None,1
507,0.12,-100.86,5.28,2.00,0.9849,19,0,1.00,None,1
508,0.12,-100.86,5.28,2.00,0.9849,19,0,1.00,None,1
509,0.09,-100.79,5.28,2.00,0.9849,19,0,1.00,None,1
510,0.09,-100.79,5.28,2.00,0.9849,19,0,1.00,None,1
511,0.09,-100.79,5.28,2.00,0.9849,19,0,1.00,None,1
512,0.09,-100.79,5.28,2.00,0.9849,19,0,1.00,None,1
513,0.09,-100.79,5.28,2.00,0.9849,19,0,1.00,None,1
514,0.02,-100.60,5.28,2.00,0.9848,19,0,1.00,None,1
515,0.02,-100.60,5.28,2.00,0.9848,19,0,1.00,None,1
516,0.02,-100.60,5.28,2.00,0.9848,19,0,1.00,None,1
517,-0.03,-100.48,5.28,2.00,0.9848,19,0,1.00,None,1
518,-0.03,-100.48,5.28,2.00,0.9848,19,0,1.00,None,1
519,-0.03,-100.48,5.28,2.00,0.9848,19,0,1.00,None,1
520,-0.03,-100.48,5.28,2.00,0.9848,19,0,1.00,None,1
521,-0.03,-100.48,5.28,2.00,0.9848,19,0,1.00,None,1
522,-0.11,-100.30,5.28,2.00,0.9847,19,0,1.00,None,1
523,-0.11,-100.30,5.28,2.00,0.9847,19,0,1.00,None,1
524,-0.14,-100.22,5.28,2.00,0.9847,19,0,1.00,None,1
525,-0.14,-100.22,5.28,2.00,0.9847,19,0,1.00,None,1
526,-0.14,-100.22,5.28,2.00,0.9847,19,0,1.00,None,1
527,-0.14,-100.22,5.28,2.00,0.9847,19,0,1.00,None,1
528,-0.18,-100.10,5.28,2.00,0.9846,19,0,1.00,None,1
529,-0.18,-100.10,5.28,2.00,0.9846,19,0,1.00,None,1
530,-0.18,-100.10,5.28,2.00,0.9846,19,0,1.00,None,1
531,-0.18,-100.10,5.28,2.00,0.9846,19,0,1.00,None,1
532,-0.26,-99.92,5.27,2.00,0.9846,19,0,1.00,None,1
533,-0.26,-99.92,5.27,2.00,0.9846,19,0,1.00,None,1
534,-0.29,-99.85,5.27,2.00,0.9846,19,0,1.00,None,1
535,-0.29,-99.85,5.27,2.00,0.9846,19,0,1.00,None,1
536,-0.29,-99.85,5.27,2.00,0.9846,19,0,1.00,None,1
537,-0.29,-99.85,5.27,2.00,0.9846,19,0,1.00,None,1
538,-0.34,-99.72,5.27,1.99,0.9845,19,0,1.00,None,1
539,-0.34,-99.72,5.27,1.99,0.9845,19,0,1.00,None,1
540,-0.34,-99.72,5.27,1.99,0.9845,19,0,1.00,None,1
541,-0.34,-99.72,5.27,1.99,0.9845,19,0,1.00,None,1
542,-0.34,-99.72,5.27,1.99,0.9845,19,0,1.00,None,1
543,-0.41,-99.53,5.27,2.00,0.9845,19,0,1.00,None,1
544,-0.41,-99.53,5.27,2.00,0.9845,19,0,1.00,None,1
545,-0.41,-99.53,5.27,2.00,0.9845,19,0,1.00,None,1
546,-0.47,-99.40,5.26,1.99,0.9844,19,0,1.00,None,1
547,-0.47,-99.40,5.26,1.99,0.9844,19,0,1.00,None,1
548,-0.50,-99.33,5.26,1.99,0.9844,19,0,1.00,None,1
549,-0.50,-99.33,5.26,1.99,0.9844,19,0,1.00,None,1
550,-0.50,-99.33,5.26,1.99,0.9844,19,0,1.00,None,1
551,-0.50,-99.33,5.26,1.99,0.9844,19,0,1.00,None,1
552,-0.50,-99.33,5.26,1.99,0.9844,19,0,1.00,None,1
553,-0.57,-99.16,5.26,1.99,0.9844,19,0,1.00,None,1
554,-0.57,-99.16,5.26,1.99,0.9844,19,0,1.00,None,1
555,-0.60,-99.08,5.26,1.99,0.9843,19,0,1.00,None,1
556,-0.60,-99.08,5.26,1.99,0.9843,19,0,1.00,None,1
557,-0.60,-99.08,5.26,1.99,0.9843,19,0,1.00,None,1
558,-0.60,-99.08,5.26,1.99,0.9843,19,0,1.00,None,1
559,-0.65,-98.95,5.26,2.00,0.9843,19,0,1.00,None,1
560,-0.65,-98.95,5.26,2.00,0.9843,19,0,1.00,None,1
561,-0.65,-98.95,5.26,2.00,0.9843,19,0,1.00,None,1
562,-0.70,-98.83,5.25,1.99,0.9843,19,0,1.00,None,1
563,-0.70,-98.83,5.25,1.99,0.9843,19,0,1.00,None,1
564,-0.73,-98.76,5.25,1.99,0.9842,19,0,1.00,None,1
565,-0.73,-98.76,5.25,1.99,0.9842,19,0,1.00,None,1
566,-0.73,-98.76,5.25,1.99,0.9842,19,0,1.00,None,1
567,-0.73,-98.76,5.25,1.99,0.9842,19,0,1.00,None,1
568,-0.73,-98.76,5.25,1.99,0.9842,19,0,1.00,None,1
569,-0.81,-98.56,5.25,1.99,0.9842,19,0,1.00,None,1
570,-0.81,-98.56,5.25,1.99,0.9842,19,0,1.00,None,1
571,-0.81,-98.56,5.25,1.99,0.9842,19,0,1.00,None,1
572,-0.81,-98.56,5.25,1.99,0.9842,19,0,1.00,None,1
573,-0.81,-98.56,5.25,1.99,0.9842,19,0,1.00,None,1
574,-0.88,-98.38,5.24,1.99,0.9841,19,0,1.00,None,1
575,-0.88,-98.38,5.24,1.99,0.9841,19,0,1.00,None,1
576,-0.88,-98.38,5.24,1.99,0.9841,19,0,1.00,None,1
577,-0.88,-98.38,5.24,1.99,0.9841,19,0,1.00,None,1
578,-0.94,-98.24,5.24,1.99,0.9841,19,0,1.00,None,1
579,-0.94,-98.24,5.24,1.99,0.9841,19,0,1.00,None,1
580,-0.94,-98.24,5.24,1.99,0.9841,19,0,1.00,None,1
581,-0.99,-98.12,5.24,1.99,0.9841,19,0,1.00,None,1
582,-0.99,-98.12,5.24,1.99,0.9841,19,0,1.00,None,1
583,-0.99,-98.12,5.24,1.99,0.9841,19,0,1.00,None,1
584,-0.99,-98.12,5.24,1.99,0.9841,19,0,1.00,None,1
585,-1.04,-97.99,5.24,1.99,0.9840,19,0,1.00,None,1
586,-1.04,-97.99,5.24,1.99,0.9840,19,0,1.00,None,1
587,-1.04,-97.99,5.24,1.99,0.9840,19,0,1.00,None,1
588,-1.04,-97.85,5.24,2.00,0.9840,19,0,1.00,None,1
589,-1.04,-97.85,5.24,2.00,0.9840,19,0,1.00,None,1
590,-1.04,-97.85,5.24,2.00,0.9840,19,0,1.00,None,1
591,-1.04,-97.85,5.24,2.00,0.9840,19,0,1.00,None,1
592,-1.05,-97.71,5.24,2.00,0.9839,19,0,1.00,None,1
593,-1.05,-97.71,5.24,2.00,0.9839,19,0,1.00,None,1
594,-1.05,-97.71,5.24,2.00,0.9839,19,0,1.00,None,1
595,-1.06,-97.57,5.24,2.00,0.9839,19,0,1.00,None,1
596,-1.06,-97.57,5.24,2.00,0.9839,19,0,1.00,None,1
597,-1.06,-97.57,5.24,2.00,0.9839,19,0,1.00,None,1
598,-1.06,-97.57,5.24,2.00,0.9839,19,0,1.00,None,1
599,-1.07,-97.43,5.25,2.00,0.9839,19,0,1.00,None,1
600,-1.07,-97.43,5.25,2.00,0.9839,19,0,1.00,None,1
601,-1.07,-97.43,5.25,2.00,0.9839,19,0,1.00,None,1
602,-1.08,-97.29,5.25,2.00,0.9838,19,0,1.00,None,1
603,-1.08,-97.29,5.25,2.00,0.9838,19,0,1.00,None,1
604,-1.08,-97.22,5.25,2.00,0.9838,19,0,1.00,None,1
605,-1.08,-97.22,5.25,2.00,0.9838,19,0,1.00,None,1
606,-1.08,-97.22,5.25,2.00,0.9838,19,0,1.00,None,1
607,-1.08,-97.22,5.25,2.00,0.9838,19,0,1.00,None,1
608,-1.09,-97.08,5.25,2.00,0.9838,19,0,1.00,None,1
609,-1.09,-97.08,5.25,2.00,0.9838,19,0,1.00,None,1
610,-1.09,-97.08,5.25,2.00,0.9838,19,0,1.00,None,1
611,-1.09,-97.08,5.25,2.00,0.9838,19,0,1.00,None,1
612,-1.09,-97.08,5.25,2.00,0.9838,19,0,1.00,None,1
613,-1.10,-96.87,5.25,2.00,0.9837,19,0,1.00,None,1
614,-1.10,-96.87,5.25,2.00,0.9837,19,0,1.00,None,1
615,-1.10,-96.87,5.25,2.00,0.9837,19,0,1.00,None,1
616,-1.11,-96.74,5.25,2.00,0.9837,19,0,1.00,None,1
617,-1.11,-96.74,5.25,2.00,0.9837,19,0,1.00,None,1
618,-1.11,-96.74,5.25,2.00,0.9837,19,0,1.00,None,1
619,-1.11,-96.74,5.25,2.00,0.9837,19,0,1.00,None,1
620,-1.12,-96.60,5.25,2.00,0.9836,19,0,1.00,None,1
621,-1.12,-96.60,5.25,2.00,0.9836,19,0,1.00,None,1
622,-1.12,-96.60,5.25,2.00,0.9836,19,0,1.00,None,1
623,-1.13,-96.46,5.25,2.00,0.9836,19,0,1.00,None,1
624,-1.13,-96.46,5.25,2.00,0.9836,19,0,1.00,None,1
625,-1.13,-96.46,5.25,2.00,0.9836,19,0,1.00,None,1
626,-1.13,-96.46,5.25,2.00,0.9836,19,0,1.00,None,1
627,-1.14,-96.32,5.25,2.00,0.9835,19,0,1.00,None,1
628,-1.14,-96.32,5.25,2.00,0.9835,19,0,1.00,None,1
629,-1.14,-96.24,5.25,2.00,0.9835,19,0,1.00,None,1
630,-1.14,-96.24,5.25,2.00,0.9835,19,0,1.00,None,1
631,-1.15,-96.14,5.25,2.00,0.9835,19,0,1.00,None,1
632,-1.15,-96.14,5.25,2.00,0.9835,19,0,1.00,None,1
633,-1.15,-96.14,5.25,2.00,0.9835,19,0,1.00,None,1
634,-1.15,-96.14,5.25,2.00,0.9835,19,0,1.00,None,1
635,-1.15,-96.14,5.25,2.00,0.9835,19,0,1.00,None,1
636,-1.16,-95.96,5.25,2.00,0.9834,19,0,1.00,None,1
637,-1.16,-95.96,5.25,2.00,0.9834,19,0,1.00,None,1
638,-1.16,-95.96,5.25,2.00,0.9834,19,0,1.00,None,1
639,-1.16,-95.96,5.25,2.00,0.9834,19,0,1.00,None,1
640,-1.16,-95.96,5.25,2.00,0.9834,19,0,1.00,None,1
641,-1.17,-95.76,5.25,2.00,0.9834,19,0,1.00,None,1
642,-1.17,-95.76,5.25,2.00,0.9834,19,0,1.00,None,1
643,-1.17,-95.76,5.25,2.00,0.9834,19,0,1.00,None,1
644,-1.18,-95.62,5.25,2.00,0.9834,19,0,1.00,None,1
645,-1.18,-95.62,5.25,2.00,0.9834,19,0,1.00,None,1
646,-1.18,-95.62,5.25,2.00,0.9834,19,0,1.00,None,1
647,-1.18,-95.62,5.25,2.00,0.9834,19,0,1.00,None,1
648,-1.19,-95.48,5.25,2.00,0.9833,19,0,1.00,None,1
649,-1.19,-95.48,5.25,2.00,0.9833,19,0,1.00,None,1
650,-1.19,-95.48,5.25,2.00,0.9833,19,0,1.00,None,1
651,-1.20,-95.34,5.25,2.00,0.9833,19,0,1.00,None,1
652,-1.20,-95.34,5.25,2.00,0.9833,19,0,1.00,None,1
653,-1.20,-95.34,5.25,2.00,0.9833,19,0,1.00,None,1
654,-1.20,-95.34,5.25,2.00,0.9833,19,0,1.00,None,1
655,-1.20,-95.20,5.25,2.00,0.9832,19,0,1.00,None,1
656,-1.20,-95.20,5.25,2.00,0.9832,19,0,1.00,None,1
657,-1.20,-95.20,5.25,2.00,0.9832,19,0,1.00,None,1
658,-1.21,-95.06,5.25,2.00,0.9832,19,0,1.00,None,1
659,-1.21,-95.06,5.25,2.00,0.9832,19,0,1.00,None,1
660,-1.21,-95.06,5.25,2.00,0.9832,19,0,1.00,None,1
661,-1.21,-95.06,5.25,2.00,0.9832,19,0,1.00,None,1
662,-1.22,-94.92,5.25,2.00,0.9832,19,0,1.00,None,1
663,-1.22,-94.92,5.25,2.00,0.9832,19,0,1.00,None,1
664,-1.22,-94.92,5.25,2.00,0.9832,19,0,1.00,None,1
665,-1.23,-94.78,5.25,2.00,0.9831,19,0,1.00,None,1
666,-1.23,-94.78,5.25,2.00,0.9831,19,0,1.00,None,1
667,-1.23,-94.78,5.25,2.00,0.9831,19,0,1.00,None,1
668,-1.23,-94.78,5.25,2.00,0.9831,19,0,1.00,None,1
669,-1.24,-94.64,5.25,2.00,0.9831,19,0,1.00,None,1
670,-1.24,-94.64,5.25,2.00,0.9831,19,0,1.00,None,1
671,-1.24,-94.64,5.25,2.00,0.9831,19,0,1.00,None,1
672,-1.25,-94.51,5.25,2.00,0.9830,19,0,1.00,None,1
673,-1.25,-94.51,5.25,2.00,0.9830,19,0,1.00,None,1
674,-1.25,-94.51,5.25,2.00,0.9830,19,0,1.00,None,1
675,-1.25,-94.37,5.25,2.00,0.9830,19,0,1.00,None,1
676,-1.25,-94.37,5.25,2.00,0.9830,19,0,1.00,None,1
677,-1.25,-94.37,5.25,2.00,0.9830,19,0,1.00,None,1
678,-1.25,-94.37,5.25,2.00,0.9830,19,0,1.00,None,1
679,-1.26,-94.23,5.25,2.00,0.9830,19,0,1.00,None,1
680,-1.26,-94.23,5.25,2.00,0.9830,19,0,1.00,None,1
681,-1.26,-94.23,5.25,2.00,0.9830,19,0,1.00,None,1
682,-1.27,-94.09,5.25,2.00,0.9829,19,0,1.00,None,1
683,-1.27,-94.09,5.25,2.00,0.9829,19,0,1.00,None,1
684,-1.27,-94.09,5.25,2.00,0.9829,19,0,1.00,None,1
685,-1.27,-94.09,5.25,2.00,0.9829,19,0,1.00,None,1
686,-1.28,-93.95,5.25,2.00,0.9829,19,0,1.00,None,1
687,-1.28,-93.95,5.25,2.00,0.9829,19,0,1.00,None,1
688,-1.28,-93.95,5.25,2.00,0.9829,19,0,1.00,None,1
689,-1.29,-93.81,5.25,2.00,0.9828,19,0,1.00,None,1
690,-1.29,-93.81,5.25,2.00,0.9828,19,0,1.00,None,1
691,-1.29,-93.81,5.25,2.00,0.9828,19,0,1.00,None,1
692,-1.29,-93.81,5.25,2.00,0.9828,19,0,1.00,None,1
693,-1.30,-93.67,5.25,2.00,0.9828,19,0,1.00,None,1
694,-1.30,-93.67,5.25,2.00,0.9828,19,0,1.00,None,1
695,-1.30,-93.67,5.25,2.00,0.9828,19,0,1.00,None,1
696,-1.31,-93.53,5.25,2.00,0.9828,19,0,1.00,None,1
697,-1.31,-93.53,5.25,2.00,0.9828,19,0,1.00,None,1
698,-1.31,-93.46,5.25,2.00,0.9828,19,0,1.00,None,1
699,-1.31,-93.46,5.25,2.00,0.9828,19,0,1.00,None,1
700,-1.31,-93.46,5.25,2.00,0.9828,19,0,1.00,None,1
701,-1.31,-93.46,5.25,2.00,0.9828,19,0,1.00,None,1
702,-1.32,-93.32,5.25,2.00,0.9827,19,0,1.00,None,1
703,-1.32,-93.32,5.25,2.00,0.9827,19,0,1.00,None,1
704,-1.32,-93.32,5.25,2.00,0.9827,19,0,1.00,None,1
705,-1.32,-93.32,5.25,2.00,0.9827,19,0,1.00,None,1
706,-1.32,-93.32,5.25,2.00,0.9827,19,0,1.00,None,1
707,-1.33,-93.12,5.25,2.00,0.9827,19,0,1.00,None,1
708,-1.33,-93.12,5.25,2.00,0.9827,19,0,1.00,None,1
709,-1.33,-93.04,5.25,2.00,0.9826,19,0,1.00,None,1
710,-1.33,-93.04,5.25,2.00,0.9826,19,0,1.00,None,1
711,-1.34,-92.97,5.25,2.00,0.9826,19,0,1.00,None,1
712,-1.34,-92.97,5.25,2.00,0.9826,19,0,1.00,None,1
713,-1.34,-92.97,5.25,2.00,0.9826,19,0,1.00,None,1
714,-1.34,-92.97,5.25,2.00,0.9826,19,0,1.00,None,1
715,-1.34,-92.97,5.25,2.00,0.9826,19,0,1.00,None,1
716,-1.35,-92.76,5.25,2.00,0.9826,19,0,1.00,None,1
717,-1.35,-92.76,5.25,2.00,0.9826,19,0,1.00,None,1
718,-1.35,-92.76,5.25,2.00,0.9826,19,0,1.00,None,1
719,-1.35,-92.76,5.25,2.00,0.9826,19,0,1.00,None,1
720,-1.35,-92.76,5.25,2.00,0.9826,19,0,1.00,None,1
721,-1.36,-92.57,5.25,2.00,0.9825,19,0,1.00,None,1
722,-1.36,-92.57,5.25,2.00,0.9825,19,0,1.00,None,1
723,-1.36,-92.57,5.25,2.00,0.9825,19,0,1.00,None,1
724,-1.37,-92.43,5.25,2.00,0.9825,19,0,1.00,None,1
725,-1.37,-92.43,5.25,2.00,0.9825,19,0,1.00,None,1
726,-1.37,-92.43,5.25,2.00,0.9825,19,0,1.00,None,1
727,-1.38,-92.29,5.25,2.00,0.9824,19,0,1.00,None,1
728,-1.38,-92.29,5.25,2.00,0.9824,19,0,1.00,None,1
729,-1.38,-92.21,5.25,2.00,0.9824,19,0,1.00,None,1
730,-1.38,-92.21,5.25,2.00,0.9824,19,0,1.00,None,1
731,-1.38,-92.21,5.25,2.00,0.9824,19,0,1.00,None,1
732,-1.38,-92.21,5.25,2.00,0.9824,19,0,1.00,None,1
733,-1.39,-92.07,5.25,2.00,0.9824,19,0,1.00,None,1
734,-1.39,-92.07,5.25,2.00,0.9824,19,0,1.00,None,1
735,-1.39,-92.07,5.25,2.00,0.9824,19,0,1.00,None,1
736,-1.40,-91.94,5.25,2.00,0.9823,19,0,1.00,None,1
737,-1.40,-91.94,5.25,2.00,0.9823,19,0,1.00,None,1
738,-1.41,-91.86,5.25,2.00,0.9823,19,0,1.00,None,1
739,-1.41,-91.86,5.25,2.00,0.9823,19,0,1.00,None,1
740,-1.41,-91.86,5.25,2.00,0.9823,19,0,1.00,None,1
741,-1.41,-91.86,5.25,2.00,0.9823,19,0,1.00,None,1
742,-1.41,-91.86,5.25,2.00,0.9823,19,0,1.00,None,1
743,-1.42,-91.66,5.25,2.00,0.9823,19,0,1.00,None,1
744,-1.42,-91.66,5.25,2.00,0.9823,19,0,1.00,None,1
745,-1.42,-91.66,5.25,2.00,0.9823,19,0,1.00,None,1
746,-1.42,-91.66,5.25,2.00,0.9823,19,0,1.00,None,1
747,-1.43,-91.52,5.25,2.00,0.9822,19,0,1.00,None,1
748,-1.43,-91.52,5.25,2.00,0.9822,19,0,1.00,None,1
749,-1.43,-91.52,5.25,2.00,0.9822,19,0,1.00,None,1
750,-1.44,-91.38,5.25,2.00,0.9822,19,0,1.00,None,1
751,-1.44,-91.38,5.25,2.00,0.9822,19,0,1.00,None,1
752,-1.44,-91.38,5.25,2.00,0.9822,19,0,1.00,None,1
753,-1.44,-91.38,5.25,2.00,0.9822,19,0,1.00,None,1
754,-1.44,-91.25,5.25,2.00,0.9821,19,0,1.00,None,1
755,-1.44,-91.25,5.25,2.00,0.9821,19,0,1.00,None,1
756,-1.45,-91.15,5.25,2.00,0.9821,19,0,1.00,None,1
757,-1.45,-91.15,5.25,2.00,0.9821,19,0,1.00,None,1
758,-1.45,-91.15,5.25,2.00,0.9821,19,0,1.00,None,1
759,-1.45,-91.15,5.25,2.00,0.9821,19,0,1.00,None,1
760,-1.45,-91.15,5.25,2.00,0.9821,19,0,1.00,None,1
761,-1.45,-91.15,5.25,2.00,0.9821,19,0,1.00,None,1
762,-1.45,-91.15,5.25,2.00,0.9821,19,0,1.00,None,1
763,-1.47,-90.88,5.25,2.00,0.9820,19,0,1.00,None,1
764,-1.47,-90.88,5.25,2.00,0.9820,19,0,1.00,None,1
765,-1.47,-90.88,5.25,2.00,0.9820,19,0,1.00,None,1
766,-1.47,-90.76,5.25,2.00,0.9820,19,0,1.00,None,1
767,-1.47,-90.76,5.25,2.00,0.9820,19,0,1.00,None,1
768,-1.47,-90.76,5.25,2.00,0.9820,19,0,1.00,None,1
769,-1.47,-90.76,5.25,2.00,0.9820,19,0,1.00,None,1
770,-1.48,-90.61,5.25,2.00,0.9820,19,0,1.00,None,1
771,-1.48,-90.61,5.25,2.00,0.9820,19,0,1.00,None,1
772,-1.48,-90.61,5.25,2.00,0.9820,19,0,1.00,None,1
773,-1.49,-90.48,5.25,2.00,0.9819,19,0,1.00,None,1
774,-1.49,-90.48,5.25,2.00,0.9819,19,0,1.00,None,1
775,-1.49,-90.48,5.25,2.00,0.9819,19,0,1.00,None,1
776,-1.50,-90.34,5.25,2.00,0.9819,19,0,1.00,None,1
777,-1.50,-90.34,5.25,2.00,0.9819,19,0,1.00,None,1
778,-1.50,-90.34,5.25,2.00,0.9819,19,0,1.00,None,1
779,-1.50,-90.34,5.25,2.00,0.9819,19,0,1.00,None,1
780,-1.51,-90.20,5.25,2.00,0.9818,19,0,1.00,None,1
781,-1.51,-90.20,5.25,2.00,0.9818,19,0,1.00,None,1
782,-1.51,-90.13,5.25,2.00,0.9818,19,0,1.00,None,1
783,-1.52,-90.05,5.25,2.00,0.9818,19,0,1.00,None,1
784,-1.52,-90.05,5.25,2.00,0.9818,19,0,1.00,None,1
785,-1.52,-90.05,5.25,2.00,0.9818,19,0,1.00,None,1
786,-1.52,-90.05,5.25,2.00,0.9818,19,0,1.00,None,1
787,-1.52,-89.93,5.25,2.00,0.9818,19,0,1.00,None,1
788,-1.52,-89.93,5.25,2.00,0.9818,19,0,1.00,None,1
789,-1.52,-89.93,5.25,2.00,0.9818,19,0,1.00,None,1
790,-1.52,-89.93,5.25,2.00,0.9818,19,0,1.00,None,1
791,-1.52,-89.93,5.25,2.00,0.9818,19,0,1.00,None,1
792,-1.54,-89.71,5.25,2.00,0.9817,19,0,1.00,None,1
793,-1.54,-89.71,5.25,2.00,0.9817,19,0,1.00,None,1
794,-1.54,-89.71,5.25,2.00,0.9817,19,0,1.00,None,1
795,-1.54,-89.71,5.25,2.00,0.9817,19,0,1.00,None,1
796,-1.54,-89.71,5.25,2.00,0.9817,19,0,1.00,None,1
797,-1.55,-89.51,5.25,2.00,0.9817,19,0,1.00,None,1
798,-1.55,-89.51,5.25,2.00,0.9817,19,0,1.00,None,1
799,-1.55,-89.51,5.25,2.00,0.9817,19,0,1.00,None,1
800,-1.55,-89.51,5.25,2.00,0.9817,19,0,1.00,None,1
801,-1.56,-89.37,5.25,2.00,0.9816,19,0,1.00,None,1
802,-1.56,-89.37,5.25,2.00,0.9816,19,0,1.00,None,1
803,-1.56,-89.37,5.25,2.00,0.9816,19,0,1.00,None,1
804,-1.56,-89.24,5.25,2.00,0.9816,19,0,1.00,None,1
805,-1.56,-89.24,5.25,2.00,0.9816,19,0,1.00,None,1
806,-1.57,-89.16,5.25,2.00,0.9816,19,0,1.00,None,1
807,-1.57,-89.16,5.25,2.00,0.9816,19,0,1.00,None,1
808,-1.57,-89.16,5.25,2.00,0.9816,19,0,1.00,None,1
809,-1.58,-89.02,5.25,2.00,0.9815,19,0,1.00,None,1
810,-1.58,-89.02,5.25,2.00,0.9815,19,0,1.00,None,1
811,-1.58,-89.02,5.25,2.00,0.9815,19,0,1.00,None,1
812,-1.58,-89.02,5.25,2.00,0.9815,19,0,1.00,None,1
813,-1.58,-89.02,5.25,2.00,0.9815,19,0,1.00,None,1
814,-1.59,-88.82,5.26,2.00,0.9815,19,0,1.00,None,1
815,-1.59,-88.82,5.26,2.00,0.9815,19,0,1.00,None,1
816,-1.59,-88.82,5.26,2.00,0.9815,19,0,1.00,None,1
817,-1.59,-88.82,5.26,2.00,0.9815,19,0,1.00,None,1
818,-1.60,-88.68,5.26,2.00,0.9814,19,0,1.00,None,1
819,-1.60,-88.68,5.26,2.00,0.9814,19,0,1.00,None,1
820,-1.60,-88.68,5.26,2.00,0.9814,19,0,1.00,None,1
821,-1.61,-88.54,5.26,2.00,0.9814,19,0,1.00,None,1
822,-1.61,-88.54,5.26,2.00,0.9814,19,0,1.00,None,1
823,-1.61,-88.54,5.26,2.00,0.9814,19,0,1.00,None,1
824,-1.61,-88.54,5.26,2.00,0.9814,19,0,1.00,None,1
825,-1.62,-88.40,5.26,2.00,0.9813,19,0,1.00,None,1
826,-1.62,-88.40,5.26,2.00,0.9813,19,0,1.00,None,1
827,-1.62,-88.40,5.26,2.00,0.9813,19,0,1.00,None,1
828,-1.62,-88.27,5.26,2.00,0.9813,19,0,1.00,None,1
829,-1.62,-88.27,5.26,2.00,0.9813,19,0,1.00,None,1
830,-1.62,-88.27,5.26,2.00,0.9813,19,0,1.00,None,1
831,-1.62,-88.27,5.26,2.00,0.9813,19,0,1.00,None,1
832,-1.63,-88.13,5.26,2.00,0.9813,19,0,1.00,None,1
833,-1.64,-88.06,5.26,2.00,0.9812,19,0,1.00,None,1
834,-1.64,-88.06,5.26,2.00,0.9812,19,0,1.00,None,1
835,-1.64,-88.06,5.26,2.00,0.9812,19,0,1.00,None,1
836,-1.64,-88.06,5.26,2.00,0.9812,19,0,1.00,None,1
837,-1.64,-87.92,5.26,2.00,0.9812,19,0,1.00,None,1
838,-1.64,-87.92,5.26,2.00,0.9812,19,0,1.00,None,1
839,-1.64,-87.92,5.26,2.00,0.9812,19,0,1.00,None,1
840,-1.64,-87.92,5.26,2.00,0.9812,19,0,1.00,None,1
841,-1.64,-87.92,5.26,2.00,0.9812,19,0,1.00,None,1
842,-1.66,-87.73,5.26,2.00,0.9812,19,0,1.00,None,1
843,-1.66,-87.73,5.26,2.00,0.9812,19,0,1.00,None,1
844,-1.66,-87.73,5.26,2.00,0.9812,19,0,1.00,None,1
845,-1.66,-87.60,5.26,2.00,0.9811,19,0,1.00,None,1
846,-1.66,-87.60,5.26,2.00,0.9811,19,0,1.00,None,1
847,-1.66,-87.60,5.26,2.00,0.9811,19,0,1.00,None,1
848,-1.67,-87.48,5.26,2.00,0.9811,19,0,1.00,None,1
849,-1.67,-87.48,5.26,2.00,0.9811,19,0,1.00,None,1
850,-1.67,-87.48,5.26,2.00,0.9811,19,0,1.00,None,1
851,-1.68,-87.35,5.26,2.00,0.9811,19,0,1.00,None,1
852,-1.68,-87.35,5.26,2.00,0.9811,19,0,1.00,None,1
853,-1.68,-87.35,5.26,2.00,0.9811,19,0,1.00,None,1
854,-1.69,-87.22,5.26,2.00,0.9810,19,0,1.00,None,1
855,-1.69,-87.22,5.26,2.00,0.9810,19,0,1.00,None,1
856,-1.69,-87.22,5.26,2.00,0.9810,19,0,1.00,None,1
857,-1.69,-87.22,5.26,2.00,0.9810,19,0,1.00,None,1
858,-1.69,-87.09,5.26,2.00,0.9810,19,0,1.00,None,1
859,-1.69,-87.09,5.26,2.00,0.9810,19,0,1.00,None,1
860,-1.69,-87.09,5.26,2.00,0.9810,19,0,1.00,None,1
861,-1.70,-86.97,5.26,2.00,0.9809,19,0,1.00,None,1
862,-1.70,-86.97,5.26,2.00,0.9809,19,0,1.00,None,1
863,-1.70,-86.97,5.26,2.00,0.9809,19,0,1.00,None,1
864,-1.71,-86.84,5.26,2.00,0.9809,19,0,1.00,None,1
865,-1.71,-86.84,5.26,2.00,0.9809,19,0,1.00,None,1
866,-1.71,-86.84,5.26,2.00,0.9809,19,0,1.00,None,1
867,-1.72,-86.71,5.26,2.00,0.9809,19,0,1.00,None,1
868,-1.72,-86.71,5.26,2.00,0.9809,19,0,1.00,None,1
869,-1.72,-86.71,5.26,2.00,0.9809,19,0,1.00,None,1
870,-1.72,-86.59,5.26,2.00,0.9808,19,0,1.00,None,1
871,-1.72,-86.59,5.26,2.00,0.9808,19,0,1.00,None,1
872,-1.72,-86.59,5.26,2.00,0.9808,19,0,1.00,None,1
873,-1.73,-86.46,5.26,2.00,0.9808,19,0,1.00,None,1
874,-1.73,-86.46,5.26,2.00,0.9808,19,0,1.00,None,1
875,-1.74,-86.39,5.26,2.00,0.9808,19,0,1.00,None,1
876,-1.74,-86.39,5.26,2.00,0.9808,19,0,1.00,None,1
877,-1.74,-86.32,5.26,2.00,0.9808,19,0,1.00,None,1
878,-1.74,-86.32,5.26,2.00,0.9808,19,0,1.00,None,1
879,-1.74,-86.32,5.26,2.00,0.9808,19,0,1.00,None,1
880,-1.74,-86.32,5.26,2.00,0.9808,19,0,1.00,None,1
881,-1.74,-86.32,5.26,2.00,0.9808,19,0,1.00,None,1
882,-1.75,-86.14,5.26,2.00,0.9807,19,0,1.00,None,1
883,-1.75,-86.14,5.26,2.00,0.9807,19,0,1.00,None,1
884,-1.75,-86.14,5.26,2.00,0.9807,19,0,1.00,None,1
885,-1.75,-86.14,5.26,2.00,0.9807,19,0,1.00,None,1
886,-1.76,-85.95,5.26,2.00,0.9807,19,0,1.00,None,1
887,-1.76,-85.95,5.26,2.00,0.9807,19,0,1.00,None,1
888,-1.76,-85.95,5.26,2.00,0.9807,19,0,1.00,None,1
889,-1.77,-85.83,5.26,2.00,0.9806,19,0,1.00,None,1
890,-1.77,-85.83,5.26,2.00,0.9806,19,0,1.00,None,1
891,-1.77,-85.83,5.26,2.00,0.9806,19,0,1.00,None,1
892,-1.78,-85.70,5.26,2.00,0.9806,19,0,1.00,None,1
893,-1.78,-85.70,5.26,2.00,0.9806,19,0,1.00,None,1
894,-1.78,-85.63,5.26,2.00,0.9806,19,0,1.00,None,1
895,-1.78,-85.63,5.26,2.00,0.9806,19,0,1.00,None,1
896,-1.78,-85.63,5.26,2.00,0.9806,19,0,1.00,None,1
897,-1.79,-85.50,5.26,2.00,0.9805,19,0,1.00,None,1
898,-1.79,-85.50,5.26,2.00,0.9805,19,0,1.00,None,1
899,-1.79,-85.50,5.26,2.00,0.9805,19,0,1.00,None,1
900,-1.79,-85.50,5.26,2.00,0.9805,19,0,1.00,None,1
901,-1.79,-85.50,5.26,2.00,0.9805,19,0,1.00,None,1
902,-1.80,-85.33,5.26,2.00,0.9805,19,0,1.00,None,1
903,-1.80,-85.33,5.26,2.00,0.9805,19,0,1.00,None,1
904,-1.80,-85.33,5.26,2.00,0.9805,19,0,1.00,None,1
905,-1.81,-85.20,5.26,2.00,0.9805,19,0,1.00,None,1
906,-1.81,-85.20,5.26,2.00,0.9805,19,0,1.00,None,1
907,-1.81,-85.20,5.26,2.00,0.9805,19,0,1.00,None,1
908,-1.82,-85.07,5.26,2.00,0.9804,19,0,1.00,None,1
909,-1.82,-85.07,5.26,2.00,0.9804,19,0,1.00,None,1
910,-1.82,-85.07,5.26,2.00,0.9804,19,0,1.00,None,1
911,-1.82,-85.07,5.26,2.00,0.9804,19,0,1.00,None,1
912,-1.82,-84.94,5.26,2.00,0.9804,19,0,1.00,None,1
913,-1.82,-84.94,5.26,2.00,0.9804,19,0,1.00,None,1
914,-1.82,-84.94,5.26,2.00,0.9804,19,0,1.00,None,1
915,-1.83,-84.82,5.26,2.00,0.9803,19,0,1.00,None,1
916,-1.83,-84.82,5.26,2.00,0.9803,19,0,1.00,None,1
917,-1.83,-84.82,5.26,2.00,0.9803,19,0,1.00,None,1
918,-1.84,-84.69,5.26,2.00,0.9803,19,0,1.00,None,1
919,-1.84,-84.69,5.26,2.00,0.9803,19,0,1.00,None,1
920,-1.84,-84.69,5.26,2.00,0.9803,19,0,1.00,None,1
921,-1.85,-84.57,5.26,2.00,0.9803,19,0,1.00,None,1
922,-1.85,-84.57,5.26,2.00,0.9803,19,0,1.00,None,1
923,-1.85,-84.49,5.26,2.00,0.9803,19,0,1.00,None,1
924,-1.85,-84.49,5.26,2.00,0.9803,19,0,1.00,None,1
925,-1.85,-84.49,5.26,2.00,0.9803,19,0,1.00,None,1
926,-1.86,-84.36,5.26,2.00,0.9802,19,0,1.00,None,1
927,-1.86,-84.36,5.26,2.00,0.9802,19,0,1.00,None,1
928,-1.86,-84.36,5.26,2.00,0.9802,19,0,1.00,None,1
929,-1.87,-84.24,5.26,2.00,0.9802,19,0,1.00,None,1
930,-1.87,-84.24,5.26,2.00,0.9802,19,0,1.00,None,1
931,-1.87,-84.24,5.26,2.00,0.9802,19,0,1.00,None,1
932,-1.87,-84.11,5.26,2.00,0.9801,19,0,1.00,None,1
933,-1.87,-84.11,5.26,2.00,0.9801,19,0,1.00,None,1
934,-1.87,-84.11,5.26,2.00,0.9801,19,0,1.00,None,1
935,-1.87,-84.11,5.26,2.00,0.9801,19,0,1.00,None,1
936,-1.87,-84.11,5.26,2.00,0.9801,19,0,1.00,None,1
937,-1.89,-83.93,5.26,2.00,0.9801,19,0,1.00,None,1
938,-1.89,-83.93,5.26,2.00,0.9801,19,0,1.00,None,1
939,-1.89,-83.93,5.26,2.00,0.9801,19,0,1.00,None,1
940,-1.89,-83.80,5.26,2.00,0.9801,19,0,1.00,None,1
941,-1.89,-83.80,5.26,2.00,0.9801,19,0,1.00,None,1
942,-1.89,-83.80,5.26,2.00,0.9801,19,0,1.00,None,1
943,-1.90,-83.68,5.26,2.00,0.9800,19,0,1.00,None,1
944,-1.90,-83.68,5.26,2.00,0.9800,19,0,1.00,None,1
945,-1.90,-83.68,5.26,2.00,0.9800,19,0,1.00,None,1
946,-1.91,-83.55,5.26,2.00,0.9800,19,0,1.00,None,1
947,-1.91,-83.55,5.26,2.00,0.9800,19,0,1.00,None,1
948,-1.91,-83.55,5.26,2.00,0.9800,19,0,1.00,None,1
949,-1.91,-83.55,5.26,2.00,0.9800,19,0,1.00,None,1
950,-1.92,-83.42,5.26,2.00,0.9800,19,0,1.00,None,1
951,-1.92,-83.42,5.26,2.00,0.9800,19,0,1.00,None,1
952,-1.92,-83.42,5.26,2.00,0.9800,19,0,1.00,None,1
953,-1.92,-83.30,5.26,2.00,0.9799,19,0,1.00,None,1
954,-1.92,-83.30,5.26,2.00,0.9799,19,0,1.00,None,1
955,-1.92,-83.30,5.26,2.00,0.9799,19,0,1.00,None,1
956,-1.93,-83.17,5.26,2.00,0.9799,19,0,1.00,None,1
957,-1.93,-83.17,5.26,2.00,0.9799,19,0,1.00,None,1
958,-1.93,-83.17,5.26,2.00,0.9799,19,0,1.00,None,1
959,-1.94,-83.05,5.26,2.00,0.9799,19,0,1.00,None,1
960,-1.94,-83.05,5.26,2.00,0.9799,19,0,1.00,None,1
961,-1.94,-83.05,5.26,2.00,0.9799,19,0,1.00,None,1
962,-1.95,-82.92,5.26,2.00,0.9798,19,0,1.00,None,1
963,-1.95,-82.92,5.26,2.00,0.9798,19,0,1.00,None,1
964,-1.95,-82.85,5.26,2.00,0.9798,19,0,1.00,None,1
965,-1.95,-82.85,5.26,2.00,0.9798,19,0,1.00,None,1
966,-1.95,-82.79,5.26,2.00,0.9798,19,0,1.00,None,1
967,-1.95,-82.79,5.26,2.00,0.9798,19,0,1.00,None,1
968,-1.96,-82.67,5.26,2.00,0.9797,19,0,1.00,None,1
969,-1.96,-82.67,5.26,2.00,0.9797,19,0,1.00,None,1
970,-1.96,-82.67,5.26,2.00,0.9797,19,0,1.00,None,1
971,-1.96,-82.67,5.26,2.00,0.9797,19,0,1.00,None,1
972,-1.96,-82.67,5.26,2.00,0.9797,19,0,1.00,None,1
973,-1.96,-82.67,5.26,2.00,0.9797,19,0,1.00,None,1
974,-1.97,-82.47,5.26,2.00,0.9797,19,0,1.00,None,1
975,-1.97,-82.47,5.26,2.00,0.9797,19,0,1.00,None,1
976,-1.97,-82.47,5.26,2.00,0.9797,19,0,1.00,None,1
977,-1.97,-82.47,5.26,2.00,0.9797,19,0,1.00,None,1
978,-1.98,-82.29,5.26,2.00,0.9796,19,0,1.00,None,1
979,-1.98,-82.29,5.26,2.00,0.9796,19,0,1.00,None,1
980,-1.98,-82.29,5.26,2.00,0.9796,19,0,1.00,None,1
981,-1.99,-82.16,5.26,2.00,0.9796,19,0,1.00,None,1
982,-1.99,-82.16,5.26,2.00,0.9796,19,0,1.00,None,1
983,-1.99,-82.16,5.26,2.00,0.9796,19,0,1.00,None,1
984,-2.00,-82.04,5.26,2.00,0.9796,19,0,1.00,None,1
985,-2.00,-82.04,5.26,2.00,0.9796,19,0,1.00,None,1
986,-2.00,-81.97,5.26,2.00,0.9796,19,0,1.00,None,1
987,-2.00,-81.97,5.26,2.00,0.9796,19,0,1.00,None,1
988,-2.00,-81.97,5.26,2.00,0.9796,19,0,1.00,None,1
989,-2.01,-81.84,5.26,2.00,0.9795,19,0,1.00,None,1
990,-2.01,-81.84,5.26,2.00,0.9795,19,0,1.00,None,1
991,-2.01,-81.84,5.26,2.00,0.9795,19,0,1.00,None,1
992,-2.01,-81.84,5.26,2.00,0.9795,19,0,1.00,None,1
993,-2.01,-81.84,5.26,2.00,0.9795,19,0,1.00,None,1
994,-2.02,-81.66,5.26,2.00,0.9795,19,0,1.00,None,1
995,-2.02,-81.66,5.26,2.00,0.9795,19,0,1.00,None,1
996,-2.02,-81.66,5.26,2.00,0.9795,19,0,1.00,None,1
997,-2.03,-81.54,5.26,2.00,0.9794,19,0,1.00,None,1
998,-2.03,-81.54,5.26,2.00,0.9794,19,0,1.00,None,1
999,-2.03,-81.54,5.26,2.00,0.9794,19,0,1.00,None,1
1000,-2.04,-81.41,5.26,2.00,0.9794,19,0,1.00,None,1
1001,-2.04,-81.41,5.26,2.00,0.9794,19,0,1.00,None,1
1002,-2.04,-81.41,5.26,2.00,0.9794,19,0,1.00,None,1
1003,-2.04,-81.41,5.26,2.00,0.9794,19,0,1.00,None,1
1004,-2.05,-81.25,5.26,2.00,0.9794,19,0,1.00,None,1
1005,-2.05,-81.25,5.26,2.00,0.9794,19,0,1.00,None,1
1006,-2.05,-81.15,5.26,2.00,0.9793,19,0,1.00,None,1
1007,-2.05,-81.15,5.26,2.00,0.9793,19,0,1.00,None,1
1008,-2.06,-81.08,5.26,2.00,0.9793,19,0,1.00,None,1
1009,-2.06,-81.08,5.26,2.00,0.9793,19,0,1.00,None,1
1010,-2.06,-81.08,5.26,2.00,0.9793,19,0,1.00,None,1
1011,-2.07,-80.95,5.26,2.00,0.9793,19,0,1.00,None,1
1012,-2.07,-80.95,5.26,2.00,0.9793,19,0,1.00,None,1
1013,-2.07,-80.95,5.26,2.00,0.9793,19,0,1.00,None,1
1014,-2.07,-80.95,5.26,2.00,0.9793,19,0,1.00,None,1
1015,-2.07,-80.95,5.26,2.00,0.9793,19,0,1.00,None,1
1016,-2.08,-80.78,5.26,2.00,0.9792,19,0,1.00,None,1
1017,-2.08,-80.78,5.26,2.00,0.9792,19,0,1.00,None,1
1018,-2.08,-80.70,5.26,2.00,0.9792,19,0,1.00,None,1
1019,-2.08,-80.64,5.26,2.00,0.9792,19,0,1.00,None,1
1020,-2.08,-80.64,5.26,2.00,0.9792,19,0,1.00,None,1
1021,-2.08,-80.64,5.26,2.00,0.9792,19,0,1.00,None,1
1022,-2.08,-80.64,5.26,2.00,0.9792,19,0,1.00,None,1
1023,-2.08,-80.64,5.26,2.00,0.9792,19,0,1.00,None,1
1024,-2.10,-80.45,5.26,2.00,0.9791,19,0,1.00,None,1
1025,-2.10,-80.45,5.26,2.00,0.9791,19,0,1.00,None,1
1026,-2.10,-80.45,5.26,2.00,0.9791,19,0,1.00,None,1
1027,-2.10,-80.33,5.26,2.00,0.9791,19,0,1.00,None,1
1028,-2.10,-80.33,5.26,2.00,0.9791,19,0,1.00,None,1
1029,-2.10,-80.33,5.26,2.00,0.9791,19,0,1.00,None,1
1030,-2.11,-80.20,5.27,2.00,0.9791,19,0,1.00,None,1
1031,-2.11,-80.20,5.27,2.00,0.9791,19,0,1.00,None,1
1032,-2.11,-80.20,5.27,2.00,0.9791,19,0,1.00,None,1
1033,-2.12,-80.08,5.27,2.00,0.9790,19,0,1.00,None,1
1034,-2.12,-80.08,5.27,2.00,0.9790,19,0,1.00,None,1
1035,-2.12,-80.01,5.27,2.00,0.9790,19,0,1.00,None,1
1036,-2.12,-80.01,5.27,2.00,0.9790,19,0,1.00,None,1
1037,-2.12,-80.01,5.27,2.00,0.9790,19,0,1.00,None,1
1038,-2.12,-80.01,5.27,2.00,0.9790,19,0,1.00,None,1
1039,-2.12,-80.01,5.27,2.00,0.9790,19,0,1.00,None,1
1040,-2.13,-79.83,5.27,2.00,0.9790,19,0,1.00,None,1
1041,-2.13,-79.83,5.27,2.00,0.9790,19,0,1.00,None,1
1042,-2.13,-79.83,5.27,2.00,0.9790,19,0,1.00,None,1
1043,-2.14,-79.70,5.27,2.00,0.9789,19,0,1.00,None,1
1044,-2.14,-79.70,5.27,2.00,0.9789,19,0,1.00,None,1
1045,-2.14,-79.70,5.27,2.00,0.9789,19,0,1.00,None,1
1046,-2.15,-79.57,5.27,2.00,0.9789,19,0,1.00,None,1
1047,-2.15,-79.57,5.27,2.00,0.9789,19,0,1.00,None,1
1048,-2.15,-79.57,5.27,2.00,0.9789,19,0,1.00,None,1
1049,-2.16,-79.45,5.27,2.00,0.9789,19,0,1.00,None,1
1050,-2.16,-79.45,5.27,2.00,0.9789,19,0,1.00,None,1
1051,-2.16,-79.38,5.27,2.00,0.9788,19,0,1.00,None,1
1052,-2.16,-79.38,5.27,2.00,0.9788,19,0,1.00,None,1
1053,-2.16,-79.38,5.27,2.00,0.9788,19,0,1.00,None,1
1054,-2.16,-79.38,5.27,2.00,0.9788,19,0,1.00,None,1
1055,-2.17,-79.20,5.27,2.00,0.9788,19,0,1.00,None,1
1056,-2.17,-79.20,5.27,2.00,0.9788,19,0,1.00,None,1
1057,-2.17,-79.20,5.27,2.00,0.9788,19,0,1.00,None,1
1058,-2.18,-79.08,5.27,2.00,0.9787,19,0,1.00,None,1
1059,-2.18,-79.08,5.27,2.00,0.9787,19,0,1.00,None,1
1060,-2.18,-79.08,5.27,2.00,0.9787,19,0,1.00,None,1
1061,-2.18,-79.08,5.27,2.00,0.9787,19,0,1.00,None,1
1062,-2.19,-78.95,5.27,2.00,0.9787,19,0,1.00,None,1
1063,-2.19,-78.95,5.27,2.00,0.9787,19,0,1.00,None,1
1064,-2.19,-78.95,5.27,2.00,0.9787,19,0,1.00,None,1
1065,-2.19,-78.82,5.27,2.00,0.9787,19,0,1.00,None,1
1066,-2.19,-78.82,5.27,2.00,0.9787,19,0,1.00,None,1
1067,-2.19,-78.82,5.27,2.00,0.9787,19,0,1.00,None,1
1068,-2.20,-78.70,5.27,2.00,0.9786,19,0,1.00,None,1
1069,-2.20,-78.70,5.27,2.00,0.9786,19,0,1.00,None,1
1070,-2.20,-78.70,5.27,2.00,0.9786,19,0,1.00,None,1
1071,-2.20,-78.70,5.27,2.00,0.9786,19,0,1.00,None,1
1072,-2.21,-78.52,5.27,2.00,0.9786,19,0,1.00,None,1
1073,-2.21,-78.52,5.27,2.00,0.9786,19,0,1.00,None,1
1074,-2.21,-78.52,5.27,2.00,0.9786,19,0,1.00,None,1
1075,-2.22,-78.40,5.27,2.00,0.9786,19,0,1.00,None,1
1076,-2.22,-78.40,5.27,2.00,0.9786,19,0,1.00,None,1
1077,-2.22,-78.40,5.27,2.00,0.9786,19,0,1.00,None,1
1078,-2.22,-78.40,5.27,2.00,0.9786,19,0,1.00,None,1
1079,-2.23,-78.27,5.27,2.00,0.9785,19,0,1.00,None,1
1080,-2.23,-78.27,5.27,2.00,0.9785,19,0,1.00,None,1
1081,-2.23,-78.27,5.27,2.00,0.9785,19,0,1.00,None,1
1082,-2.24,-78.14,5.27,2.00,0.9785,19,0,1.00,None,1
1083,-2.24,-78.14,5.27,2.00,0.9785,19,0,1.00,None,1
1084,-2.24,-78.14,5.27,2.00,0.9785,19,0,1.00,None,1
1085,-2.24,-78.02,5.27,2.00,0.9785,19,0,1.00,None,1
1086,-2.24,-78.02,5.27,2.00,0.9785,19,0,1.00,None,1
1087,-2.24,-78.02,5.27,2.00,0.9785,19,0,1.00,None,1
1088,-2.25,-77.89,5.27,2.00,0.9784,19,0,1.00,None,1
1089,-2.25,-77.89,5.27,2.00,0.9784,19,0,1.00,None,1
1090,-2.25,-77.82,5.27,2.00,0.9784,19,0,1.00,None,1
1091,-2.25,-77.82,5.27,2.00,0.9784,19,0,1.00,None,1
1092,-2.25,-77.82,5.27,2.00,0.9784,19,0,1.00,None,1
1093,-2.26,-77.69,5.27,2.00,0.9784,19,0,1.00,None,1
1094,-2.26,-77.69,5.27,2.00,0.9784,19,0,1.00,None,1
1095,-2.26,-77.69,5.27,2.00,0.9784,19,0,1.00,None,1
1096,-2.26,-77.69,5.27,2.00,0.9784,19,0,1.00,None,1
1097,-2.27,-77.52,5.27,2.00,0.9783,19,0,1.00,None,1
1098,-2.27,-77.52,5.27,2.00,0.9783,19,0,1.00,None,1
1099,-2.27,-77.52,5.27,2.00,0.9783,19,0,1.00,None,1
1100,-2.27,-77.52,5.27,2.00,0.9783,19,0,1.00,None,1
1101,-2.28,-77.39,5.27,2.00,0.9783,19,0,1.00,None,1
1102,-2.29,-77.32,5.27,2.00,0.9783,19,0,1.00,None,1
1103,-2.29,-77.32,5.27,2.00,0.9783,19,0,1.00,None,1
1104,-2.29,-77.32,5.27,2.00,0.9783,19,0,1.00,None,1
1105,-2.29,-77.32,5.27,2.00,0.9783,19,0,1.00,None,1
1106,-2.29,-77.19,5.27,2.00,0.9782,19,0,1.00,None,1
1107,-2.29,-77.19,5.27,2.00,0.9782,19,0,1.00,None,1
1108,-2.29,-77.19,5.27,2.00,0.9782,19,0,1.00,None,1
1109,-2.30,-77.07,5.27,2.00,0.9782,19,0,1.00,None,1
1110,-2.30,-77.07,5.27,2.00,0.9782,19,0,1.00,None,1
1111,-2.30,-77.07,5.27,2.00,0.9782,19,0,1.00,None,1
1112,-2.31,-76.94,5.27,2.00,0.9782,19,0,1.00,None,1
1113,-2.31,-76.94,5.27,2.00,0.9782,19,0,1.00,None,1
1114,-2.31,-76.94,5.27,2.00,0.9782,19,0,1.00,None,1
1115,-2.31,-76.94,5.27,2.00,0.9782,19,0,1.00,None,1
1116,-2.32,-76.77,5.27,2.00,0.9781,19,0,1.00,None,1
1117,-2.32,-76.77,5.27,2.00,0.9781,19,0,1.00,None,1
1118,-2.32,-76.70,5.27,2.00,0.9781,19,0,1.00,None,1
1119,-2.32,-76.70,5.27,2.00,0.9781,19,0,1.00,None,1
1120,-2.33,-76.63,5.27,2.00,0.9781,19,0,1.00,None,1
1121,-2.33,-76.63,5.27,2.00,0.9781,19,0,1.00,None,1
1122,-2.33,-76.63,5.27,2.00,0.9781,19,0,1.00,None,1
1123,-2.33,-76.63,5.27,2.00,0.9781,19,0,1.00,None,1
1124,-2.34,-76.44,5.27,2.00,0.9780,19,0,1.00,None,1
1125,-2.34,-76.44,5.27,2.00,0.9780,19,0,1.00,None,1
1126,-2.34,-76.44,5.27,2.00,0.9780,19,0,1.00,None,1
1127,-2.35,-76.32,5.27,2.00,0.9780,19,0,1.00,None,1
1128,-2.35,-76.32,5.27,2.00,0.9780,19,0,1.00,None,1
1129,-2.35,-76.32,5.27,2.00,0.9780,19,0,1.00,None,1
1130,-2.35,-76.32,5.27,2.00,0.9780,19,0,1.00,None,1
1131,-2.35,-76.19,5.27,2.00,0.9779,19,0,1.00,None,1
1132,-2.35,-76.19,5.27,2.00,0.9779,19,0,1.00,None,1
1133,-2.35,-76.19,5.27,2.00,0.9779,19,0,1.00,None,1
1134,-2.36,-76.07,5.27,2.00,0.9779,19,0,1.00,None,1
1135,-2.36,-76.01,5.27,2.00,0.9779,19,0,1.00,None,1
1136,-2.36,-76.01,5.27,2.00,0.9779,19,0,1.00,None,1
1137,-2.36,-76.01,5.27,2.00,0.9779,19,0,1.00,None,1
1138,-2.36,-76.01,5.27,2.00,0.9779,19,0,1.00,None,1
1139,-2.36,-76.01,5.27,2.00,0.9779,19,0,1.00,None,1
1140,-2.38,-75.82,5.27,2.00,0.9778,19,0,1.00,None,1
1141,-2.38,-75.82,5.27,2.00,0.9778,19,0,1.00,None,1
1142,-2.38,-75.82,5.27,2.00,0.9778,19,0,1.00,None,1
1143,-2.38,-75.70,5.27,2.00,0.9778,19,0,1.00,None,1
1144,-2.38,-75.70,5.27,2.00,0.9778,19,0,1.00,None,1
1145,-2.38,-75.70,5.27,2.00,0.9778,19,0,1.00,None,1
1146,-2.39,-75.57,5.27,2.00,0.9778,19,0,1.00,None,1
1147,-2.39,-75.57,5.27,2.00,0.9778,19,0,1.00,None,1
1148,-2.39,-75.57,5.27,2.00,0.9778,19,0,1.00,None,1
1149,-2.40,-75.45,5.27,2.00,0.9777,19,0,1.00,None,1
1150,-2.40,-75.45,5.27,2.00,0.9777,19,0,1.00,None,1
1151,-2.40,-75.45,5.27,2.00,0.9777,19,0,1.00,None,1
1152,-2.41,-75.32,5.27,2.00,0.9777,19,0,1.00,None,1
1153,-2.41,-75.32,5.27,2.00,0.9777,19,0,1.00,None,1
1154,-2.41,-75.32,5.27,2.00,0.9777,19,0,1.00,None,1
1155,-2.41,-75.32,5.27,2.00,0.9777,19,0,1.00,None,1
1156,-2.41,-75.32,5.27,2.00,0.9777,19,0,1.00,None,1
1157,-2.42,-75.15,5.27,2.00,0.9777,19,0,1.00,None,1
1158,-2.42,-75.15,5.27,2.00,0.9777,19,0,1.00,None,1
1159,-2.42,-75.15,5.27,2.00,0.9777,19,0,1.00,None,1
1160,-2.48,-74.10,5.27,16.14,0.9776,19,0,1.00,None,1
1161,-2.48,-74.10,5.27,16.14,0.9776,19,0,1.00,None,1
1162,-2.48,-74.10,5.27,16.14,0.9776,19,0,1.00,None,1
1163,-2.58,-72.48,5.27,26.22,0.9776,19,0,1.00,None,1
1164,-2.58,-72.48,5.27,26.22,0.9776,19,0,1.00,None,1
1165,-2.58,-72.48,5.27,26.22,0.9776,19,0,1.00,None,1
1166,-2.71,-70.33,5.27,34.50,0.9775,19,0,1.00,None,1
1167,-2.71,-70.33,5.27,34.50,0.9775,19,0,1.00,None,1
1168,-2.71,-70.33,5.27,34.50,0.9775,19,0,1.00,None,1
1169,-2.87,-67.67,5.18,42.97,0.9775,19,0,1.00,None,1
1170,-2.87,-67.67,5.18,42.97,0.9775,19,0,1.00,None,1
1171,-2.87,-67.67,5.18,42.97,0.9775,19,0,1.00,None,1
1172,-2.87,-67.67,5.18,42.97,0.9775,19,0,1.00,None,1
1173,-2.87,-67.67,5.18,42.97,0.9775,19,0,1.00,None,1
1174,-3.12,-63.52,5.04,49.09,0.9775,19,0,1.00,None,1
1175,-3.12,-63.52,5.04,49.09,0.9775,19,0,1.00,None,1
1176,-3.24,-61.60,5.04,47.64,0.9774,19,0,1.00,None,1
1177,-3.32,-60.13,5.04,47.64,0.9774,19,0,1.00,None,1
1178,-3.32,-60.13,5.04,47.64,0.9774,19,0,1.00,None,1
1179,-3.32,-60.13,5.04,47.64,0.9774,19,0,1.00,None,1
1180,-3.32,-60.13,5.04,47.64,0.9774,19,0,1.00,None,1
1181,-3.32,-60.13,5.04,47.64,0.9774,19,0,1.00,None,1
1182,-3.57,-56.03,5.04,47.64,0.9774,19,0,1.00,None,1
1183,-3.57,-56.03,5.04,47.64,0.9774,19,0,1.00,None,1
1184,-3.57,-56.03,5.04,47.64,0.9774,19,0,1.00,None,1
1185,-3.57,-56.03,5.04,47.64,0.9774,19,0,1.00,None,1
1186,-3.57,-56.03,5.04,47.64,0.9774,19,0,1.00,None,1
1187,-3.57,-56.03,5.04,47.64,0.9774,19,0,1.00,None,1
1188,-3.57,-56.03,5.04,47.64,0.9774,19,0,1.00,None,1
1189,-3.57,-56.03,5.04,47.64,0.9774,19,0,1.00,None,1
1190,-3.57,-56.03,5.04,47.64,0.9774,19,0,1.00,None,1
1191,-3.57,-56.03,5.04,47.64,0.9774,19,0,1.00,None,1
1192,-3.57,-56.03,5.04,47.64,0.9774,19,0,1.00,None,1
1193,-3.57,-56.03,5.04,47.64,0.9774,19,0,1.00,None,1
1194,-3.57,-56.03,5.04,47.64,0.9774,19,0,1.00,None,1
1195,-3.57,-56.03,5.04,47.64,0.9774,19,0,1.00,None,1
1196,-3.57,-56.03,5.04,47.64,0.9774,19,0,1.00,None,1
1197,-3.57,-56.03,5.04,47.64,0.9774,19,0,1.00,None,1
1198,-4.53,-40.18,5.04,47.64,0.9772,19,0,1.00,None,1
1199,-4.53,-40.18,5.04,47.64,0.9772,19,0,1.00,None,1
1200,-4.53,-40.18,5.04,47.64,0.9772,19,0,1.00,None,1
1201,-4.53,-40.18,5.04,47.64,0.9772,19,0,1.00,None,1
1202,-4.53,-40.18,5.04,47.64,0.9772,19,0,1.00,None,1
1203,-5.00,-32.46,5.03,88.44,0.9771,19,0,1.00,None,1
1204,-5.00,-32.46,5.03,88.44,0.9771,19,0,1.00,None,1
1205,-5.25,-28.24,5.03,90.05,0.9771,19,0,1.00,None,1
1206,-5.25,-28.24,5.03,90.05,0.9771,19,0,1.00,None,1
1207,-5.25,-28.24,5.03,90.05,0.9771,19,0,1.00,None,1
1208,-5.61,-22.27,5.04,90.43,0.9771,19,0,1.00,None,1
1209,-5.61,-22.27,5.04,90.43,0.9771,19,0,1.00,None,1
1210,-5.61,-22.27,5.04,90.43,0.9771,19,0,1.00,None,1
1211,-5.93,-16.96,5.04,90.43,0.9771,19,0,1.00,None,1
1212,-5.93,-16.96,5.04,90.43,0.9771,19,0,1.00,None,1
1213,-5.93,-16.96,5.04,90.43,0.9771,19,0,1.00,None,1
1214,-6.25,-11.78,5.04,90.43,0.9770,19,0,1.00,None,1
1215,-6.33,-10.41,5.04,90.43,0.9770,19,0,1.00,None,1
1216,-6.33,-10.41,5.04,90.43,0.9770,19,0,1.00,None,1
1217,-6.61,-5.84,5.04,90.43,0.9770,19,0,1.00,None,1
1218,-6.61,-5.84,5.04,90.43,0.9770,19,0,1.00,None,1
1219,-6.61,-5.84,5.04,90.43,0.9770,19,0,1.00,None,1
1220,-6.61,-5.84,5.04,90.43,0.9770,19,0,1.00,None,1
1221,-6.61,-5.84,5.04,90.43,0.9770,19,0,1.00,None,1
1222,-7.16,3.28,5.02,90.43,0.9769,19,0,1.00,None,1
1223,-7.16,3.28,5.02,90.43,0.9769,19,0,1.00,None,1
1224,-7.16,3.28,5.02,90.43,0.9769,19,0,1.00,None,1
1225,-7.16,3.28,5.02,90.43,0.9769,19,0,1.00,None,1
1226,-7.16,3.28,5.02,90.43,0.9769,19,0,1.00,None,1
1227,-7.70,12.27,5.02,90.43,0.9769,19,0,1.00,None,1
1228,-7.70,12.27,5.02,90.43,0.9769,19,0,1.00,None,1
1229,-7.70,12.27,5.02,90.43,0.9769,19,0,1.00,None,1
1230,-7.70,12.27,5.02,90.43,0.9769,19,0,1.00,None,1
1231,-8.11,19.06,5.02,90.43,0.9768,19,0,1.00,None,1
1232,-8.11,19.06,5.02,90.43,0.9768,19,0,1.00,None,1
1233,-8.30,22.25,5.02,90.43,0.9768,19,0,1.00,None,1
1234,-8.44,24.58,5.02,90.43,0.9768,19,0,1.00,None,1
1235,-8.44,24.58,5.02,90.43,0.9768,19,0,1.00,None,1
1236,-8.44,24.58,5.02,90.43,0.9768,19,0,1.00,None,1
1237,-8.71,29.02,5.01,90.43,0.9768,19,0,1.00,None,1
1238,-8.71,29.02,5.01,90.43,0.9768,19,0,1.00,None,1
1239,-8.71,29.02,5.01,90.43,0.9768,19,0,1.00,None,1
1240,-8.71,29.02,5.01,90.43,0.9768,19,0,1.00,None,1
1241,-9.21,37.19,5.01,90.43,0.9767,19,0,1.00,None,1
1242,-9.21,37.19,5.01,90.43,0.9767,19,0,1.00,None,1
1243,-9.21,37.19,5.01,90.43,0.9767,19,0,1.00,None,1
1244,-9.49,41.84,5.01,90.43,0.9767,19,0,1.00,None,1
1245,-9.60,43.74,5.01,90.43,0.9767,19,0,1.00,None,1
1246,-9.60,43.74,5.01,90.43,0.9767,19,0,1.00,None,1
1247,-9.60,43.74,5.01,90.43,0.9767,19,0,1.00,None,1
1248,-9.60,43.74,5.01,90.43,0.9767,19,0,1.00,None,1
1249,-10.08,51.58,5.01,90.43,0.9766,19,0,1.00,None,1
1250,-10.08,51.58,5.01,90.43,0.9766,19,0,1.00,None,1
1251,-10.08,51.58,5.01,90.43,0.9766,19,0,1.00,None,1
1252,-10.08,51.58,5.01,90.43,0.9766,19,0,1.00,None,1
1253,-10.53,59.11,5.02,90.43,0.9766,19,0,1.00,None,1
1254,-10.53,59.11,5.02,90.43,0.9766,19,0,1.00,None,1
1255,-10.53,59.11,5.02,90.43,0.9766,19,0,1.00,None,1
1256,-10.81,63.80,5.02,90.43,0.9766,19,0,1.00,None,1
1257,-10.81,63.80,5.02,90.43,0.9766,19,0,1.00,None,1
1258,-11.07,68.08,5.02,90.43,0.9765,19,0,1.00,None,1
1259,-11.07,68.08,5.02,90.43,0.9765,19,0,1.00,None,1
1260,-11.28,71.55,5.03,90.43,0.9765,19,0,1.00,None,1
1261,-11.38,73.11,5.03,90.43,0.9765,19,0,1.00,None,1
1262,-11.38,73.11,5.03,90.43,0.9765,19,0,1.00,None,1
1263,-11.38,73.11,5.03,90.43,0.9765,19,0,1.00,None,1
1264,-11.38,73.11,5.03,90.43,0.9765,19,0,1.00,None,1
1265,-11.38,73.11,5.03,90.43,0.9765,19,0,1.00,None,1
1266,-11.38,73.11,5.03,90.43,0.9765,19,0,1.00,None,1
1267,-11.38,73.11,5.03,90.43,0.9765,19,0,1.00,None,1
1268,-11.38,73.11,5.03,90.43,0.9765,19,0,1.00,None,1
1269,-11.38,73.11,5.03,90.43,0.9765,19,0,1.00,None,1
1270,-11.38,73.11,5.03,90.43,0.9765,19,0,1.00,None,1
1271,-11.38,73.11,5.03,90.43,0.9765,19,0,1.00,None,1
1272,-11.38,73.11,5.03,90.43,0.9765,19,0,1.00,None,1
1273,-11.38,73.11,5.03,90.43,0.9765,19,0,1.00,None,1
1274,-11.38,73.11,5.03,90.43,0.9765,19,0,1.00,None,1
1275,-11.38,73.11,5.03,90.43,0.9765,19,0,1.00,None,1
1276,-11.38,73.11,5.03,90.43,0.9765,19,0,1.00,None,1
1277,-11.38,73.11,5.03,90.43,0.9765,19,0,1.00,None,1
1278,-13.20,103.20,5.07,90.43,0.9763,19,0,1.00,None,1
1279,-13.20,103.20,5.07,90.43,0.9763,19,0,1.00,None,1
1280,-13.20,103.20,5.07,90.43,0.9763,19,0,1.00,None,1
1281,-13.20,103.20,5.07,90.43,0.9763,19,0,1.00,None,1
1282,-13.35,105.75,5.06,0.00,0.9763,19,0,1.00,None,1
1283,-13.35,105.75,5.06,0.00,0.9763,19,0,1.00,None,1
1284,-13.35,105.75,5.06,0.00,0.9762,19,0,1.00,None,1
1285,-13.35,105.75,5.06,0.00,0.9762,19,0,1.00,None,1
1286,-13.35,105.75,5.06,0.00,0.9762,19,0,1.00,None,1
1287,-13.35,105.75,5.06,0.00,0.9762,19,0,1.00,None,1
1288,-13.35,105.75,5.06,0.00,0.9762,19,0,1.00,None,1
1289,-13.35,105.75,5.06,0.00,0.9762,19,0,1.00,None,1
1290,-13.35,105.75,5.06,0.00,0.9762,19,0,1.00,None,1
1291,-13.35,105.75,5.06,0.00,0.9762,19,0,1.00,None,1
1292,-13.35,105.75,5.06,0.00,0.9762,19,0,1.00,None,1
1293,-13.35,105.75,5.06,0.00,0.9761,19,0,1.00,None,1
1294,-13.35,105.75,5.06,0.00,0.9761,19,0,1.00,None,1
1295,-13.35,105.75,5.06,0.00,0.9761,19,0,1.00,None,1
1296,-13.35,105.75,5.06,0.00,0.9761,19,0,1.00,None,1
1297,-13.35,105.75,5.06,0.00,0.9761,19,0,1.00,None,1
1298,-13.35,105.75,5.06,0.00,0.9761,19,0,1.00,None,1
1299,-13.35,105.75,5.06,0.00,0.9761,19,0,1.00,None,1
1300,-13.35,105.75,5.06,0.00,0.9761,19,0,1.00,None,1
1301,-13.35,105.75,5.06,0.00,0.9761,19,0,1.00,None,1
1302,-13.35,105.75,5.06,0.00,0.9760,19,0,1.00,None,1
1303,-13.35,105.75,5.06,0.00,0.9760,19,0,1.00,None,1
1304,-13.35,105.75,5.06,0.00,0.9760,19,0,1.00,None,1
1305,-13.35,105.75,5.06,0.00,0.9760,19,0,1.00,None,1
1306,-13.35,105.75,5.06,0.00,0.9760,19,0,1.00,None,1
1307,-13.35,105.75,5.06,0.00,0.9760,19,0,1.00,None,1
1308,-13.35,105.75,5.06,0.00,0.9760,19,0,1.00,None,1
1309,-13.35,105.75,5.06,0.00,0.9760,19,0,1.00,None,1
1310,-13.35,105.75,5.06,0.00,0.9760,19,0,1.00,None,1
1311,-13.35,106.08,5.06,7.29,0.9759,19,0,1.00,None,1
1312,-13.35,106.08,5.06,7.29,0.9759,19,0,1.00,None,1
1313,-13.35,106.73,5.05,14.69,0.9759,19,0,1.00,None,1
1314,-13.35,106.73,5.05,14.69,0.9759,19,0,1.00,None,1
1315,-13.35,106.73,5.05,14.69,0.9759,19,0,1.00,None,1
1316,-13.35,106.73,5.05,14.69,0.9759,19,0,1.00,None,1
1317,-13.35,106.73,5.05,14.69,0.9759,19,0,1.00,None,1
1318,-13.35,108.66,5.04,21.94,0.9759,19,0,1.00,None,1
1319,-13.35,108.66,5.04,21.94,0.9759,19,0,1.00,None,1
1320,-13.35,110.35,5.04,36.23,0.9758,19,0,1.00,None,1
1321,-13.35,111.06,5.04,43.83,0.9758,19,0,1.00,None,1
1322,-13.35,111.06,5.04,43.83,0.9758,19,0,1.00,None,1
1323,-13.35,111.06,5.04,43.83,0.9758,19,0,1.00,None,1
1324,-13.35,114.19,5.04,46.47,0.9758,19,0,1.00,None,1
1325,-13.35,114.19,5.04,46.47,0.9758,19,0,1.00,None,1
1326,-13.35,114.19,5.04,46.47,0.9758,19,0,1.00,None,1
1327,-13.35,116.96,5.04,57.43,0.9758,19,0,1.00,None,1
1328,-13.35,116.96,5.04,57.43,0.9758,19,0,1.00,None,1
1329,-13.35,119.54,5.04,65.32,0.9757,19,0,1.00,None,1
1330,-13.35,119.54,5.04,65.32,0.9757,19,0,1.00,None,1
1331,-13.35,122.87,5.04,71.75,0.9757,19,0,1.00,None,1
1332,-13.35,122.87,5.04,71.75,0.9757,19,0,1.00,None,1
1333,-13.35,126.17,5.04,79.30,0.9757,19,0,1.00,None,1
1334,-13.35,127.53,5.04,86.09,0.9757,19,0,1.00,None,1
1335,-13.35,127.53,5.04,86.09,0.9757,19,0,1.00,None,1
1336,-13.35,130.74,5.04,88.66,0.9757,19,0,1.00,None,1
1337,-13.35,130.74,5.04,88.66,0.9757,19,0,1.00,None,1
1338,-13.35,130.74,5.04,88.66,0.9757,19,0,1.00,None,1
1339,-13.35,130.74,5.04,88.66,0.9757,19,0,1.00,None,1
1340,-13.35,137.98,5.04,90.43,0.9756,19,0,1.00,None,1
1341,-13.35,137.98,5.04,90.43,0.9756,19,0,1.00,None,1
1342,-13.35,137.98,5.04,90.43,0.9756,19,0,1.00,None,1
1343,-13.35,142.60,5.04,0.00,0.9756,19,0,1.00,None,1
1344,-13.35,142.60,5.04,0.00,0.9756,19,0,1.00,None,1
1345,-13.35,142.60,5.04,0.00,0.9756,19,0,1.00,None,1
1346,-13.35,142.60,5.04,0.00,0.9756,19,0,1.00,None,1
1347,-13.35,142.60,5.04,0.00,0.9755,19,0,1.00,None,1
1348,-13.35,142.60,5.04,0.00,0.9755,19,0,1.00,None,1
1349,-13.35,142.60,5.04,0.00,0.9755,19,0,1.00,None,1
1350,-13.35,142.60,5.04,0.00,0.9755,19,0,1.00,None,1
1351,-13.35,142.60,5.04,0.00,0.9755,19,0,1.00,None,1
1352,-13.35,142.60,5.04,0.00,0.9755,19,0,1.00,None,1
1353,-13.35,142.60,5.04,0.00,0.9755,19,0,1.00,None,1
1354,-13.35,142.60,5.04,0.00,0.9755,19,0,1.00,None,1
1355,-13.35,142.60,5.04,0.00,0.9755,19,0,1.00,None,1
1356,-13.35,142.60,5.04,0.00,0.9754,19,0,1.00,None,1
1357,-13.35,142.60,5.04,0.00,0.9754,19,0,1.00,None,1
1358,-13.35,142.60,5.04,0.00,0.9754,19,0,1.00,None,1
1359,-13.35,142.60,5.04,0.00,0.9754,19,0,1.00,None,1
1360,-13.35,142.60,5.04,0.00,0.9754,19,0,1.00,None,1
1361,-13.35,142.60,5.04,0.00,0.9754,19,0,1.00,None,1
1362,-13.35,142.60,5.04,0.00,0.9754,19,0,1.00,None,1
1363,-13.35,142.60,5.04,0.00,0.9754,19,0,1.00,None,1
1364,-13.35,142.60,5.04,0.00,0.9754,19,0,1.00,None,1
1365,-13.35,142.60,5.04,0.00,0.9754,19,0,1.00,None,1
1366,-13.35,142.60,5.04,0.00,0.9753,19,0,1.00,None,1
1367,-13.35,142.60,5.04,0.00,0.9753,19,0,1.00,None,1
1368,-13.35,142.60,5.04,0.00,0.9753,19,0,1.00,None,1
1369,-13.35,142.60,5.04,0.00,0.9753,19,0,1.00,None,1
1370,-13.35,142.60,5.04,0.00,0.9753,19,0,1.00,None,1
1371,-13.35,142.60,5.04,0.00,0.9753,19,0,1.00,None,1
1372,-13.35,142.60,5.04,0.00,0.9753,19,0,1.00,None,1
1373,-13.35,142.60,5.04,0.00,0.9753,19,0,1.00,None,1
1374,-13.35,142.60,5.04,0.00,0.9753,19,0,1.00,None,1
1375,-13.35,142.60,5.04,0.00,0.9752,19,0,1.00,None,1
1376,-13.35,142.60,5.04,0.00,0.9752,19,0,1.00,None,1
1377,-13.35,142.60,5.04,0.00,0.9752,19,0,1.00,None,1
1378,-13.35,142.60,5.04,0.00,0.9752,19,0,1.00,None,1
1379,-13.35,142.60,5.04,0.00,0.9752,19,0,1.00,None,1
1380,-13.35,142.60,5.04,0.00,0.9752,19,0,1.00,None,1
1381,-13.35,142.60,5.04,0.00,0.9752,19,0,1.00,None,1
1382,-13.35,142.60,5.04,0.00,0.9752,19,0,1.00,None,1
1383,-13.35,142.60,5.04,0.00,0.9752,19,0,1.00,None,1
1384,-13.35,142.60,5.04,0.00,0.9751,19,0,1.00,None,1
1385,-13.35,142.60,5.04,0.00,0.9751,19,0,1.00,None,1
1386,-13.35,142.60,5.04,0.00,0.9751,19,0,1.00,None,1
1387,-13.35,142.60,5.04,0.00,0.9751,19,0,1.00,None,1
1388,-13.35,142.60,5.04,0.00,0.9751,19,0,1.00,None,1
1389,-13.35,142.60,5.04,0.00,0.9751,19,0,1.00,None,1
1390,-13.35,142.60,5.04,0.00,0.9751,19,0,1.00,None,1
1391,-13.35,142.60,5.04,0.00,0.9751,19,0,1.00,None,1
1392,-13.35,142.60,5.04,0.00,0.9750,19,0,1.00,None,1
1393,-13.35,142.60,5.04,0.00,0.9750,19,0,1.00,None,1
1394,-13.35,142.60,5.04,0.00,0.9750,19,0,1.00,None,1
1395,-13.35,142.60,5.04,0.00,0.9750,19,0,1.00,None,1
1396,-13.35,142.60,5.04,0.00,0.9750,19,0,1.00,None,1
1397,-13.35,142.60,5.04,0.00,0.9750,19,0,1.00,None,1
1398,-13.35,142.60,5.04,0.00,0.9750,19,0,1.00,None,1
1399,-13.35,142.60,5.04,0.00,0.9750,19,0,1.00,None,1
1400,-13.35,142.60,5.04,0.00,0.9750,19,0,1.00,None,1
1401,-13.35,142.60,5.04,0.00,0.9750,19,0,1.00,None,1
1402,-13.35,142.60,5.04,0.00,0.9750,19,0,1.00,None,1
1403,-13.35,142.60,5.04,0.00,0.9750,19,0,1.00,None,1
1404,-13.35,142.60,5.04,0.00,0.9749,19,0,1.00,None,1
1405,-13.35,142.60,5.04,0.00,0.9749,19,0,1.00,None,1
1406,-13.35,142.60,5.04,0.00,0.9749,19,0,1.00,None,1
1407,-13.35,142.60,5.04,0.00,0.9749,19,0,1.00,None,1
1408,-13.35,142.60,5.04,0.00,0.9749,19,0,1.00,None,1
1409,-13.35,142.60,5.04,0.00,0.9749,19,0,1.00,None,1
1410,-13.35,142.60,5.04,0.00,0.9748,19,0,1.00,None,1
1411,-13.35,142.60,5.04,0.00,0.9748,19,0,1.00,None,1
1412,-13.35,142.60,5.04,0.00,0.9748,19,0,1.00,None,1
1413,-13.35,142.60,5.04,0.00,0.9748,19,0,1.00,None,1
1414,-13.35,142.60,5.04,0.00,0.9748,19,0,1.00,None,1
1415,-13.35,142.60,5.04,0.00,0.9748,19,0,1.00,None,1
1416,-13.35,142.60,5.04,0.00,0.9748,19,0,1.00,None,1
1417,-13.34,142.29,5.04,7.05,0.9748,19,0,1.00,None,1
1418,-13.34,142.29,5.04,7.05,0.9748,19,0,1.00,None,1
1419,-13.33,141.68,5.04,14.15,0.9747,19,0,1.00,None,1
1420,-13.33,141.68,5.04,14.15,0.9747,19,0,1.00,None,1
1421,-13.31,140.77,5.04,21.20,0.9747,19,0,1.00,None,1
1422,-13.31,140.77,5.04,21.20,0.9747,19,0,1.00,None,1
1423,-13.31,140.77,5.04,21.20,0.9747,19,0,1.00,None,1
1424,-13.31,140.77,5.04,21.20,0.9747,19,0,1.00,None,1
1425,-13.27,138.44,5.04,28.24,0.9747,19,0,1.00,None,1
1426,-13.27,138.44,5.04,28.24,0.9747,19,0,1.00,None,1
1427,-13.23,136.51,5.04,41.67,0.9746,19,0,1.00,None,1
1428,-13.23,136.51,5.04,41.67,0.9746,19,0,1.00,None,1
1429,-13.19,134.55,5.04,49.23,0.9746,19,0,1.00,None,1
1430,-13.19,134.55,5.04,49.23,0.9746,19,0,1.00,None,1
1431,-13.19,134.55,5.04,49.23,0.9746,19,0,1.00,None,1
1432,-13.13,132.00,5.04,55.70,0.9746,19,0,1.00,None,1
1433,-13.13,132.00,5.04,55.70,0.9746,19,0,1.00,None,1
1434,-13.08,129.28,5.04,63.15,0.9746,19,0,1.00,None,1
1435,-13.05,127.95,5.04,70.19,0.9746,19,0,1.00,None,1
1436,-13.00,125.57,5.04,73.27,0.9745,19,0,1.00,None,1
1437,-13.00,125.57,5.04,73.27,0.9745,19,0,1.00,None,1
1438,-13.00,125.57,5.04,73.27,0.9745,19,0,1.00,None,1
1439,-13.00,125.57,5.04,73.27,0.9745,19,0,1.00,None,1
1440,-12.88,119.30,5.04,78.57,0.9745,19,0,1.00,None,1
1441,-12.88,119.30,5.04,78.57,0.9745,19,0,1.00,None,1
1442,-12.88,119.30,5.04,78.57,0.9745,19,0,1.00,None,1
1443,-12.77,114.10,5.04,90.43,0.9745,19,0,1.00,None,1
1444,-12.77,114.10,5.04,90.43,0.9745,19,0,1.00,None,1
1445,-12.70,110.86,5.04,90.43,0.9745,19,0,1.00,None,1
1446,-12.67,109.43,5.04,90.43,0.9744,19,0,1.00,None,1
1447,-12.67,109.43,5.04,90.43,0.9744,19,0,1.00,None,1
1448,-12.61,106.07,5.05,90.43,0.9744,19,0,1.00,None,1
1449,-12.61,106.07,5.05,90.43,0.9744,19,0,1.00,None,1
1450,-12.61,106.07,5.05,90.43,0.9744,19,0,1.00,None,1
1451,-12.61,106.07,5.05,90.43,0.9744,19,0,1.00,None,1
1452,-12.60,105.75,5.06,0.00,0.9744,19,0,1.00,None,1
1453,-12.60,105.75,5.06,0.00,0.9744,19,0,1.00,None,1
1454,-12.60,105.75,5.06,0.00,0.9743,19,0,1.00,None,1
1455,-12.60,105.75,5.06,0.00,0.9743,19,0,1.00,None,1
1456,-12.60,105.75,5.06,0.00,0.9743,19,0,1.00,None,1
1457,-12.60,105.75,5.06,0.00,0.9743,19,0,1.00,None,1
1458,-12.60,105.75,5.06,0.00,0.9743,19,0,1.00,None,1
1459,-12.60,105.75,5.06,0.00,0.9743,19,0,1.00,None,1
1460,-12.60,105.75,5.06,0.00,0.9743,19,0,1.00,None,1
1461,-12.60,105.75,5.06,0.00,0.9743,19,0,1.00,None,1
1462,-12.60,105.75,5.06,0.00,0.9743,19,0,1.00,None,1
1463,-12.60,105.75,5.06,0.00,0.9743,19,0,1.00,None,1
1464,-12.60,105.75,5.06,0.00,0.9743,19,0,1.00,None,1
1465,-12.60,105.75,5.06,0.00,0.9742,19,0,1.00,None,1
1466,-12.60,105.75,5.06,0.00,0.9742,19,0,1.00,None,1
1467,-12.60,105.75,5.06,0.00,0.9742,19,0,1.00,None,1
1468,-12.60,105.75,5.06,0.00,0.9742,19,0,1.00,None,1
1469,-12.60,105.75,5.06,0.00,0.9742,19,0,1.00,None,1
1470,-12.60,105.75,5.06,0.00,0.9742,19,0,1.00,None,1
1471,-12.60,105.75,5.06,0.00,0.9742,19,0,1.00,None,1
1472,-12.60,105.75,5.06,0.00,0.9741,19,0,1.00,None,1
1473,-12.60,105.75,5.06,0.00,0.9741,19,0,1.00,None,1
1474,-12.60,105.75,5.06,0.00,0.9741,19,0,1.00,None,1
1475,-12.60,105.75,5.06,0.00,0.9741,19,0,1.00,None,1
1476,-12.60,105.75,5.06,0.00,0.9741,19,0,1.00,None,1
1477,-12.60,105.75,5.06,0.00,0.9741,19,0,1.00,None,1
1478,-12.60,105.75,5.06,0.00,0.9741,19,0,1.00,None,1
1479,-12.60,105.75,5.06,0.00,0.9741,19,0,1.00,None,1
1480,-12.60,105.75,5.06,0.00,0.9741,19,0,1.00,None,1
1481,-12.60,105.75,5.06,0.00,0.9740,19,0,1.00,None,1
1482,-12.60,105.75,5.06,0.00,0.9740,19,0,1.00,None,1
1483,-12.60,105.75,5.06,0.00,0.9740,19,0,1.00,None,1
1484,-12.60,105.75,5.06,0.00,0.9740,19,0,1.00,None,1
1485,-12.60,105.75,5.06,0.00,0.9740,19,0,1.00,None,1
1486,-12.60,105.75,5.06,0.00,0.9740,19,0,1.00,None,1
1487,-12.60,105.75,5.06,0.00,0.9740,19,0,1.00,None,1
1488,-12.60,105.75,5.06,0.00,0.9740,19,0,1.00,None,1
1489,-12.60,105.75,5.06,0.00,0.9740,19,0,1.00,None,1
1490,-12.60,105.75,5.06,0.00,0.9740,19,0,1.00,None,1
1491,-12.60,105.75,5.06,0.00,0.9739,19,0,1.00,None,1
1492,-12.60,105.75,5.06,0.00,0.9739,19,0,1.00,None,1
1493,-12.60,105.75,5.06,0.00,0.9739,19,0,1.00,None,1
1494,-12.60,105.75,5.06,0.00,0.9739,19,0,1.00,None,1
1495,-12.60,105.75,5.06,0.00,0.9739,19,0,1.00,None,1
1496,-12.60,105.75,5.06,0.00,0.9739,19,0,1.00,None,1
1497,-12.60,105.75,5.06,0.00,0.9739,19,0,1.00,None,1
1498,-12.60,105.75,5.06,0.00,0.9739,19,0,1.00,None,1
1499,-12.60,105.75,5.06,0.00,0.9739,19,0,1.00,None,1
1500,-12.60,105.75,5.06,0.00,0.9738,19,0,1.00,None,1
1501,-12.60,105.75,5.06,0.00,0.9738,19,0,1.00,None,1
1502,-12.60,105.75,5.06,0.00,0.9738,19,0,1.00,None,1
1503,-12.60,105.75,5.06,0.00,0.9738,19,0,1.00,None,1
1504,-12.60,105.75,5.06,0.00,0.9738,19,0,1.00,None,1
1505,-12.60,105.75,5.06,0.00,0.9738,19,0,1.00,None,1
1506,-12.60,105.75,5.06,0.00,0.9738,19,0,1.00,None,1
1507,-12.60,105.75,5.06,0.00,0.9738,19,0,1.00,None,1
1508,-12.60,105.75,5.06,0.00,0.9738,19,0,1.00,None,1
1509,-12.60,105.75,5.06,0.00,0.9737,19,0,1.00,None,1
1510,-12.60,105.75,5.06,0.00,0.9737,19,0,1.00,None,1
1511,-12.60,105.75,5.06,0.00,0.9737,19,0,1.00,None,1
1512,-12.60,105.75,5.06,0.00,0.9737,19,0,1.00,None,1
1513,-12.60,105.75,5.06,0.00,0.9737,19,0,1.00,None,1
1514,-12.60,105.75,5.06,0.00,0.9737,19,0,1.00,None,1
1515,-12.60,105.75,5.06,0.00,0.9737,19,0,1.00,None,1
1516,-12.60,105.75,5.06,0.00,0.9737,19,0,1.00,None,1
1517,-12.60,105.75,5.06,0.00,0.9737,19,0,1.00,None,1
1518,-12.60,105.75,5.06,0.00,0.9736,19,0,1.00,None,1
1519,-12.60,105.75,5.06,0.00,0.9736,19,0,1.00,None,1
1520,-12.60,105.75,5.06,0.00,0.9736,19,0,1.00,None,1
1521,-12.60,105.75,5.06,0.00,0.9736,19,0,1.00,None,1
1522,-12.59,106.08,5.05,7.32,0.9736,19,0,1.00,None,1
1523,-12.59,106.08,5.05,7.32,0.9736,19,0,1.00,None,1
1524,-12.58,106.74,5.05,14.74,0.9736,19,0,1.00,None,1
1525,-12.58,106.74,5.05,14.74,0.9736,19,0,1.00,None,1
1526,-12.58,106.74,5.05,14.74,0.9736,19,0,1.00,None,1
1527,-12.58,106.74,5.05,14.74,0.9736,19,0,1.00,None,1
1528,-12.54,108.57,5.04,21.99,0.9735,19,0,1.00,None,1
1529,-12.54,108.57,5.04,21.99,0.9735,19,0,1.00,None,1
1530,-12.54,108.57,5.04,21.99,0.9735,19,0,1.00,None,1
1531,-12.51,110.29,5.04,35.54,0.9735,19,0,1.00,None,1
1532,-12.51,110.29,5.04,35.54,0.9735,19,0,1.00,None,1
1533,-12.47,112.03,5.04,43.42,0.9735,19,0,1.00,None,1
1534,-12.47,112.03,5.04,43.42,0.9735,19,0,1.00,None,1
1535,-12.43,114.33,5.03,49.95,0.9735,19,0,1.00,None,1
1536,-12.43,114.33,5.03,49.95,0.9735,19,0,1.00,None,1
1537,-12.37,116.86,5.03,57.46,0.9734,19,0,1.00,None,1
1538,-12.37,116.86,5.03,57.46,0.9734,19,0,1.00,None,1
1539,-12.34,118.59,5.03,64.65,0.9734,19,0,1.00,None,1
1540,-12.34,118.59,5.03,64.65,0.9734,19,0,1.00,None,1
1541,-12.34,118.59,5.03,64.65,0.9734,19,0,1.00,None,1
1542,-12.25,122.83,5.03,69.01,0.9734,19,0,1.00,None,1
1543,-12.25,122.83,5.03,69.01,0.9734,19,0,1.00,None,1
1544,-12.17,127.11,5.03,79.03,0.9733,19,0,1.00,None,1
1545,-12.17,127.11,5.03,79.03,0.9733,19,0,1.00,None,1
1546,-12.10,130.16,5.03,87.85,0.9733,19,0,1.00,None,1
1547,-12.07,131.70,5.03,90.43,0.9733,19,0,1.00,None,1
1548,-12.07,131.70,5.03,90.43,0.9733,19,0,1.00,None,1
1549,-12.01,134.85,5.03,90.43,0.9733,19,0,1.00,None,1
1550,-12.01,134.85,5.03,90.43,0.9733,19,0,1.00,None,1
1551,-12.01,134.85,5.03,90.43,0.9733,19,0,1.00,None,1
1552,-12.01,134.85,5.03,90.43,0.9733,19,0,1.00,None,1
1553,-11.86,141.97,5.03,90.43,0.9733,19,0,1.00,None,1
1554,-11.86,141.97,5.03,90.43,0.9733,19,0,1.00,None,1
1555,-11.85,142.60,5.03,0.00,0.9732,19,0,1.00,None,1
1556,-11.85,142.60,5.03,0.00,0.9732,19,0,1.00,None,1
1557,-11.85,142.60,5.03,0.00,0.9732,19,0,1.00,None,1
1558,-11.85,142.60,5.03,0.00,0.9732,19,0,1.00,None,1
1559,-11.85,142.60,5.03,0.00,0.9732,19,0,1.00,None,1
1560,-11.85,142.60,5.03,0.00,0.9732,19,0,1.00,None,1
1561,-11.85,142.60,5.03,0.00,0.9732,19,0,1.00,None,1
1562,-11.85,142.60,5.03,0.00,0.9732,19,0,1.00,None,1
1563,-11.85,142.60,5.03,0.00,0.9732,19,0,1.00,None,1
1564,-11.85,142.60,5.03,0.00,0.9732,19,0,1.00,None,1
1565,-11.85,142.60,5.03,0.00,0.9732,19,0,1.00,None,1
1566,-11.85,142.60,5.03,0.00,0.9731,19,0,1.00,None,1
1567,-11.85,142.60,5.03,0.00,0.9731,19,0,1.00,None,1
1568,-11.85,142.60,5.03,0.00,0.9731,19,0,1.00,None,1
1569,-11.85,142.60,5.03,0.00,0.9731,19,0,1.00,None,1
1570,-11.85,142.60,5.03,0.00,0.9731,19,0,1.00,None,1
1571,-11.85,142.60,5.03,0.00,0.9731,19,0,1.00,None,1
1572,-11.85,142.60,5.03,0.00,0.9731,19,0,1.00,None,1
1573,-11.85,142.60,5.03,0.00,0.9730,19,0,1.00,None,1
1574,-11.85,142.60,5.03,0.00,0.9730,19,0,1.00,None,1
1575,-11.85,142.60,5.03,0.00,0.9730,19,0,1.00,None,1
1576,-11.85,142.60,5.03,0.00,0.9730,19,0,1.00,None,1
1577,-11.85,142.60,5.03,0.00,0.9730,19,0,1.00,None,1
1578,-11.85,142.60,5.03,0.00,0.9730,19,0,1.00,None,1
1579,-11.85,142.60,5.03,0.00,0.9730,19,0,1.00,None,1
1580,-11.85,142.60,5.03,0.00,0.9730,19,0,1.00,None,1
1581,-11.85,142.60,5.03,0.00,0.9729,19,0,1.00,None,1
1582,-11.85,142.60,5.03,0.00,0.9729,19,0,1.00,None,1
1583,-11.85,142.60,5.03,0.00,0.9729,19,0,1.00,None,1
1584,-11.85,142.60,5.03,0.00,0.9729,19,0,1.00,None,1
1585,-11.85,142.60,5.03,0.00,0.9729,19,0,1.00,None,1
1586,-11.85,142.60,5.03,0.00,0.9729,19,0,1.00,None,1
1587,-11.85,142.60,5.03,0.00,0.9729,19,0,1.00,None,1
1588,-11.85,142.60,5.03,0.00,0.9729,19,0,1.00,None,1
1589,-11.85,142.60,5.03,0.00,0.9729,19,0,1.00,None,1
1590,-11.85,142.60,5.03,0.00,0.9728,19,0,1.00,None,1
1591,-11.85,142.60,5.03,0.00,0.9728,19,0,1.00,None,1
1592,-11.85,142.60,5.03,0.00,0.9728,19,0,1.00,None,1
1593,-11.85,142.60,5.03,0.00,0.9728,19,0,1.00,None,1
1594,-11.85,142.60,5.03,0.00,0.9728,19,0,1.00,None,1
1595,-11.85,142.60,5.03,0.00,0.9728,19,0,1.00,None,1
1596,-11.85,142.60,5.03,0.00,0.9728,19,0,1.00,None,1
1597,-11.85,142.60,5.03,0.00,0.9728,19,0,1.00,None,1
1598,-11.85,142.60,5.03,0.00,0.9727,19,0,1.00,None,1
1599,-11.85,142.60,5.03,0.00,0.9727,19,0,1.00,None,1
1600,-11.85,142.60,5.03,0.00,0.9727,19,0,1.00,None,1
1601,-11.85,142.60,5.03,0.00,0.9727,19,0,1.00,None,1
1602,-11.85,142.60,5.03,0.00,0.9727,19,0,1.00,None,1
1603,-11.85,142.60,5.03,0.00,0.9727,19,0,1.00,None,1
1604,-11.85,142.60,5.03,0.00,0.9727,19,0,1.00,None,1
1605,-11.85,142.60,5.03,0.00,0.9727,19,0,1.00,None,1
1606,-11.85,142.60,5.03,0.00,0.9727,19,0,1.00,None,1
1607,-11.85,142.60,5.03,0.00,0.9727,19,0,1.00,None,1
1608,-11.85,142.60,5.03,0.00,0.9727,19,0,1.00,None,1
1609,-11.85,142.60,5.03,0.00,0.9726,19,0,1.00,None,1
1610,-11.85,142.60,5.03,0.00,0.9726,19,0,1.00,None,1
1611,-11.85,142.60,5.03,0.00,0.9726,19,0,1.00,None,1
1612,-11.85,142.60,5.03,0.00,0.9726,19,0,1.00,None,1
1613,-11.85,142.60,5.03,0.00,0.9726,19,0,1.00,None,1
1614,-11.85,142.60,5.03,0.00,0.9726,19,0,1.00,None,1
1615,-11.85,142.60,5.03,0.00,0.9726,19,0,1.00,None,1
1616,-11.85,142.60,5.03,0.00,0.9726,19,0,1.00,None,1
1617,-11.85,142.60,5.03,0.00,0.9726,19,0,1.00,None,1
1618,-11.85,142.60,5.03,0.00,0.9725,19,0,1.00,None,1
1619,-11.85,142.60,5.03,0.00,0.9725,19,0,1.00,None,1
1620,-11.85,142.60,5.03,0.00,0.9725,19,0,1.00,None,1
1621,-11.85,142.60,5.03,0.00,0.9725,19,0,1.00,None,1
1622,-11.85,142.60,5.03,0.00,0.9725,19,0,1.00,None,1
1623,-11.85,142.60,5.03,0.00,0.9725,19,0,1.00,None,1
1624,-11.85,142.60,5.03,0.00,0.9725,19,0,1.00,None,1
1625,-11.85,142.60,5.03,0.00,0.9725,19,0,1.00,None,1
1626,-11.84,142.30,5.03,6.93,0.9724,19,0,1.00,None,1
1627,-11.84,142.30,5.03,6.93,0.9724,19,0,1.00,None,1
1628,-11.83,141.70,5.03,14.00,0.9724,19,0,1.00,None,1
1629,-11.83,141.70,5.03,14.00,0.9724,19,0,1.00,None,1
1630,-11.83,141.70,5.03,14.00,0.9724,19,0,1.00,None,1
1631,-11.81,140.80,5.03,21.03,0.9724,19,0,1.00,None,1
1632,-11.81,140.80,5.03,21.03,0.9724,19,0,1.00,None,1
1633,-11.81,140.80,5.03,21.03,0.9724,19,0,1.00,None,1
1634,-11.81,140.80,5.03,21.03,0.9724,19,0,1.00,None,1
1635,-11.77,138.53,5.03,27.94,0.9723,19,0,1.00,None,1
1636,-11.77,138.53,5.03,27.94,0.9723,19,0,1.00,None,1
1637,-11.73,136.63,5.03,41.22,0.9723,19,0,1.00,None,1
1638,-11.73,136.63,5.03,41.22,0.9723,19,0,1.00,None,1
1639,-11.69,134.70,5.03,48.72,0.9723,19,0,1.00,None,1
1640,-11.69,134.70,5.03,48.72,0.9723,19,0,1.00,None,1
1641,-11.64,132.19,5.03,55.16,0.9723,19,0,1.00,None,1
1642,-11.64,132.19,5.03,55.16,0.9723,19,0,1.00,None,1
1643,-11.58,129.53,5.03,62.59,0.9722,19,0,1.00,None,1
1644,-11.56,128.41,5.03,69.50,0.9722,19,0,1.00,None,1
1645,-11.56,128.41,5.03,69.50,0.9722,19,0,1.00,None,1
1646,-11.51,125.88,5.03,72.13,0.9722,19,0,1.00,None,1
1647,-11.51,125.88,5.03,72.13,0.9722,19,0,1.00,None,1
1648,-11.51,125.88,5.03,72.13,0.9722,19,0,1.00,None,1
1649,-11.51,125.88,5.03,72.13,0.9722,19,0,1.00,None,1
1650,-11.38,119.74,5.03,77.85,0.9722,19,0,1.00,None,1
1651,-11.38,119.74,5.03,77.85,0.9722,19,0,1.00,None,1
1652,-11.38,119.74,5.03,77.85,0.9722,19,0,1.00,None,1
1653,-11.28,114.74,5.03,90.43,0.9721,19,0,1.00,None,1
1654,-11.22,111.49,5.03,90.43,0.9721,19,0,1.00,None,1
1655,-11.19,110.15,5.03,90.43,0.9721,19,0,1.00,None,1
1656,-11.19,110.15,5.03,90.43,0.9721,19,0,1.00,None,1
1657,-11.12,106.77,5.04,90.43,0.9721,19,0,1.00,None,1
1658,-11.12,106.77,5.04,90.43,0.9721,19,0,1.00,None,1
1659,-11.12,106.77,5.04,90.43,0.9721,19,0,1.00,None,1
1660,-11.12,106.77,5.04,90.43,0.9721,19,0,1.00,None,1
1661,-11.10,105.75,5.04,0.00,0.9721,19,0,1.00,None,1
1662,-11.10,105.75,5.04,0.00,0.9721,19,0,1.00,None,1
1663,-11.10,105.75,5.04,0.00,0.9721,19,0,1.00,None,1
1664,-11.10,105.75,5.04,0.00,0.9720,19,0,1.00,None,1
1665,-11.10,105.75,5.04,0.00,0.9720,19,0,1.00,None,1
1666,-11.10,105.75,5.04,0.00,0.9720,19,0,1.00,None,1
1667,-11.10,105.75,5.04,0.00,0.9720,19,0,1.00,None,1
1668,-11.10,105.75,5.04,0.00,0.9720,19,0,1.00,None,1
1669,-11.10,105.75,5.04,0.00,0.9720,19,0,1.00,None,1
1670,-11.10,105.75,5.04,0.00,0.9720,19,0,1.00,None,1
1671,-11.10,105.75,5.04,0.00,0.9719,19,0,1.00,None,1
1672,-11.10,105.75,5.04,0.00,0.9719,19,0,1.00,None,1
1673,-11.10,105.75,5.04,0.00,0.9719,19,0,1.00,None,1
1674,-11.10,105.75,5.04,0.00,0.9719,19,0,1.00,None,1
1675,-11.10,105.75,5.04,0.00,0.9719,19,0,1.00,None,1
1676,-11.10,105.75,5.04,0.00,0.9719,19,0,1.00,None,1
1677,-11.10,105.75,5.04,0.00,0.9719,19,0,1.00,None,1
1678,-11.10,105.75,5.04,0.00,0.9719,19,0,1.00,None,1
1679,-11.10,105.75,5.04,0.00,0.9718,19,0,1.00,None,1
1680,-11.10,105.75,5.04,0.00,0.9718,19,0,1.00,None,1
1681,-11.10,105.75,5.04,0.00,0.9718,19,0,1.00,None,1
1682,-11.10,105.75,5.04,0.00,0.9718,19,0,1.00,None,1
1683,-11.10,105.75,5.04,0.00,0.9718,19,0,1.00,None,1
1684,-11.10,105.75,5.04,0.00,0.9718,19,0,1.00,None,1
1685,-11.10,105.75,5.04,0.00,0.9718,19,0,1.00,None,1
1686,-11.10,105.75,5.04,0.00,0.9718,19,0,1.00,None,1
1687,-11.10,105.75,5.04,0.00,0.9718,19,0,1.00,None,1
1688,-11.10,105.75,5.04,0.00,0.9718,19,0,1.00,None,1
1689,-11.10,105.75,5.04,0.00,0.9718,19,0,1.00,None,1
1690,-11.10,105.75,5.04,0.00,0.9717,19,0,1.00,None,1
1691,-11.10,105.75,5.04,0.00,0.9717,19,0,1.00,None,1
1692,-11.10,105.75,5.04,0.00,0.9717,19,0,1.00,None,1
1693,-11.10,105.75,5.04,0.00,0.9717,19,0,1.00,None,1
1694,-11.10,105.75,5.04,0.00,0.9717,19,0,1.00,None,1
1695,-11.10,105.75,5.04,0.00,0.9717,19,0,1.00,None,1
1696,-11.10,105.75,5.04,0.00,0.9717,19,0,1.00,None,1
1697,-11.10,105.75,5.04,0.00,0.9717,19,0,1.00,None,1
1698,-11.10,105.75,5.04,0.00,0.9717,19,0,1.00,None,1
1699,-11.10,105.75,5.04,0.00,0.9716,19,0,1.00,None,1
1700,-11.10,105.75,5.04,0.00,0.9716,19,0,1.00,None,1
1701,-11.10,105.75,5.04,0.00,0.9716,19,0,1.00,None,1
1702,-11.10,105.75,5.04,0.00,0.9716,19,0,1.00,None,1
1703,-11.10,105.75,5.04,0.00,0.9716,19,0,1.00,None,1
1704,-11.10,105.75,5.04,0.00,0.9716,19,0,1.00,None,1
1705,-11.10,105.75,5.04,0.00,0.9716,19,0,1.00,None,1
1706,-11.10,105.75,5.04,0.00,0.9716,19,0,1.00,None,1
1707,-11.10,105.75,5.04,0.00,0.9716,19,0,1.00,None,1
1708,-11.10,105.75,5.04,0.00,0.9715,19,0,1.00,None,1
1709,-11.10,105.75,5.04,0.00,0.9715,19,0,1.00,None,1
1710,-11.10,105.75,5.04,0.00,0.9715,19,0,1.00,None,1
1711,-11.10,105.75,5.04,0.00,0.9715,19,0,1.00,None,1
1712,-11.10,105.75,5.04,0.00,0.9715,19,0,1.00,None,1
1713,-11.10,105.75,5.04,0.00,0.9715,19,0,1.00,None,1
1714,-11.10,105.75,5.04,0.00,0.9715,19,0,1.00,None,1
1715,-11.10,105.75,5.04,0.00,0.9715,19,0,1.00,None,1
1716,-11.10,105.75,5.04,0.00,0.9715,19,0,1.00,None,1
1717,-11.10,105.75,5.04,0.00,0.9714,19,0,1.00,None,1
1718,-11.10,105.75,5.04,0.00,0.9714,19,0,1.00,None,1
1719,-11.10,105.75,5.04,0.00,0.9714,19,0,1.00,None,1
1720,-11.10,105.75,5.04,0.00,0.9714,19,0,1.00,None,1
1721,-11.10,105.75,5.04,0.00,0.9714,19,0,1.00,None,1
1722,-11.10,105.75,5.04,0.00,0.9714,19,0,1.00,None,1
1723,-11.10,105.75,5.04,0.00,0.9714,19,0,1.00,None,1
1724,-11.10,105.75,5.04,0.00,0.9714,19,0,1.00,None,1
1725,-11.10,105.75,5.04,0.00,0.9714,19,0,1.00,None,1
1726,-11.10,105.75,5.04,0.00,0.9713,19,0,1.00,None,1
1727,-11.10,105.75,5.04,0.00,0.9713,19,0,1.00,None,1
1728,-11.10,105.75,5.04,0.00,0.9713,19,0,1.00,None,1
1729,-11.10,105.75,5.04,0.00,0.9713,19,0,1.00,None,1
1730,-11.10,105.75,5.04,0.00,0.9713,19,0,1.00,None,1
1731,-11.10,105.75,5.04,0.00,0.9713,19,0,1.00,None,1
1732,-11.10,105.75,5.04,0.00,0.9713,19,0,1.00,None,1
1733,-11.10,105.75,5.04,0.00,0.9713,19,0,1.00,None,1
1734,-11.10,105.75,5.04,0.00,0.9713,19,0,1.00,None,1
1735,-11.08,106.07,5.04,7.29,0.9712,19,0,1.00,None,1
1736,-11.08,106.07,5.04,7.29,0.9712,19,0,1.00,None,1
1737,-11.06,106.71,5.04,14.48,0.9712,19,0,1.00,None,1
1738,-11.06,106.71,5.04,14.48,0.9712,19,0,1.00,None,1
1739,-11.04,107.66,5.04,21.63,0.9712,19,0,1.00,None,1
1740,-11.04,107.66,5.04,21.63,0.9712,19,0,1.00,None,1
1741,-11.00,108.94,5.04,28.78,0.9712,19,0,1.00,None,1
1742,-11.00,108.94,5.04,28.78,0.9712,19,0,1.00,None,1
1743,-11.00,108.94,5.04,28.78,0.9712,19,0,1.00,None,1
1744,-11.00,108.94,5.04,28.78,0.9712,19,0,1.00,None,1
1745,-10.93,111.92,5.03,36.05,0.9711,19,0,1.00,None,1
1746,-10.93,111.92,5.03,36.05,0.9711,19,0,1.00,None,1
1747,-10.93,111.92,5.03,36.05,0.9711,19,0,1.00,None,1
1748,-10.85,114.28,5.03,49.50,0.9711,19,0,1.00,None,1
1749,-10.85,114.28,5.03,49.50,0.9711,19,0,1.00,None,1
1750,-10.78,116.58,5.02,57.28,0.9711,19,0,1.00,None,1
1751,-10.78,116.58,5.02,57.28,0.9711,19,0,1.00,None,1
1752,-10.70,119.50,5.02,63.83,0.9710,19,0,1.00,None,1
1753,-10.70,119.50,5.02,63.83,0.9710,19,0,1.00,None,1
1754,-10.63,122.51,5.02,71.28,0.9710,19,0,1.00,None,1
1755,-10.61,123.75,5.02,78.15,0.9710,19,0,1.00,None,1
1756,-10.61,123.75,5.02,78.15,0.9710,19,0,1.00,None,1
1757,-10.55,126.55,5.02,80.72,0.9710,19,0,1.00,None,1
1758,-10.55,126.55,5.02,80.72,0.9710,19,0,1.00,None,1
1759,-10.55,126.55,5.02,80.72,0.9710,19,0,1.00,None,1
1760,-10.55,126.55,5.02,80.72,0.9710,19,0,1.00,None,1
1761,-10.45,133.39,5.02,86.38,0.9709,19,0,1.00,None,1
1762,-10.45,133.39,5.02,86.38,0.9709,19,0,1.00,None,1
1763,-10.39,138.24,5.02,90.43,0.9709,19,0,1.00,None,1
1764,-10.39,138.24,5.02,90.43,0.9709,19,0,1.00,None,1
1765,-10.35,141.40,5.02,90.43,0.9709,19,0,1.00,None,1
1766,-10.35,142.30,5.03,57.62,0.9709,19,0,1.00,None,1
1767,-10.35,142.30,5.03,57.62,0.9709,19,0,1.00,None,1
1768,-10.35,142.60,5.03,0.00,0.9709,19,0,1.00,None,1
1769,-10.35,142.60,5.03,0.00,0.9709,19,0,1.00,None,1
1770,-10.35,142.60,5.03,0.00,0.9709,19,0,1.00,None,1
1771,-10.35,142.60,5.03,0.00,0.9709,19,0,1.00,None,1
1772,-10.35,142.60,5.03,0.00,0.9708,19,0,1.00,None,1
1773,-10.35,142.60,5.03,0.00,0.9708,19,0,1.00,None,1
1774,-10.35,142.60,5.03,0.00,0.9708,19,0,1.00,None,1
1775,-10.35,142.60,5.03,0.00,0.9708,19,0,1.00,None,1
1776,-10.35,142.60,5.03,0.00,0.9708,19,0,1.00,None,1
1777,-10.35,142.60,5.03,0.00,0.9708,19,0,1.00,None,1
1778,-10.35,142.60,5.03,0.00,0.9708,19,0,1.00,None,1
1779,-10.35,142.60,5.03,0.00,0.9707,19,0,1.00,None,1
1780,-10.35,142.60,5.03,0.00,0.9707,19,0,1.00,None,1
1781,-10.35,142.60,5.03,0.00,0.9707,19,0,1.00,None,1
1782,-10.35,142.60,5.03,0.00,0.9707,19,0,1.00,None,1
1783,-10.35,142.60,5.03,0.00,0.9707,19,0,1.00,None,1
1784,-10.35,142.60,5.03,0.00,0.9707,19,0,1.00,None,1
1785,-10.35,142.60,5.03,0.00,0.9707,19,0,1.00,None,1
1786,-10.35,142.60,5.03,0.00,0.9707,19,0,1.00,None,1
1787,-10.35,142.60,5.03,0.00,0.9707,19,0,1.00,None,1
1788,-10.35,142.60,5.03,0.00,0.9707,19,0,1.00,None,1
1789,-10.35,142.60,5.03,0.00,0.9706,19,0,1.00,None,1
1790,-10.35,142.60,5.03,0.00,0.9706,19,0,1.00,None,1
1791,-10.35,142.60,5.03,0.00,0.9706,19,0,1.00,None,1
1792,-10.35,142.60,5.03,0.00,0.9706,19,0,1.00,None,1
1793,-10.35,142.60,5.03,0.00,0.9706,19,0,1.00,None,1
1794,-10.35,142.60,5.03,0.00,0.9706,19,0,1.00,None,1
1795,-10.35,142.60,5.03,0.00,0.9706,19,0,1.00,None,1
1796,-10.35,142.60,5.03,0.00,0.9706,19,0,1.00,None,1
1797,-10.35,142.60,5.03,0.00,0.9706,19,0,1.00,None,1
1798,-10.35,142.60,5.03,0.00,0.9705,19,0,1.00,None,1
1799,-10.35,142.60,5.03,0.00,0.9705,19,0,1.00,None,1
1800,-10.35,142.60,5.03,0.00,0.9705,19,0,1.00,None,1
1801,-10.35,142.60,5.03,0.00,0.9705,19,0,1.00,None,1
1802,-10.35,142.60,5.03,0.00,0.9705,19,0,1.00,None,1
1803,-10.35,142.60,5.03,0.00,0.9705,19,0,1.00,None,1
1804,-10.35,142.60,5.03,0.00,0.9705,19,0,1.00,None,1
1805,-10.35,142.60,5.03,0.00,0.9705,19,0,1.00,None,1
1806,-10.35,142.60,5.03,0.00,0.9704,19,0,1.00,None,1
1807,-10.35,142.60,5.03,0.00,0.9704,19,0,1.00,None,1
1808,-10.35,142.60,5.03,0.00,0.9704,19,0,1.00,None,1
1809,-10.35,142.60,5.03,0.00,0.9704,19,0,1.00,None,1
1810,-10.35,142.60,5.03,0.00,0.9704,19,0,1.00,None,1
1811,-10.35,142.60,5.03,0.00,0.9704,19,0,1.00,None,1
1812,-10.35,142.60,5.03,0.00,0.9704,19,0,1.00,None,1
1813,-10.35,142.60,5.03,0.00,0.9704,19,0,1.00,None,1
1814,-10.35,142.60,5.03,0.00,0.9704,19,0,1.00,None,1
1815,-10.35,142.60,5.03,0.00,0.9703,19,0,1.00,None,1
1816,-10.35,142.60,5.03,0.00,0.9703,19,0,1.00,None,1
1817,-10.35,142.60,5.03,0.00,0.9703,19,0,1.00,None,1
1818,-10.35,142.60,5.03,0.00,0.9703,19,0,1.00,None,1
1819,-10.35,142.60,5.03,0.00,0.9703,19,0,1.00,None,1
1820,-10.35,142.60,5.03,0.00,0.9703,19,0,1.00,None,1
1821,-10.35,142.60,5.03,0.00,0.9703,19,0,1.00,None,1
1822,-10.35,142.60,5.03,0.00,0.9703,19,0,1.00,None,1
1823,-10.35,142.60,5.03,0.00,0.9703,19,0,1.00,None,1
1824,-10.35,142.60,5.03,0.00,0.9702,19,0,1.00,None,1
1825,-10.35,142.60,5.03,0.00,0.9702,19,0,1.00,None,1
1826,-10.35,142.60,5.03,0.00,0.9702,19,0,1.00,None,1
1827,-10.35,142.60,5.03,0.00,0.9702,19,0,1.00,None,1
1828,-10.35,142.60,5.03,0.00,0.9702,19,0,1.00,None,1
1829,-10.35,142.60,5.03,0.00,0.9702,19,0,1.00,None,1
1830,-10.35,142.60,5.03,0.00,0.9702,19,0,1.00,None,1
1831,-10.35,142.60,5.03,0.00,0.9702,19,0,1.00,None,1
1832,-10.35,142.60,5.03,0.00,0.9702,19,0,1.00,None,1
1833,-10.35,142.60,5.03,0.00,0.9702,19,0,1.00,None,1
1834,-10.35,142.60,5.03,0.00,0.9701,19,0,1.00,None,1
1835,-10.35,142.60,5.03,0.00,0.9701,19,0,1.00,None,1
1836,-10.35,142.60,5.03,0.00,0.9701,19,0,1.00,None,1
1837,-10.35,142.60,5.03,0.00,0.9701,19,0,1.00,None,1
1838,-10.35,142.60,5.03,0.00,0.9701,19,0,1.00,None,1
1839,-10.34,142.31,5.03,6.79,0.9701,19,0,1.00,None,1
1840,-10.34,142.31,5.03,6.79,0.9701,19,0,1.00,None,1
1841,-10.33,141.72,5.02,13.79,0.9701,19,0,1.00,None,1
1842,-10.33,141.72,5.02,13.79,0.9701,19,0,1.00,None,1
1843,-10.33,141.72,5.02,13.79,0.9701,19,0,1.00,None,1
1844,-10.33,141.72,5.02,13.79,0.9701,19,0,1.00,None,1
1845,-10.30,140.05,5.02,20.71,0.9700,19,0,1.00,None,1
1846,-10.30,140.05,5.02,20.71,0.9700,19,0,1.00,None,1
1847,-10.27,138.49,5.02,33.91,0.9700,19,0,1.00,None,1
1848,-10.27,138.49,5.02,33.91,0.9700,19,0,1.00,None,1
1849,-10.23,136.86,5.02,41.38,0.9700,19,0,1.00,None,1
1850,-10.23,136.86,5.02,41.38,0.9700,19,0,1.00,None,1
1851,-10.19,134.67,5.02,47.81,0.9699,19,0,1.00,None,1
1852,-10.19,134.67,5.02,47.81,0.9699,19,0,1.00,None,1
1853,-10.19,134.67,5.02,47.81,0.9699,19,0,1.00,None,1
1854,-10.12,131.30,5.02,62.44,0.9699,19,0,1.00,None,1
1855,-10.12,131.30,5.02,62.44,0.9699,19,0,1.00,None,1
1856,-10.07,128.79,5.01,64.90,0.9699,19,0,1.00,None,1
1857,-10.07,128.79,5.01,64.90,0.9699,19,0,1.00,None,1
1858,-10.07,128.79,5.01,64.90,0.9699,19,0,1.00,None,1
1859,-10.07,128.79,5.01,64.90,0.9699,19,0,1.00,None,1
1860,-9.95,123.10,5.01,71.20,0.9698,19,0,1.00,None,1
1861,-9.95,123.10,5.01,71.20,0.9698,19,0,1.00,None,1
1862,-9.95,123.10,5.01,71.20,0.9698,19,0,1.00,None,1
1863,-9.86,118.38,5.02,84.21,0.9698,19,0,1.00,None,1
1864,-9.86,118.38,5.02,84.21,0.9698,19,0,1.00,None,1
1865,-9.79,115.17,5.02,90.43,0.9698,19,0,1.00,None,1
1866,-9.76,113.81,5.03,90.43,0.9698,19,0,1.00,None,1
1867,-9.70,110.49,5.03,90.43,0.9698,19,0,1.00,None,1
1868,-9.70,110.49,5.03,90.43,0.9698,19,0,1.00,None,1
1869,-9.70,110.49,5.03,90.43,0.9698,19,0,1.00,None,1
1870,-9.70,110.49,5.03,90.43,0.9698,19,0,1.00,None,1
1871,-9.60,105.75,5.04,0.00,0.9697,19,0,1.00,None,1
1872,-9.60,105.75,5.04,0.00,0.9697,19,0,1.00,None,1
1873,-9.60,105.75,5.04,0.00,0.9697,19,0,1.00,None,1
1874,-9.60,105.75,5.04,0.00,0.9697,19,0,1.00,None,1
1875,-9.60,105.75,5.04,0.00,0.9697,19,0,1.00,None,1
1876,-9.60,105.75,5.04,0.00,0.9697,19,0,1.00,None,1
1877,-9.60,105.75,5.04,0.00,0.9697,19,0,1.00,None,1
1878,-9.60,105.75,5.04,0.00,0.9696,19,0,1.00,None,1
1879,-9.60,105.75,5.04,0.00,0.9696,19,0,1.00,None,1
1880,-9.60,105.75,5.04,0.00,0.9696,19,0,1.00,None,1
1881,-9.60,105.75,5.04,0.00,0.9696,19,0,1.00,None,1
1882,-9.60,105.75,5.04,0.00,0.9696,19,0,1.00,None,1
1883,-9.60,105.75,5.04,0.00,0.9696,19,0,1.00,None,1
1884,-9.60,105.75,5.04,0.00,0.9696,19,0,1.00,None,1
1885,-9.60,105.75,5.04,0.00,0.9696,19,0,1.00,None,1
1886,-9.60,105.75,5.04,0.00,0.9696,19,0,1.00,None,1
1887,-9.60,105.75,5.04,0.00,0.9695,19,0,1.00,None,1
1888,-9.60,105.75,5.04,0.00,0.9695,19,0,1.00,None,1
1889,-9.60,105.75,5.04,0.00,0.9695,19,0,1.00,None,1
1890,-9.60,105.75,5.04,0.00,0.9695,19,0,1.00,None,1
1891,-9.60,105.75,5.04,0.00,0.9695,19,0,1.00,None,1
1892,-9.60,105.75,5.04,0.00,0.9695,19,0,1.00,None,1
1893,-9.60,105.75,5.04,0.00,0.9695,19,0,1.00,None,1
1894,-9.60,105.75,5.04,0.00,0.9695,19,0,1.00,None,1
1895,-9.60,105.75,5.04,0.00,0.9695,19,0,1.00,None,1
1896,-9.60,105.75,5.04,0.00,0.9694,19,0,1.00,None,1
1897,-9.60,105.75,5.04,0.00,0.9694,19,0,1.00,None,1
1898,-9.60,105.75,5.04,0.00,0.9694,19,0,1.00,None,1
1899,-9.60,105.75,5.04,0.00,0.9694,19,0,1.00,None,1
1900,-9.60,105.75,5.04,0.00,0.9694,19,0,1.00,None,1
1901,-9.60,105.75,5.04,0.00,0.9694,19,0,1.00,None,1
1902,-9.60,105.75,5.04,0.00,0.9694,19,0,1.00,None,1
1903,-9.60,105.75,5.04,0.00,0.9694,19,0,1.00,None,1
1904,-9.60,105.75,5.04,0.00,0.9694,19,0,1.00,None,1
1905,-9.60,105.75,5.04,0.00,0.9693,19,0,1.00,None,1
1906,-9.60,105.75,5.04,0.00,0.9693,19,0,1.00,None,1
1907,-9.60,105.75,5.04,0.00,0.9693,19,0,1.00,None,1
1908,-9.60,105.75,5.04,0.00,0.9693,19,0,1.00,None,1
1909,-9.60,105.75,5.04,0.00,0.9693,19,0,1.00,None,1
1910,-9.60,105.75,5.04,0.00,0.9693,19,0,1.00,None,1
1911,-9.60,105.75,5.04,0.00,0.9693,19,0,1.00,None,1
1912,-9.60,105.75,5.04,0.00,0.9693,19,0,1.00,None,1
1913,-9.60,105.75,5.04,0.00,0.9693,19,0,1.00,None,1
1914,-9.60,105.75,5.04,0.00,0.9692,19,0,1.00,None,1
1915,-9.60,105.75,5.04,0.00,0.9692,19,0,1.00,None,1
1916,-9.60,105.75,5.04,0.00,0.9692,19,0,1.00,None,1
1917,-9.60,105.75,5.04,0.00,0.9692,19,0,1.00,None,1
1918,-9.60,105.75,5.04,0.00,0.9692,19,0,1.00,None,1
1919,-9.60,105.75,5.04,0.00,0.9692,19,0,1.00,None,1
1920,-9.60,105.75,5.04,0.00,0.9692,19,0,1.00,None,1
1921,-9.60,105.75,5.04,0.00,0.9692,19,0,1.00,None,1
1922,-9.60,105.75,5.04,0.00,0.9692,19,0,1.00,None,1
1923,-9.60,105.75,5.04,0.00,0.9691,19,0,1.00,None,1
1924,-9.60,105.75,5.04,0.00,0.9691,19,0,1.00,None,1
1925,-9.60,105.75,5.04,0.00,0.9691,19,0,1.00,None,1
1926,-9.60,105.75,5.04,0.00,0.9691,19,0,1.00,None,1
1927,-9.60,105.75,5.04,0.00,0.9691,19,0,1.00,None,1
1928,-9.60,105.75,5.04,0.00,0.9691,19,0,1.00,None,1
1929,-9.60,105.75,5.04,0.00,0.9691,19,0,1.00,None,1
1930,-9.60,105.75,5.04,0.00,0.9691,19,0,1.00,None,1
1931,-9.60,105.75,5.04,0.00,0.9691,19,0,1.00,None,1
1932,-9.60,105.75,5.04,0.00,0.9690,19,0,1.00,None,1
1933,-9.60,105.75,5.04,0.00,0.9690,19,0,1.00,None,1
1934,-9.60,105.75,5.04,0.00,0.9690,19,0,1.00,None,1
1935,-9.60,105.75,5.04,0.00,0.9690,19,0,1.00,None,1
1936,-9.60,105.75,5.04,0.00,0.9690,19,0,1.00,None,1
1937,-9.60,105.75,5.04,0.00,0.9690,19,0,1.00,None,1
1938,-9.60,105.75,5.04,0.00,0.9690,19,0,1.00,None,1
1939,-9.60,105.75,5.04,0.00,0.9690,19,0,1.00,None,1
1940,-9.60,105.75,5.04,0.00,0.9689,19,0,1.00,None,1
1941,-9.60,105.75,5.04,0.00,0.9689,19,0,1.00,None,1
1942,-9.60,105.75,5.04,0.00,0.9689,19,0,1.00,None,1
1943,-9.60,105.75,5.04,0.00,0.9689,19,0,1.00,None,1
1944,-9.60,105.75,5.04,0.00,0.9689,19,0,1.00,None,1
1945,-9.60,105.75,5.04,0.00,0.9689,19,0,1.00,None,1
1946,-9.60,105.75,5.04,0.00,0.9689,19,0,1.00,None,1
1947,-9.60,105.75,5.04,0.00,0.9689,19,0,1.00,None,1
1948,-9.60,105.75,5.04,0.00,0.9689,19,0,1.00,None,1
1949,-9.60,105.75,5.04,0.00,0.9689,19,0,1.00,None,1
1950,-9.60,105.75,5.04,0.00,0.9689,19,0,1.00,None,1
1951,-9.60,105.75,5.04,0.00,0.9688,19,0,1.00,None,1
1952,-9.60,105.75,5.04,0.00,0.9688,19,0,1.00,None,1
1953,-9.60,105.75,5.04,0.00,0.9688,19,0,1.00,None,1
1954,-9.60,105.75,5.04,0.00,0.9688,19,0,1.00,None,1
1955,-9.60,105.75,5.04,0.00,0.9688,19,0,1.00,None,1
1956,-9.60,105.75,5.04,0.00,0.9688,19,0,1.00,None,1
1957,-9.60,105.75,5.04,0.00,0.9688,19,0,1.00,None,1
1958,-9.60,105.75,5.04,0.00,0.9688,19,0,1.00,None,1
1959,-9.60,105.75,5.04,0.00,0.9688,19,0,1.00,None,1
1960,-9.60,105.75,5.04,0.00,0.9687,19,0,1.00,None,1
1961,-9.60,105.75,5.04,0.00,0.9687,19,0,1.00,None,1
1962,-9.60,105.75,5.04,0.00,0.9687,19,0,1.00,None,1
1963,-9.60,105.75,5.04,0.00,0.9687,19,0,1.00,None,1
1964,-9.60,105.75,5.04,0.00,0.9687,19,0,1.00,None,1
1965,-9.60,105.75,5.04,0.00,0.9687,19,0,1.00,None,1
1966,-9.60,105.75,5.04,0.00,0.9687,19,0,1.00,None,1
1967,-9.60,105.75,5.04,0.00,0.9687,19,0,1.00,None,1
1968,-9.60,105.75,5.04,0.00,0.9687,19,0,1.00,None,1
1969,-9.60,105.75,5.04,0.00,0.9686,19,0,1.00,None,1
1970,-9.60,105.75,5.04,0.00,0.9686,19,0,1.00,None,1
1971,-9.60,106.07,5.04,7.16,0.9686,19,0,1.00,None,1
1972,-9.60,106.07,5.04,7.16,0.9686,19,0,1.00,None,1
1973,-9.59,106.70,5.04,14.39,0.9686,19,0,1.00,None,1
1974,-9.59,106.70,5.04,14.39,0.9686,19,0,1.00,None,1
1975,-9.59,106.70,5.04,14.39,0.9686,19,0,1.00,None,1
1976,-9.57,107.65,5.04,21.52,0.9686,19,0,1.00,None,1
1977,-9.57,107.65,5.04,21.52,0.9686,19,0,1.00,None,1
1978,-9.55,108.92,5.03,28.72,0.9685,19,0,1.00,None,1
1979,-9.55,108.92,5.03,28.72,0.9685,19,0,1.00,None,1
1980,-9.55,108.92,5.03,28.72,0.9685,19,0,1.00,None,1
1981,-9.55,108.92,5.03,28.72,0.9685,19,0,1.00,None,1
1982,-9.49,112.05,5.03,35.94,0.9685,19,0,1.00,None,1
1983,-9.49,112.05,5.03,35.94,0.9685,19,0,1.00,None,1
1984,-9.49,112.05,5.03,35.94,0.9685,19,0,1.00,None,1
1985,-9.43,115.38,5.02,57.73,0.9684,19,0,1.00,None,1
1986,-9.43,115.38,5.02,57.73,0.9684,19,0,1.00,None,1
1987,-9.43,115.38,5.02,57.73,0.9684,19,0,1.00,None,1
1988,-9.43,115.38,5.02,57.73,0.9684,19,0,1.00,None,1
1989,-9.35,119.37,5.01,60.53,0.9684,19,0,1.00,None,1
1990,-9.35,119.37,5.01,60.53,0.9684,19,0,1.00,None,1
1991,-9.28,122.69,5.01,71.27,0.9684,19,0,1.00,None,1
1992,-9.28,122.69,5.01,71.27,0.9684,19,0,1.00,None,1
1993,-9.21,125.86,5.01,78.85,0.9684,19,0,1.00,None,1
1994,-9.21,125.86,5.01,78.85,0.9684,19,0,1.00,None,1
1995,-9.13,129.69,5.01,85.41,0.9683,19,0,1.00,None,1
1996,-9.13,129.69,5.01,85.41,0.9683,19,0,1.00,None,1
1997,-9.05,133.50,5.01,90.43,0.9683,19,0,1.00,None,1
1998,-9.01,135.04,5.01,90.43,0.9683,19,0,1.00,None,1
1999,-9.01,135.04,5.01,90.43,0.9683,19,0,1.00,None,1
2000,-8.95,138.11,5.01,90.43,0.9683,19,0,1.00,None,1
2001,-8.95,138.11,5.01,90.43,0.9683,19,0,1.00,None,1
2002,-8.95,138.11,5.01,90.43,0.9683,19,0,1.00,None,1
2003,-8.95,138.11,5.01,90.43,0.9683,19,0,1.00,None,1
2004,-8.85,142.60,5.02,0.00,0.9682,19,0,1.00,None,1
2005,-8.85,142.60,5.02,0.00,0.9682,19,0,1.00,None,1
2006,-8.85,142.60,5.02,0.00,0.9682,19,0,1.00,None,1
2007,-8.85,142.60,5.02,0.00,0.9682,19,0,1.00,None,1
2008,-8.85,142.60,5.02,0.00,0.9682,19,0,1.00,None,1
2009,-8.85,142.60,5.02,0.00,0.9682,19,0,1.00,None,1
2010,-8.85,142.60,5.02,0.00,0.9682,19,0,1.00,None,1
2011,-8.85,142.60,5.02,0.00,0.9682,19,0,1.00,None,1
2012,-8.85,142.60,5.02,0.00,0.9682,19,0,1.00,None,1
2013,-8.85,142.60,5.02,0.00,0.9681,19,0,1.00,None,1
2014,-8.85,142.60,5.02,0.00,0.9681,19,0,1.00,None,1
2015,-8.85,142.60,5.02,0.00,0.9681,19,0,1.00,None,1
2016,-8.85,142.60,5.02,0.00,0.9681,19,0,1.00,None,1
2017,-8.85,142.60,5.02,0.00,0.9681,19,0,1.00,None,1
2018,-8.85,142.60,5.02,0.00,0.9681,19,0,1.00,None,1
2019,-8.85,142.60,5.02,0.00,0.9681,19,0,1.00,None,1
2020,-8.85,142.60,5.02,0.00,0.9681,19,0,1.00,None,1
2021,-8.85,142.60,5.02,0.00,0.9681,19,0,1.00,None,1
2022,-8.85,142.60,5.02,0.00,0.9680,19,0,1.00,None,1
2023,-8.85,142.60,5.02,0.00,0.9680,19,0,1.00,None,1
2024,-8.85,142.60,5.02,0.00,0.9680,19,0,1.00,None,1
2025,-8.85,142.60,5.02,0.00,0.9680,19,0,1.00,None,1
2026,-8.85,142.60,5.02,0.00,0.9680,19,0,1.00,None,1
2027,-8.85,142.60,5.02,0.00,0.9680,19,0,1.00,None,1
2028,-8.85,142.60,5.02,0.00,0.9680,19,0,1.00,None,1
2029,-8.85,142.60,5.02,0.00,0.9680,19,0,1.00,None,1
2030,-8.85,142.60,5.02,0.00,0.9679,19,0,1.00,None,1
2031,-8.85,142.60,5.02,0.00,0.9679,19,0,1.00,None,1
2032,-8.85,142.60,5.02,0.00,0.9679,19,0,1.00,None,1
2033,-8.85,142.60,5.02,0.00,0.9679,19,0,1.00,None,1
2034,-8.85,142.60,5.02,0.00,0.9679,19,0,1.00,None,1
2035,-8.85,142.60,5.02,0.00,0.9679,19,0,1.00,None,1
2036,-8.85,142.60,5.02,0.00,0.9679,19,0,1.00,None,1
2037,-8.85,142.60,5.02,0.00,0.9679,19,0,1.00,None,1
2038,-8.85,142.60,5.02,0.00,0.9679,19,0,1.00,None,1
2039,-8.85,142.60,5.02,0.00,0.9679,19,0,1.00,None,1
2040,-8.85,142.60,5.02,0.00,0.9679,19,0,1.00,None,1
2041,-8.85,142.60,5.02,0.00,0.9678,19,0,1.00,None,1
2042,-8.85,142.60,5.02,0.00,0.9678,19,0,1.00,None,1
2043,-8.85,142.60,5.02,0.00,0.9678,19,0,1.00,None,1
2044,-8.85,142.60,5.02,0.00,0.9678,19,0,1.00,None,1
2045,-8.85,142.60,5.02,0.00,0.9678,19,0,1.00,None,1
2046,-8.85,142.60,5.02,0.00,0.9678,19,0,1.00,None,1
2047,-8.85,142.60,5.02,0.00,0.9678,19,0,1.00,None,1
2048,-8.85,142.60,5.02,0.00,0.9678,19,0,1.00,None,1
2049,-8.85,142.60,5.02,0.00,0.9678,19,0,1.00,None,1
2050,-8.85,142.60,5.02,0.00,0.9677,19,0,1.00,None,1
2051,-8.85,142.60,5.02,0.00,0.9677,19,0,1.00,None,1
2052,-8.85,142.60,5.02,0.00,0.9677,19,0,1.00,None,1
2053,-8.85,142.60,5.02,0.00,0.9677,19,0,1.00,None,1
2054,-8.85,142.60,5.02,0.00,0.9677,19,0,1.00,None,1
2055,-8.85,142.60,5.02,0.00,0.9677,19,0,1.00,None,1
2056,-8.85,142.60,5.02,0.00,0.9677,19,0,1.00,None,1
2057,-8.85,142.60,5.02,0.00,0.9677,19,0,1.00,None,1
2058,-8.85,142.60,5.02,0.00,0.9676,19,0,1.00,None,1
2059,-8.85,142.60,5.02,0.00,0.9676,19,0,1.00,None,1
2060,-8.85,142.60,5.02,0.00,0.9676,19,0,1.00,None,1
2061,-8.85,142.60,5.02,0.00,0.9676,19,0,1.00,None,1
2062,-8.85,142.60,5.02,0.00,0.9676,19,0,1.00,None,1
2063,-8.85,142.60,5.02,0.00,0.9676,19,0,1.00,None,1
2064,-8.85,142.60,5.02,0.00,0.9676,19,0,1.00,None,1
2065,-8.85,142.60,5.02,0.00,0.9676,19,0,1.00,None,1
2066,-8.85,142.60,5.02,0.00,0.9676,19,0,1.00,None,1
2067,-8.85,142.60,5.02,0.00,0.9675,19,0,1.00,None,1
2068,-8.85,142.60,5.02,0.00,0.9675,19,0,1.00,None,1
2069,-8.85,142.60,5.02,0.00,0.9675,19,0,1.00,None,1
2070,-8.85,142.60,5.02,0.00,0.9675,19,0,1.00,None,1
2071,-8.85,142.60,5.02,0.00,0.9675,19,0,1.00,None,1
2072,-8.85,142.60,5.02,0.00,0.9675,19,0,1.00,None,1
2073,-8.85,142.60,5.02,0.00,0.9675,19,0,1.00,None,1
2074,-8.85,142.60,5.02,0.00,0.9675,19,0,1.00,None,1
2075,-8.85,142.60,5.02,0.00,0.9675,19,0,1.00,None,1
2076,-8.84,142.30,5.02,6.98,0.9674,19,0,1.00,None,1
2077,-8.84,142.30,5.02,6.98,0.9674,19,0,1.00,None,1
2078,-8.83,141.70,5.02,13.99,0.9674,19,0,1.00,None,1
2079,-8.83,141.70,5.02,13.99,0.9674,19,0,1.00,None,1
2080,-8.81,140.79,5.02,20.97,0.9674,19,0,1.00,None,1
2081,-8.81,140.79,5.02,20.97,0.9674,19,0,1.00,None,1
2082,-8.79,139.60,5.01,28.03,0.9674,19,0,1.00,None,1
2083,-8.79,139.60,5.01,28.03,0.9674,19,0,1.00,None,1
2084,-8.79,139.60,5.01,28.03,0.9674,19,0,1.00,None,1
2085,-8.79,139.60,5.01,28.03,0.9674,19,0,1.00,None,1
2086,-8.73,136.76,5.01,34.96,0.9673,19,0,1.00,None,1
2087,-8.73,136.76,5.01,34.96,0.9673,19,0,1.00,None,1
2088,-8.68,134.38,5.01,48.18,0.9673,19,0,1.00,None,1
2089,-8.68,134.38,5.01,48.18,0.9673,19,0,1.00,None,1
2090,-8.64,132.18,5.01,56.23,0.9673,19,0,1.00,None,1
2091,-8.64,132.18,5.01,56.23,0.9673,19,0,1.00,None,1
2092,-8.64,132.18,5.01,56.23,0.9673,19,0,1.00,None,1
2093,-8.58,129.13,5.01,62.61,0.9673,19,0,1.00,None,1
2094,-8.58,129.13,5.01,62.61,0.9673,19,0,1.00,None,1
2095,-8.51,125.97,5.01,70.55,0.9672,19,0,1.00,None,1
2096,-8.49,124.67,5.02,77.85,0.9672,19,0,1.00,None,1
2097,-8.49,124.67,5.02,77.85,0.9672,19,0,1.00,None,1
2098,-8.42,121.58,5.02,80.58,0.9672,19,0,1.00,None,1
2099,-8.42,121.58,5.02,80.58,0.9672,19,0,1.00,None,1
2100,-8.42,121.58,5.02,80.58,0.9672,19,0,1.00,None,1
2101,-8.42,121.58,5.02,80.58,0.9672,19,0,1.00,None,1
2102,-8.28,114.74,5.02,86.82,0.9672,19,0,1.00,None,1
2103,-8.28,114.74,5.02,86.82,0.9672,19,0,1.00,None,1
2104,-8.28,114.74,5.02,86.82,0.9672,19,0,1.00,None,1
2105,-8.18,109.79,5.03,90.43,0.9671,19,0,1.00,None,1
2106,-8.12,106.57,5.04,90.43,0.9671,19,0,1.00,None,1
2107,-8.10,105.75,5.04,0.00,0.9671,19,0,1.00,None,1
2108,-8.10,105.75,5.04,0.00,0.9671,19,0,1.00,None,1
2109,-8.10,105.75,5.04,0.00,0.9671,19,0,1.00,None,1
2110,-8.10,105.75,5.04,0.00,0.9671,19,0,1.00,None,1
2111,-8.10,105.75,5.04,0.00,0.9671,19,0,1.00,None,1
2112,-8.10,105.75,5.04,0.00,0.9671,19,0,1.00,None,1
2113,-8.10,105.75,5.04,0.00,0.9670,19,0,1.00,None,1
2114,-8.10,105.75,5.04,0.00,0.9670,19,0,1.00,None,1
2115,-8.10,105.75,5.04,0.00,0.9670,19,0,1.00,None,1
2116,-8.10,105.75,5.04,0.00,0.9670,19,0,1.00,None,1
2117,-8.10,105.75,5.04,0.00,0.9670,19,0,1.00,None,1
2118,-8.10,105.75,5.04,0.00,0.9670,19,0,1.00,None,1
2119,-8.10,105.75,5.04,0.00,0.9670,19,0,1.00,None,1
2120,-8.10,105.75,5.04,0.00,0.9670,19,0,1.00,None,1
2121,-8.10,105.75,5.04,0.00,0.9670,19,0,1.00,None,1
2122,-8.10,105.75,5.04,0.00,0.9669,19,0,1.00,None,1
2123,-8.10,105.75,5.04,0.00,0.9669,19,0,1.00,None,1
2124,-8.10,105.75,5.04,0.00,0.9669,19,0,1.00,None,1
2125,-8.10,105.75,5.04,0.00,0.9669,19,0,1.00,None,1
2126,-8.10,105.75,5.04,0.00,0.9669,19,0,1.00,None,1
2127,-8.10,105.75,5.04,0.00,0.9669,19,0,1.00,None,1
2128,-8.10,105.75,5.04,0.00,0.9669,19,0,1.00,None,1
2129,-8.10,105.75,5.04,0.00,0.9669,19,0,1.00,None,1
2130,-8.10,105.75,5.04,0.00,0.9669,19,0,1.00,None,1
2131,-8.10,105.75,5.04,0.00,0.9668,19,0,1.00,None,1
2132,-8.10,105.75,5.04,0.00,0.9668,19,0,1.00,None,1
2133,-8.10,105.75,5.04,0.00,0.9668,19,0,1.00,None,1
2134,-8.10,105.75,5.04,0.00,0.9668,19,0,1.00,None,1
2135,-8.10,105.75,5.04,0.00,0.9668,19,0,1.00,None,1
2136,-8.10,105.75,5.04,0.00,0.9668,19,0,1.00,None,1
2137,-8.10,105.75,5.04,0.00,0.9668,19,0,1.00,None,1
2138,-8.10,105.75,5.04,0.00,0.9668,19,0,1.00,None,1
2139,-8.10,105.75,5.04,0.00,0.9668,19,0,1.00,None,1
2140,-8.10,105.75,5.04,0.00,0.9667,19,0,1.00,None,1
2141,-8.10,105.75,5.04,0.00,0.9667,19,0,1.00,None,1
2142,-8.10,105.75,5.04,0.00,0.9667,19,0,1.00,None,1
2143,-8.10,105.75,5.04,0.00,0.9667,19,0,1.00,None,1
2144,-8.10,105.75,5.04,0.00,0.9667,19,0,1.00,None,1
2145,-8.10,105.75,5.04,0.00,0.9667,19,0,1.00,None,1
2146,-8.10,105.75,5.04,0.00,0.9667,19,0,1.00,None,1
2147,-8.10,105.75,5.04,0.00,0.9667,19,0,1.00,None,1
2148,-8.10,105.75,5.04,0.00,0.9667,19,0,1.00,None,1
2149,-8.10,105.75,5.04,0.00,0.9666,19,0,1.00,None,1
2150,-8.10,105.75,5.04,0.00,0.9666,19,0,1.00,None,1
2151,-8.10,105.75,5.04,0.00,0.9666,19,0,1.00,None,1
2152,-8.10,105.75,5.04,0.00,0.9666,19,0,1.00,None,1
2153,-8.10,105.75,5.04,0.00,0.9666,19,0,1.00,None,1
2154,-8.10,105.75,5.04,0.00,0.9666,19,0,1.00,None,1
2155,-8.10,105.75,5.04,0.00,0.9666,19,0,1.00,None,1
2156,-8.10,105.75,5.04,0.00,0.9666,19,0,1.00,None,1
2157,-8.10,105.75,5.04,0.00,0.9665,19,0,1.00,None,1
2158,-8.10,105.75,5.04,0.00,0.9665,19,0,1.00,None,1
2159,-8.10,105.75,5.04,0.00,0.9665,19,0,1.00,None,1
2160,-8.10,105.75,5.04,0.00,0.9665,19,0,1.00,None,1
2161,-8.10,105.75,5.04,0.00,0.9665,19,0,1.00,None,1
2162,-8.10,105.75,5.04,0.00,0.9665,19,0,1.00,None,1
2163,-8.10,105.75,5.04,0.00,0.9665,19,0,1.00,None,1
2164,-8.10,105.75,5.04,0.00,0.9665,19,0,1.00,None,1
2165,-8.10,105.75,5.04,0.00,0.9665,19,0,1.00,None,1
2166,-8.10,105.75,5.04,0.00,0.9664,19,0,1.00,None,1
2167,-8.10,105.75,5.04,0.00,0.9664,19,0,1.00,None,1
2168,-8.10,105.75,5.04,0.00,0.9664,19,0,1.00,None,1
2169,-8.10,105.75,5.04,0.00,0.9664,19,0,1.00,None,1
2170,-8.10,105.75,5.04,0.00,0.9664,19,0,1.00,None,1
2171,-8.10,105.75,5.04,0.00,0.9664,19,0,1.00,None,1
2172,-8.10,105.75,5.04,0.00,0.9664,19,0,1.00,None,1
2173,-8.10,105.75,5.04,0.00,0.9664,19,0,1.00,None,1
2174,-8.10,105.75,5.04,0.00,0.9664,19,0,1.00,None,1
2175,-8.10,105.75,5.04,0.00,0.9663,19,0,1.00,None,1
2176,-8.10,105.75,5.04,0.00,0.9663,19,0,1.00,None,1
2177,-8.10,105.75,5.04,0.00,0.9663,19,0,1.00,None,1
2178,-8.10,105.75,5.04,0.00,0.9663,19,0,1.00,None,1
2179,-8.10,105.75,5.04,0.00,0.9663,19,0,1.00,None,1
2180,-8.10,105.75,5.04,0.00,0.9663,19,0,1.00,None,1
2181,-8.10,105.75,5.04,0.00,0.9663,19,0,1.00,None,1
2182,-8.09,106.07,5.04,7.20,0.9663,19,0,1.00,None,1
2183,-8.09,106.07,5.04,7.20,0.9663,19,0,1.00,None,1
2184,-8.08,106.71,5.04,14.36,0.9662,19,0,1.00,None,1
2185,-8.08,106.71,5.04,14.36,0.9662,19,0,1.00,None,1
2186,-8.08,106.71,5.04,14.36,0.9662,19,0,1.00,None,1
2187,-8.08,106.71,5.04,14.36,0.9662,19,0,1.00,None,1
2188,-8.04,108.48,5.04,21.68,0.9662,19,0,1.00,None,1
2189,-8.04,108.48,5.04,21.68,0.9662,19,0,1.00,None,1
2190,-8.01,110.12,5.03,34.97,0.9662,19,0,1.00,None,1
2191,-8.01,110.12,5.03,34.97,0.9662,19,0,1.00,None,1
2192,-7.98,111.84,5.03,42.61,0.9661,19,0,1.00,None,1
2193,-7.98,111.84,5.03,42.61,0.9661,19,0,1.00,None,1
2194,-7.98,111.84,5.03,42.61,0.9661,19,0,1.00,None,1
2195,-7.93,114.09,5.03,49.17,0.9661,19,0,1.00,None,1
2196,-7.93,114.09,5.03,49.17,0.9661,19,0,1.00,None,1
2197,-7.88,116.50,5.02,56.64,0.9661,19,0,1.00,None,1
2198,-7.86,117.48,5.02,63.58,0.9661,19,0,1.00,None,1
2199,-7.81,119.86,5.02,66.10,0.9661,19,0,1.00,None,1
2200,-7.81,119.86,5.02,66.10,0.9661,19,0,1.00,None,1
2201,-7.81,119.86,5.02,66.10,0.9661,19,0,1.00,None,1
2202,-7.81,119.86,5.02,66.10,0.9661,19,0,1.00,None,1
2203,-7.70,125.56,5.02,71.95,0.9660,19,0,1.00,None,1
2204,-7.70,125.56,5.02,71.95,0.9660,19,0,1.00,None,1
2205,-7.70,125.56,5.02,71.95,0.9660,19,0,1.00,None,1
2206,-7.60,130.12,5.02,84.86,0.9660,19,0,1.00,None,1
2207,-7.60,130.12,5.02,84.86,0.9660,19,0,1.00,None,1
2208,-7.54,133.33,5.02,90.43,0.9660,19,0,1.00,None,1
2209,-7.51,134.76,5.02,90.43,0.9660,19,0,1.00,None,1
2210,-7.44,138.10,5.02,90.43,0.9659,19,0,1.00,None,1
2211,-7.44,138.10,5.02,90.43,0.9659,19,0,1.00,None,1
2212,-7.44,138.10,5.02,90.43,0.9659,19,0,1.00,None,1
2213,-7.44,138.10,5.02,90.43,0.9659,19,0,1.00,None,1
2214,-7.35,142.60,5.03,0.00,0.9659,19,0,1.00,None,1
2215,-7.35,142.60,5.03,0.00,0.9659,19,0,1.00,None,1
2216,-7.35,142.60,5.03,0.00,0.9659,19,0,1.00,None,1
2217,-7.35,142.60,5.03,0.00,0.9659,19,0,1.00,None,1
2218,-7.35,142.60,5.03,0.00,0.9659,19,0,1.00,None,1
2219,-7.35,142.60,5.03,0.00,0.9658,19,0,1.00,None,1
2220,-7.35,142.60,5.03,0.00,0.9658,19,0,1.00,None,1
2221,-7.35,142.60,5.03,0.00,0.9658,19,0,1.00,None,1
2222,-7.35,142.60,5.03,0.00,0.9658,19,0,1.00,None,1
2223,-7.35,142.60,5.03,0.00,0.9658,19,0,1.00,None,1
2224,-7.35,142.60,5.03,0.00,0.9658,19,0,1.00,None,1
2225,-7.35,142.60,5.03,0.00,0.9658,19,0,1.00,None,1
2226,-7.35,142.60,5.03,0.00,0.9658,19,0,1.00,None,1
2227,-7.35,142.60,5.03,0.00,0.9658,19,0,1.00,None,1
2228,-7.35,142.60,5.03,0.00,0.9658,19,0,1.00,None,1
2229,-7.35,142.60,5.03,0.00,0.9658,19,0,1.00,None,1
2230,-7.35,142.60,5.03,0.00,0.9657,19,0,1.00,None,1
2231,-7.35,142.60,5.03,0.00,0.9657,19,0,1.00,None,1
2232,-7.35,142.60,5.03,0.00,0.9657,19,0,1.00,None,1
2233,-7.35,142.60,5.03,0.00,0.9657,19,0,1.00,None,1
2234,-7.35,142.60,5.03,0.00,0.9657,19,0,1.00,None,1
2235,-7.35,142.60,5.03,0.00,0.9657,19,0,1.00,None,1
2236,-7.35,142.60,5.03,0.00,0.9657,19,0,1.00,None,1
2237,-7.35,142.60,5.03,0.00,0.9657,19,0,1.00,None,1
2238,-7.35,142.60,5.03,0.00,0.9657,19,0,1.00,None,1
2239,-7.35,142.60,5.03,0.00,0.9656,19,0,1.00,None,1
2240,-7.35,142.60,5.03,0.00,0.9656,19,0,1.00,None,1
2241,-7.35,142.60,5.03,0.00,0.9656,19,0,1.00,None,1
2242,-7.35,142.60,5.03,0.00,0.9656,19,0,1.00,None,1
2243,-7.35,142.60,5.03,0.00,0.9656,19,0,1.00,None,1
2244,-7.35,142.60,5.03,0.00,0.9656,19,0,1.00,None,1
2245,-7.35,142.60,5.03,0.00,0.9656,19,0,1.00,None,1
2246,-7.35,142.60,5.03,0.00,0.9656,19,0,1.00,None,1
2247,-7.35,142.60,5.03,0.00,0.9656,19,0,1.00,None,1
2248,-7.35,142.60,5.03,0.00,0.9655,19,0,1.00,None,1
2249,-7.35,142.60,5.03,0.00,0.9655,19,0,1.00,None,1
2250,-7.35,142.60,5.03,0.00,0.9655,19,0,1.00,None,1
2251,-7.35,142.60,5.03,0.00,0.9655,19,0,1.00,None,1
2252,-7.35,142.60,5.03,0.00,0.9655,19,0,1.00,None,1
2253,-7.35,142.60,5.03,0.00,0.9655,19,0,1.00,None,1
2254,-7.35,142.60,5.03,0.00,0.9655,19,0,1.00,None,1
2255,-7.35,142.60,5.03,0.00,0.9655,19,0,1.00,None,1
2256,-7.35,142.60,5.03,0.00,0.9654,19,0,1.00,None,1
2257,-7.35,142.60,5.03,0.00,0.9654,19,0,1.00,None,1
2258,-7.35,142.60,5.03,0.00,0.9654,19,0,1.00,None,1
2259,-7.35,142.60,5.03,0.00,0.9654,19,0,1.00,None,1
2260,-7.35,142.60,5.03,0.00,0.9654,19,0,1.00,None,1
2261,-7.35,142.60,5.03,0.00,0.9654,19,0,1.00,None,1
2262,-7.35,142.60,5.03,0.00,0.9654,19,0,1.00,None,1
2263,-7.35,142.60,5.03,0.00,0.9654,19,0,1.00,None,1
2264,-7.35,142.60,5.03,0.00,0.9654,19,0,1.00,None,1
2265,-7.35,142.60,5.03,0.00,0.9653,19,0,1.00,None,1
2266,-7.35,142.60,5.03,0.00,0.9653,19,0,1.00,None,1
2267,-7.35,142.60,5.03,0.00,0.9653,19,0,1.00,None,1
2268,-7.35,142.60,5.03,0.00,0.9653,19,0,1.00,None,1
2269,-7.35,142.60,5.03,0.00,0.9653,19,0,1.00,None,1
2270,-7.35,142.60,5.03,0.00,0.9653,19,0,1.00,None,1
2271,-7.35,142.60,5.03,0.00,0.9653,19,0,1.00,None,1
2272,-7.35,142.60,5.03,0.00,0.9653,19,0,1.00,None,1
2273,-7.35,142.60,5.03,0.00,0.9652,19,0,1.00,None,1
2274,-7.35,142.60,5.03,0.00,0.9652,19,0,1.00,None,1
2275,-7.35,142.60,5.03,0.00,0.9652,19,0,1.00,None,1
2276,-7.35,142.60,5.03,0.00,0.9652,19,0,1.00,None,1
2277,-7.35,142.60,5.03,0.00,0.9652,19,0,1.00,None,1
2278,-7.35,142.60,5.03,0.00,0.9652,19,0,1.00,None,1
2279,-7.35,142.60,5.03,0.00,0.9652,19,0,1.00,None,1
2280,-7.35,142.60,5.03,0.00,0.9652,19,0,1.00,None,1
2281,-7.35,142.60,5.03,0.00,0.9652,19,0,1.00,None,1
2282,-7.35,142.60,5.03,0.00,0.9652,19,0,1.00,None,1
2283,-7.35,142.60,5.03,0.00,0.9652,19,0,1.00,None,1
2284,-7.35,142.60,5.03,0.00,0.9651,19,0,1.00,None,1
2285,-7.35,142.60,5.03,0.00,0.9651,19,0,1.00,None,1
2286,-7.34,142.30,5.03,7.03,0.9651,19,0,1.00,None,1
2287,-7.34,142.30,5.03,7.03,0.9651,19,0,1.00,None,1
2288,-7.33,141.70,5.03,13.94,0.9651,19,0,1.00,None,1
2289,-7.33,141.70,5.03,13.94,0.9651,19,0,1.00,None,1
2290,-7.31,140.80,5.02,21.03,0.9651,19,0,1.00,None,1
2291,-7.31,140.80,5.02,21.03,0.9651,19,0,1.00,None,1
2292,-7.31,140.80,5.02,21.03,0.9651,19,0,1.00,None,1
2293,-7.29,139.61,5.02,27.99,0.9650,19,0,1.00,None,1
2294,-7.29,139.61,5.02,27.99,0.9650,19,0,1.00,None,1
2295,-7.29,139.61,5.02,27.99,0.9650,19,0,1.00,None,1
2296,-7.29,139.61,5.02,27.99,0.9650,19,0,1.00,None,1
2297,-7.23,136.73,5.02,34.92,0.9650,19,0,1.00,None,1
2298,-7.23,136.73,5.02,34.92,0.9650,19,0,1.00,None,1
2299,-7.18,134.43,5.02,48.33,0.9650,19,0,1.00,None,1
2300,-7.18,134.43,5.02,48.33,0.9650,19,0,1.00,None,1
2301,-7.14,132.20,5.02,56.09,0.9649,19,0,1.00,None,1
2302,-7.14,132.20,5.02,56.09,0.9649,19,0,1.00,None,1
2303,-7.08,129.17,5.02,62.57,0.9649,19,0,0.80,None,1
2304,-7.08,129.17,5.02,62.57,0.9649,19,0,0.80,None,1
2305,-7.08,129.17,5.02,62.57,0.9649,19,0,0.80,None,1
2306,-7.01,125.94,5.02,70.47,0.9649,19,0,1.00,None,1
2307,-6.98,124.64,5.02,77.93,0.9649,19,0,1.00,None,1
2308,-6.98,124.64,5.02,77.93,0.9649,19,0,1.00,None,1
2309,-6.92,121.54,5.02,80.65,0.9649,19,0,1.00,None,1
2310,-6.92,121.54,5.02,80.65,0.9649,19,0,1.00,None,1
2311,-6.92,121.54,5.02,80.65,0.9649,19,0,1.00,None,1
2312,-6.78,114.69,5.03,86.92,0.9648,19,0,1.00,None,1
2313,-6.78,114.69,5.03,86.92,0.9648,19,0,1.00,None,1
2314,-6.78,114.69,5.03,86.92,0.9648,19,0,1.00,None,1
2315,-6.68,109.74,5.04,90.43,0.9648,19,0,1.00,None,1
2316,-6.68,109.74,5.04,90.43,0.9648,19,0,1.00,None,1
2317,-6.62,106.55,5.04,90.43,0.9648,19,0,1.00,None,1
2318,-6.60,105.75,5.04,0.00,0.9648,19,0,1.00,None,1
2319,-6.60,105.75,5.04,0.00,0.9648,19,0,1.00,None,1
2320,-6.60,105.75,5.04,0.00,0.9647,19,0,1.00,None,1
2321,-6.60,105.75,5.04,0.00,0.9647,19,0,1.00,None,1
2322,-6.60,105.75,5.04,0.00,0.9647,19,0,1.00,None,1
2323,-6.60,105.75,5.04,0.00,0.9647,19,0,1.00,None,1
2324,-6.60,105.75,5.04,0.00,0.9647,19,0,1.00,None,1
2325,-6.60,105.75,5.04,0.00,0.9647,19,0,1.00,None,1
2326,-6.60,105.75,5.04,0.00,0.9647,19,0,1.00,None,1
2327,-6.60,105.75,5.04,0.00,0.9647,19,0,1.00,None,1
2328,-6.60,105.75,5.04,0.00,0.9646,19,0,1.00,None,1
2329,-6.60,105.75,5.04,0.00,0.9646,19,0,1.00,None,1
2330,-6.60,105.75,5.04,0.00,0.9646,19,0,1.00,None,1
2331,-6.60,105.75,5.04,0.00,0.9646,19,0,1.00,None,1
2332,-6.60,105.75,5.04,0.00,0.9646,19,0,1.00,None,1
2333,-6.60,105.75,5.04,0.00,0.9646,19,0,1.00,None,1
2334,-6.60,105.75,5.04,0.00,0.9646,19,0,1.00,None,1
2335,-6.60,105.75,5.04,0.00,0.9646,19,0,1.00,None,1
2336,-6.60,105.75,5.04,0.00,0.9646,19,0,1.00,None,1
2337,-6.60,105.75,5.04,0.00,0.9646,19,0,1.00,None,1
2338,-6.60,105.75,5.04,0.00,0.9645,19,0,1.00,None,1
2339,-6.60,105.75,5.04,0.00,0.9645,19,0,1.00,None,1
2340,-6.60,105.75,5.04,0.00,0.9645,19,0,1.00,None,1
2341,-6.60,105.75,5.04,0.00,0.9645,19,0,1.00,None,1
2342,-6.60,105.75,5.04,0.00,0.9645,19,0,1.00,None,1
2343,-6.60,105.75,5.04,0.00,0.9645,19,0,1.00,None,1
2344,-6.60,105.75,5.04,0.00,0.9645,19,0,1.00,None,1
2345,-6.60,105.75,5.04,0.00,0.9645,19,0,1.00,None,1
2346,-6.60,105.75,5.04,0.00,0.9645,19,0,1.00,None,1
2347,-6.60,105.75,5.04,0.00,0.9644,19,0,1.00,None,1
2348,-6.60,105.75,5.04,0.00,0.9644,19,0,1.00,None,1
2349,-6.60,105.75,5.04,0.00,0.9644,19,0,1.00,None,1
2350,-6.60,105.75,5.04,0.00,0.9644,19,0,1.00,None,1
2351,-6.60,105.75,5.04,0.00,0.9644,19,0,1.00,None,1
2352,-6.60,105.75,5.04,0.00,0.9644,19,0,1.00,None,1
2353,-6.60,105.75,5.04,0.00,0.9644,19,0,1.00,None,1
2354,-6.60,105.75,5.04,0.00,0.9644,19,0,1.00,None,1
2355,-6.60,105.75,5.04,0.00,0.9644,19,0,1.00,None,1
2356,-6.60,105.75,5.04,0.00,0.9643,19,0,1.00,None,1
2357,-6.60,105.75,5.04,0.00,0.9643,19,0,1.00,None,1
2358,-6.60,105.75,5.04,0.00,0.9643,19,0,1.00,None,1
2359,-6.60,105.75,5.04,0.00,0.9643,19,0,1.00,None,1
2360,-6.60,105.75,5.04,0.00,0.9643,19,0,1.00,None,1
2361,-6.60,105.75,5.04,0.00,0.9643,19,0,1.00,None,1
2362,-6.60,105.75,5.04,0.00,0.9643,19,0,1.00,None,1
2363,-6.60,105.75,5.04,0.00,0.9643,19,0,1.00,None,1
2364,-6.60,105.75,5.04,0.00,0.9643,19,0,1.00,None,1
2365,-6.60,105.75,5.04,0.00,0.9642,19,0,1.00,None,1
2366,-6.60,105.75,5.04,0.00,0.9642,19,0,1.00,None,1
2367,-6.60,105.75,5.04,0.00,0.9642,19,0,1.00,None,1
2368,-6.60,105.75,5.04,0.00,0.9642,19,0,1.00,None,1
2369,-6.60,105.75,5.04,0.00,0.9642,19,0,1.00,None,1
2370,-6.60,105.75,5.04,0.00,0.9642,19,0,1.00,None,1
2371,-6.60,105.75,5.04,0.00,0.9642,19,0,1.00,None,1
2372,-6.60,105.75,5.04,0.00,0.9642,19,0,1.00,None,1
2373,-6.60,105.75,5.04,0.00,0.9642,19,0,1.00,None,1
2374,-6.60,105.75,5.04,0.00,0.9641,19,0,1.00,None,1
2375,-6.60,105.75,5.04,0.00,0.9641,19,0,1.00,None,1
2376,-6.60,105.75,5.04,0.00,0.9641,19,0,1.00,None,1
2377,-6.60,105.75,5.04,0.00,0.9641,19,0,1.00,None,1
2378,-6.60,105.75,5.04,0.00,0.9641,19,0,1.00,None,1
2379,-6.60,105.75,5.04,0.00,0.9641,19,0,1.00,None,1
2380,-6.60,105.75,5.04,0.00,0.9641,19,0,1.00,None,1
2381,-6.60,105.75,5.04,0.00,0.9641,19,0,1.00,None,1
2382,-6.60,105.75,5.04,0.00,0.9640,19,0,1.00,None,1
2383,-6.60,105.75,5.04,0.00,0.9640,19,0,1.00,None,1
2384,-6.60,105.75,5.04,0.00,0.9640,19,0,1.00,None,1
2385,-6.60,105.75,5.04,0.00,0.9640,19,0,1.00,None,1
2386,-6.60,105.75,5.04,0.00,0.9640,19,0,1.00,None,1
2387,-6.60,105.75,5.04,0.00,0.9640,19,0,1.00,None,1
2388,-6.60,105.75,5.04,0.00,0.9640,19,0,1.00,None,1
2389,-6.60,105.75,5.04,0.00,0.9640,19,0,1.00,None,1
2390,-6.60,105.75,5.04,0.00,0.9640,19,0,1.00,None,1
2391,-6.60,105.75,5.04,0.00,0.9639,19,0,1.00,None,1
2392,-6.60,105.75,5.04,0.00,0.9639,19,0,1.00,None,1
2393,-6.60,105.75,5.04,0.00,0.9639,19,0,1.00,None,1
2394,-6.59,106.08,5.04,7.36,0.9639,19,0,1.00,None,1
2395,-6.59,106.08,5.04,7.36,0.9639,19,0,1.00,None,1
2396,-6.58,106.74,5.04,14.63,0.9639,19,0,1.00,None,1
2397,-6.58,106.74,5.04,14.63,0.9639,19,0,1.00,None,1
2398,-6.58,106.74,5.04,14.63,0.9639,19,0,1.00,None,1
2399,-6.58,106.74,5.04,14.63,0.9639,19,0,1.00,None,1
2400,-6.54,108.56,5.04,21.98,0.9638,19,0,1.00,None,1
2401,-6.54,108.56,5.04,21.98,0.9638,19,0,1.00,None,1
2402,-6.54,108.56,5.04,21.98,0.9638,19,0,1.00,None,1
2403,-6.51,110.30,5.04,35.45,0.9638,19,0,1.00,None,1
2404,-6.51,110.30,5.04,35.45,0.9638,19,0,1.00,None,1
2405,-6.47,112.05,5.03,43.49,0.9638,19,0,1.00,None,1
2406,-6.47,112.05,5.03,43.49,0.9638,19,0,1.00,None,1
2407,-6.43,114.32,5.03,50.03,0.9638,19,0,1.00,None,1
2408,-6.43,114.32,5.03,50.03,0.9638,19,0,1.00,None,1
2409,-6.38,116.79,5.03,57.42,0.9637,19,0,1.00,None,1
2410,-6.35,117.83,5.03,64.43,0.9637,19,0,1.00,None,1
2411,-6.35,117.83,5.03,64.43,0.9637,19,0,1.00,None,1
2412,-6.30,120.25,5.03,67.07,0.9637,19,0,1.00,None,1
2413,-6.30,120.25,5.03,67.07,0.9637,19,0,1.00,None,1
2414,-6.30,120.25,5.03,67.07,0.9637,19,0,1.00,None,1
2415,-6.30,120.25,5.03,67.07,0.9637,19,0,1.00,None,1
2416,-6.19,125.94,5.03,72.93,0.9637,19,0,1.00,None,1
2417,-6.19,125.94,5.03,72.93,0.9637,19,0,1.00,None,1
2418,-6.09,130.64,5.03,85.66,0.9636,19,0,1.00,None,1
2419,-6.09,130.64,5.03,85.66,0.9636,19,0,1.00,None,1
2420,-6.03,133.78,5.03,90.43,0.9636,19,0,1.00,None,1
2421,-6.00,135.20,5.03,90.43,0.9636,19,0,1.00,None,1
2422,-6.00,135.20,5.03,90.43,0.9636,19,0,1.00,None,1
2423,-5.93,138.57,5.03,90.43,0.9636,19,0,1.00,None,1
2424,-5.93,138.57,5.03,90.43,0.9636,19,0,1.00,None,1
2425,-5.93,138.57,5.03,90.43,0.9636,19,0,1.00,None,1
2426,-5.93,138.57,5.03,90.43,0.9636,19,0,1.00,None,1
2427,-5.85,142.60,5.03,0.00,0.9635,19,0,0.20,None,1
2428,-5.85,142.60,5.03,0.00,0.9635,19,0,0.40,None,1
2429,-5.85,142.60,5.03,0.00,0.9635,19,0,0.40,None,1
2430,-5.85,142.60,5.03,0.00,0.9635,19,0,0.40,None,1
2431,-5.85,142.60,5.03,0.00,0.9635,19,0,0.40,None,1
2432,-5.85,142.60,5.03,0.00,0.9635,19,0,0.60,None,1
2433,-5.85,142.60,5.03,0.00,0.9635,19,0,0.60,None,1
2434,-5.85,142.60,5.03,0.00,0.9635,19,0,0.60,None,1
2435,-5.85,142.60,5.03,0.00,0.9635,19,0,0.60,None,1
2436,-5.85,142.60,5.03,0.00,0.9634,19,0,0.60,None,1
2437,-5.85,142.60,5.03,0.00,0.9634,19,0,0.40,None,1
2438,-5.85,142.60,5.03,0.00,0.9634,19,0,0.40,None,1
2439,-5.85,142.60,5.03,0.00,0.9634,19,0,0.40,None,1
2440,-5.85,142.60,5.03,0.00,0.9634,19,0,0.40,None,1
2441,-5.85,142.60,5.03,0.00,0.9634,19,0,0.40,None,1
2442,-5.85,142.60,5.03,0.00,0.9634,19,0,0.40,None,1
2443,-5.85,142.60,5.03,0.00,0.9634,19,0,0.60,None,1
2444,-5.85,142.60,5.03,0.00,0.9634,19,0,0.60,None,1
2445,-5.85,142.60,5.03,0.00,0.9633,19,0,0.60,None,1
2446,-5.85,142.60,5.03,0.00,0.9633,19,0,0.60,None,1
2447,-5.85,142.60,5.03,0.00,0.9633,19,0,0.60,None,1
2448,-5.85,142.60,5.03,0.00,0.9633,19,0,0.80,None,1
2449,-5.85,142.60,5.03,0.00,0.9633,19,0,0.80,None,1
2450,-5.85,142.60,5.03,0.00,0.9633,19,0,0.80,None,1
2451,-5.85,142.60,5.03,0.00,0.9633,19,0,0.80,None,1
2452,-5.85,142.60,5.03,0.00,0.9633,19,0,0.80,None,1
2453,-5.85,142.60,5.03,0.00,0.9633,19,0,0.80,None,1
2454,-5.85,142.60,5.03,0.00,0.9633,19,0,0.80,None,1
2455,-5.85,142.60,5.03,0.00,0.9632,19,0,0.80,None,1
2456,-5.85,142.60,5.03,0.00,0.9632,19,0,0.80,None,1
2457,-5.85,142.60,5.03,0.00,0.9632,19,0,0.80,None,1
2458,-5.85,142.60,5.03,0.00,0.9632,19,0,0.80,None,1
2459,-5.85,142.60,5.03,0.00,0.9632,19,0,0.80,None,1
2460,-5.85,142.60,5.03,0.00,0.9632,19,0,0.80,None,1
2461,-5.85,142.60,5.03,0.00,0.9632,19,0,0.80,None,1
2462,-5.85,142.60,5.03,0.00,0.9632,19,0,0.80,None,1
2463,-5.85,142.60,5.03,0.00,0.9632,19,0,0.80,None,1
2464,-5.85,142.60,5.03,0.00,0.9631,19,0,0.80,None,1
2465,-5.85,142.60,5.03,0.00,0.9631,19,0,0.80,None,1
2466,-5.85,142.60,5.03,0.00,0.9631,19,0,0.80,None,1
2467,-5.85,142.60,5.03,0.00,0.9631,19,0,0.80,None,1
2468,-5.85,142.60,5.03,0.00,0.9631,19,0,0.80,None,1
2469,-5.85,142.60,5.03,0.00,0.9631,19,0,0.80,None,1
2470,-5.85,142.60,5.03,0.00,0.9631,19,0,0.80,None,1
2471,-5.85,142.60,5.03,0.00,0.9631,19,0,0.80,None,1
2472,-5.85,142.60,5.03,0.00,0.9631,19,0,1.00,None,1
2473,-5.85,142.60,5.03,0.00,0.9630,19,0,1.00,None,1
2474,-5.85,142.60,5.03,0.00,0.9630,19,0,1.00,None,1
2475,-5.85,142.60,5.03,0.00,0.9630,19,0,1.00,None,1
2476,-5.85,142.60,5.03,0.00,0.9630,19,0,1.00,None,1
2477,-5.85,142.60,5.03,0.00,0.9630,19,0,1.00,None,1
2478,-5.85,142.60,5.03,0.00,0.9630,19,0,1.00,None,1
2479,-5.85,142.60,5.03,0.00,0.9630,19,0,1.00,None,1
2480,-5.85,142.60,5.03,0.00,0.9630,19,0,1.00,None,1
2481,-5.85,142.60,5.03,0.00,0.9630,19,0,1.00,None,1
2482,-5.85,142.60,5.03,0.00,0.9629,19,0,1.00,None,1
2483,-5.85,142.60,5.03,0.00,0.9629,19,0,1.00,None,1
2484,-5.85,142.60,5.03,0.00,0.9629,19,0,1.00,None,1
2485,-5.85,142.60,5.03,0.00,0.9629,19,0,1.00,None,1
2486,-5.85,142.60,5.03,0.00,0.9629,19,0,1.00,None,1
2487,-5.85,142.60,5.03,0.00,0.9629,19,0,1.00,None,1
2488,-5.85,142.60,5.03,0.00,0.9629,19,0,1.00,None,1
2489,-5.85,142.60,5.03,0.00,0.9629,19,0,1.00,None,1
2490,-5.85,142.60,5.03,0.00,0.9628,19,0,1.00,None,1
2491,-5.85,142.60,5.03,0.00,0.9628,19,0,1.00,None,1
2492,-5.85,142.60,5.03,0.00,0.9628,19,0,1.00,None,1
2493,-5.85,142.60,5.03,0.00,0.9628,19,0,1.00,None,1
2494,-5.85,142.60,5.03,0.00,0.9628,19,0,1.00,None,1
2495,-5.85,142.60,5.03,0.00,0.9628,19,0,1.00,None,1
2496,-5.85,142.60,5.03,0.00,0.9628,19,0,1.00,None,1
2497,-5.85,142.60,5.03,0.00,0.9628,19,0,1.00,None,1
2498,-5.85,142.60,5.03,0.00,0.9628,19,0,1.00,None,1
2499,-5.84,142.30,5.03,6.98,0.9627,19,0,1.00,None,1
2500,-5.84,142.30,5.03,6.98,0.9627,19,0,1.00,None,1
2501,-5.83,141.70,5.03,14.07,0.9627,19,0,1.00,None,1
2502,-5.83,141.70,5.03,14.07,0.9627,19,0,1.00,None,1
2503,-5.81,140.79,5.03,21.02,0.9627,19,0,1.00,None,1
2504,-5.81,140.79,5.03,21.02,0.9627,19,0,1.00,None,1
2505,-5.79,139.60,5.03,28.04,0.9627,19,0,1.00,None,1
2506,-5.79,139.60,5.03,28.04,0.9627,19,0,1.00,None,1
2507,-5.79,139.60,5.03,28.04,0.9627,19,0,1.00,None,1
2508,-5.79,139.60,5.03,28.04,0.9627,19,0,1.00,None,1
2509,-5.73,136.72,5.03,34.94,0.9626,19,0,1.00,None,1
2510,-5.73,136.72,5.03,34.94,0.9626,19,0,1.00,None,1
2511,-5.73,136.72,5.03,34.94,0.9626,19,0,1.00,None,1
2512,-5.68,134.40,5.03,48.39,0.9626,19,0,1.00,None,1
2513,-5.68,134.40,5.03,48.39,0.9626,19,0,1.00,None,1
2514,-5.64,132.17,5.03,56.21,0.9626,19,0,1.00,None,1
2515,-5.64,132.17,5.03,56.21,0.9626,19,0,1.00,None,1
2516,-5.58,129.13,5.03,62.66,0.9626,19,0,1.00,None,1
2517,-5.58,129.13,5.03,62.66,0.9626,19,0,1.00,None,1
2518,-5.51,125.87,5.03,70.58,0.9625,19,0,1.00,None,1
2519,-5.51,125.87,5.03,70.58,0.9625,19,0,1.00,None,1
2520,-5.47,124.02,5.03,78.11,0.9625,19,0,1.00,None,1
2521,-5.47,124.02,5.03,78.11,0.9625,19,0,1.00,None,1
2522,-5.47,124.02,5.03,78.11,0.9625,19,0,1.00,None,1
2523,-5.36,118.69,5.03,81.96,0.9625,19,0,1.00,None,1
2524,-5.36,118.69,5.03,81.96,0.9625,19,0,1.00,None,1
2525,-5.36,118.69,5.03,81.96,0.9625,19,0,1.00,None,1
2526,-5.26,113.77,5.03,90.43,0.9624,19,0,1.00,None,1
2527,-5.20,110.52,5.04,90.43,0.9624,19,0,1.00,None,1
2528,-5.17,109.27,5.04,90.43,0.9624,19,0,1.00,None,1
2529,-5.17,109.27,5.04,90.43,0.9624,19,0,1.00,None,1
2530,-5.11,106.29,5.04,78.52,0.9624,19,0,1.00,None,1
2531,-5.11,106.29,5.04,78.52,0.9624,19,0,1.00,None,1
2532,-5.11,106.29,5.04,78.52,0.9624,19,0,1.00,None,1
2533,-5.11,106.29,5.04,78.52,0.9624,19,0,1.00,None,1
2534,-5.10,105.75,5.04,0.00,0.9624,19,0,1.00,None,1
2535,-5.10,105.75,5.04,0.00,0.9624,19,0,1.00,None,1
2536,-5.10,105.75,5.04,0.00,0.9624,19,0,1.00,None,1
2537,-5.10,105.75,5.04,0.00,0.9623,19,0,1.00,None,1
2538,-5.10,105.75,5.04,0.00,0.9623,19,0,1.00,None,1
2539,-5.10,105.75,5.04,0.00,0.9623,19,0,1.00,None,1
2540,-5.10,105.75,5.04,0.00,0.9623,19,0,1.00,None,1
2541,-5.10,105.75,5.04,0.00,0.9623,19,0,1.00,None,1
2542,-5.10,105.75,5.04,0.00,0.9623,19,0,1.00,None,1
2543,-5.10,105.75,5.04,0.00,0.9623,19,0,1.00,None,1
2544,-5.10,105.75,5.04,0.00,0.9623,19,0,1.00,None,1
2545,-5.10,105.75,5.04,0.00,0.9622,19,0,1.00,None,1
2546,-5.10,105.75,5.04,0.00,0.9622,19,0,1.00,None,1
2547,-5.10,105.75,5.04,0.00,0.9622,19,0,1.00,None,1
2548,-5.10,105.75,5.04,0.00,0.9622,19,0,1.00,None,1
2549,-5.10,105.75,5.04,0.00,0.9622,19,0,1.00,None,1
2550,-5.10,105.75,5.04,0.00,0.9622,19,0,1.00,None,1
2551,-5.10,105.75,5.04,0.00,0.9622,19,0,1.00,None,1
2552,-5.10,105.75,5.04,0.00,0.9622,19,0,1.00,None,1
2553,-5.10,105.75,5.04,0.00,0.9621,19,0,1.00,None,1
2554,-5.10,105.75,5.04,0.00,0.9621,19,0,1.00,None,1
2555,-5.10,105.75,5.04,0.00,0.9621,19,0,1.00,None,1
2556,-5.10,105.75,5.04,0.00,0.9621,19,0,1.00,None,1
2557,-5.10,105.75,5.04,0.00,0.9621,19,0,1.00,None,1
2558,-5.10,105.75,5.04,0.00,0.9621,19,0,1.00,None,1
2559,-5.10,105.75,5.04,0.00,0.9621,19,0,1.00,None,1
2560,-5.10,105.75,5.04,0.00,0.9621,19,0,1.00,None,1
2561,-5.10,105.75,5.04,0.00,0.9621,19,0,1.00,None,1
2562,-5.10,105.75,5.04,0.00,0.9620,19,0,1.00,None,1
2563,-5.10,105.75,5.04,0.00,0.9620,19,0,1.00,None,1
2564,-5.10,105.75,5.04,0.00,0.9620,19,0,1.00,None,1
2565,-5.10,105.75,5.04,0.00,0.9620,19,0,1.00,None,1
2566,-5.10,105.75,5.04,0.00,0.9620,19,0,1.00,None,1
2567,-5.10,105.75,5.04,0.00,0.9620,19,0,1.00,None,1
2568,-5.10,105.75,5.04,0.00,0.9620,19,0,1.00,None,1
2569,-5.10,105.75,5.04,0.00,0.9620,19,0,1.00,None,1
2570,-5.10,105.75,5.04,0.00,0.9620,19,0,1.00,None,1
2571,-5.10,105.75,5.04,0.00,0.9619,19,0,1.00,None,1
2572,-5.10,105.75,5.04,0.00,0.9619,19,0,1.00,None,1
2573,-5.10,105.75,5.04,0.00,0.9619,19,0,1.00,None,1
2574,-5.10,105.75,5.04,0.00,0.9619,19,0,1.00,None,1
2575,-5.10,105.75,5.04,0.00,0.9619,19,0,1.00,None,1
2576,-5.10,105.75,5.04,0.00,0.9619,19,0,1.00,None,1
2577,-5.10,105.75,5.04,0.00,0.9619,19,0,1.00,None,1
2578,-5.10,105.75,5.04,0.00,0.9619,19,0,1.00,None,1
2579,-5.10,105.75,5.04,0.00,0.9619,19,0,1.00,None,1
2580,-5.10,105.75,5.04,0.00,0.9618,19,0,1.00,None,1
2581,-5.10,105.75,5.04,0.00,0.9618,19,0,1.00,None,1
2582,-5.10,105.75,5.04,0.00,0.9618,19,0,1.00,None,1
2583,-5.10,105.75,5.04,0.00,0.9618,19,0,1.00,None,1
2584,-5.10,105.75,5.04,0.00,0.9618,19,0,1.00,None,1
2585,-5.10,105.75,5.04,0.00,0.9618,19,0,1.00,None,1
2586,-5.10,105.75,5.04,0.00,0.9618,19,0,1.00,None,1
2587,-5.10,105.75,5.04,0.00,0.9618,19,0,1.00,None,1
2588,-5.10,105.75,5.04,0.00,0.9618,19,0,1.00,None,1
2589,-5.10,105.75,5.04,0.00,0.9617,19,0,1.00,None,1
2590,-5.10,105.75,5.04,0.00,0.9617,19,0,1.00,None,1
2591,-5.10,105.75,5.04,0.00,0.9617,19,0,1.00,None,1
2592,-5.10,105.75,5.04,0.00,0.9617,19,0,1.00,None,1
2593,-5.10,105.75,5.04,0.00,0.9617,19,0,1.00,None,1
2594,-5.10,105.75,5.04,0.00,0.9617,19,0,1.00,None,1
2595,-5.10,105.75,5.04,0.00,0.9617,19,0,1.00,None,1
2596,-5.10,105.75,5.04,0.00,0.9617,19,0,1.00,None,1
2597,-5.10,105.75,5.04,0.00,0.9617,19,0,1.00,None,1
2598,-5.10,105.75,5.04,0.00,0.9616,19,0,1.00,None,1
2599,-5.10,105.75,5.04,0.00,0.9616,19,0,1.00,None,1
2600,-5.10,105.75,5.04,0.00,0.9616,19,0,1.00,None,1
2601,-5.10,105.75,5.04,0.00,0.9616,19,0,1.00,None,1
2602,-5.10,105.75,5.04,0.00,0.9616,19,0,1.00,None,1
2603,-5.09,106.09,5.04,7.42,0.9616,19,0,1.00,None,1
2604,-5.09,106.09,5.04,7.42,0.9616,19,0,1.00,None,1
2605,-5.08,106.76,5.04,14.80,0.9616,19,0,1.00,None,1
2606,-5.08,106.76,5.04,14.80,0.9616,19,0,1.00,None,1
2607,-5.06,107.76,5.04,22.20,0.9615,19,0,1.00,None,1
2608,-5.06,107.76,5.04,22.20,0.9615,19,0,1.00,None,1
2609,-5.03,109.08,5.04,29.54,0.9615,19,0,1.00,None,1
2610,-5.03,109.08,5.04,29.54,0.9615,19,0,1.00,None,1
2611,-5.03,109.08,5.04,29.54,0.9615,19,0,1.00,None,1
2612,-5.03,109.08,5.04,29.54,0.9615,19,0,1.00,None,1
2613,-5.03,109.08,5.04,29.54,0.9615,19,0,1.00,None,1
2614,-4.97,112.28,5.03,36.82,0.9615,19,0,1.00,None,1
2615,-4.97,112.28,5.03,36.82,0.9615,19,0,1.00,None,1
2616,-4.92,114.66,5.03,51.00,0.9614,19,0,1.00,None,1
2617,-4.90,115.56,5.03,58.59,0.9614,19,0,1.00,None,1
2618,-4.86,117.37,5.03,61.11,0.9614,19,0,1.00,None,1
2619,-4.86,117.37,5.03,61.11,0.9614,19,0,1.00,None,1
2620,-4.86,117.37,5.03,61.11,0.9614,19,0,1.00,None,1
2621,-4.86,117.37,5.03,61.11,0.9614,19,0,1.00,None,1
2622,-4.75,122.79,5.03,65.92,0.9614,19,0,1.00,None,1
2623,-4.75,122.79,5.03,65.92,0.9614,19,0,1.00,None,1
2624,-4.75,122.79,5.03,65.92,0.9614,19,0,1.00,None,1
2625,-4.68,126.61,5.03,79.32,0.9613,19,0,1.00,None,1
2626,-4.68,126.61,5.03,79.32,0.9613,19,0,1.00,None,1
2627,-4.60,130.09,5.04,87.16,0.9613,19,0,1.00,None,1
2628,-4.60,130.09,5.04,87.16,0.9613,19,0,1.00,None,1
2629,-4.52,134.13,5.04,90.43,0.9613,19,0,1.00,None,1
2630,-4.52,134.13,5.04,90.43,0.9613,19,0,1.00,None,1
2631,-4.44,137.98,5.04,90.43,0.9613,19,0,1.00,None,1
2632,-4.42,139.33,5.04,90.43,0.9613,19,0,1.00,None,1
2633,-4.42,139.33,5.04,90.43,0.9613,19,0,1.00,None,1
2634,-4.35,142.40,5.04,77.27,0.9612,19,0,1.00,None,1
2635,-4.35,142.40,5.04,77.27,0.9612,19,0,1.00,None,1
2636,-4.35,142.40,5.04,77.27,0.9612,19,0,1.00,None,1
2637,-4.35,142.40,5.04,77.27,0.9612,19,0,1.00,None,1
2638,-4.35,142.60,5.04,0.00,0.9612,19,0,1.00,None,1
2639,-4.35,142.60,5.04,0.00,0.9612,19,0,1.00,None,1
2640,-4.35,142.60,5.04,0.00,0.9612,19,0,1.00,None,1
2641,-4.35,142.60,5.04,0.00,0.9612,19,0,1.00,None,1
2642,-4.35,142.60,5.04,0.00,0.9611,19,0,1.00,None,1
2643,-4.35,142.60,5.04,0.00,0.9611,19,0,1.00,None,1
2644,-4.35,142.60,5.04,0.00,0.9611,19,0,1.00,None,1
2645,-4.35,142.60,5.04,0.00,0.9611,19,0,1.00,None,1
2646,-4.35,142.60,5.04,0.00,0.9611,19,0,1.00,None,1
2647,-4.35,142.60,5.04,0.00,0.9611,19,0,1.00,None,1
2648,-4.35,142.60,5.04,0.00,0.9611,19,0,1.00,None,1
2649,-4.35,142.60,5.04,0.00,0.9611,19,0,1.00,None,1
2650,-4.35,142.60,5.04,0.00,0.9611,19,0,1.00,None,1
2651,-4.35,142.60,5.04,0.00,0.9610,19,0,1.00,None,1
2652,-4.35,142.60,5.04,0.00,0.9610,19,0,1.00,None,1
2653,-4.35,142.60,5.04,0.00,0.9610,19,0,1.00,None,1
2654,-4.35,142.60,5.04,0.00,0.9610,19,0,1.00,None,1
2655,-4.35,142.60,5.04,0.00,0.9610,19,0,1.00,None,1
2656,-4.35,142.60,5.04,0.00,0.9610,19,0,1.00,None,1
2657,-4.35,142.60,5.04,0.00,0.9610,19,0,1.00,None,1
2658,-4.35,142.60,5.04,0.00,0.9610,19,0,1.00,None,1
2659,-4.35,142.60,5.04,0.00,0.9610,19,0,1.00,None,1
2660,-4.35,142.60,5.04,0.00,0.9610,19,0,1.00,None,1
2661,-4.35,142.60,5.04,0.00,0.9610,19,0,1.00,None,1
2662,-4.35,142.60,5.04,0.00,0.9609,19,0,1.00,None,1
2663,-4.35,142.60,5.04,0.00,0.9609,19,0,1.00,None,1
2664,-4.35,142.60,5.04,0.00,0.9609,19,0,1.00,None,1
2665,-4.35,142.60,5.04,0.00,0.9609,19,0,1.00,None,1
2666,-4.35,142.60,5.04,0.00,0.9609,19,0,1.00,None,1
2667,-4.35,142.60,5.04,0.00,0.9609,19,0,1.00,None,1
2668,-4.35,142.60,5.04,0.00,0.9609,19,0,1.00,None,1
2669,-4.35,142.60,5.04,0.00,0.9609,19,0,1.00,None,1
2670,-4.35,142.60,5.04,0.00,0.9609,19,0,1.00,None,1
2671,-4.35,142.60,5.04,0.00,0.9608,19,0,1.00,None,1
2672,-4.35,142.60,5.04,0.00,0.9608,19,0,1.00,None,1
2673,-4.35,142.60,5.04,0.00,0.9608,19,0,1.00,None,1
2674,-4.35,142.60,5.04,0.00,0.9608,19,0,1.00,None,1
2675,-4.35,142.60,5.04,0.00,0.9608,19,0,1.00,None,1
2676,-4.35,142.60,5.04,0.00,0.9608,19,0,1.00,None,1
2677,-4.35,142.60,5.04,0.00,0.9608,19,0,1.00,None,1
2678,-4.35,142.60,5.04,0.00,0.9608,19,0,1.00,None,1
2679,-4.35,142.60,5.04,0.00,0.9607,19,0,1.00,None,1
2680,-4.35,142.60,5.04,0.00,0.9607,19,0,1.00,None,1
2681,-4.35,142.60,5.04,0.00,0.9607,19,0,1.00,None,1
2682,-4.35,142.60,5.04,0.00,0.9607,19,0,1.00,None,1
2683,-4.35,142.60,5.04,0.00,0.9607,19,0,1.00,None,1
2684,-4.35,142.60,5.04,0.00,0.9607,19,0,1.00,None,1
2685,-4.35,142.60,5.04,0.00,0.9607,19,0,1.00,None,1
2686,-4.35,142.60,5.04,0.00,0.9607,19,0,1.00,None,1
2687,-4.35,142.60,5.04,0.00,0.9607,19,0,1.00,None,1
2688,-4.35,142.60,5.04,0.00,0.9606,19,0,1.00,None,1
2689,-4.35,142.60,5.04,0.00,0.9606,19,0,1.00,None,1
2690,-4.35,142.60,5.04,0.00,0.9606,19,0,1.00,None,1
2691,-4.35,142.60,5.04,0.00,0.9606,19,0,1.00,None,1
2692,-4.35,142.60,5.04,0.00,0.9606,19,0,1.00,None,1
2693,-4.35,142.60,5.04,0.00,0.9606,19,0,1.00,None,1
2694,-4.35,142.60,5.04,0.00,0.9606,19,0,1.00,None,1
2695,-4.35,142.60,5.04,0.00,0.9606,19,0,1.00,None,1
2696,-4.35,142.60,5.04,0.00,0.9606,19,0,1.00,None,1
2697,-4.35,142.60,5.04,0.00,0.9605,19,0,1.00,None,1
2698,-4.35,142.60,5.04,0.00,0.9605,19,0,1.00,None,1
2699,-4.35,142.60,5.04,0.00,0.9605,19,0,1.00,None,1
2700,-4.35,142.60,5.04,0.00,0.9605,19,0,1.00,None,1
2701,-4.35,142.60,5.04,0.00,0.9605,19,0,1.00,None,1
2702,-4.35,142.60,5.04,0.00,0.9605,19,0,1.00,None,1
2703,-4.35,142.60,5.04,0.00,0.9605,19,0,1.00,None,1
2704,-4.35,142.60,5.04,0.00,0.9605,19,0,1.00,None,1
2705,-4.35,142.60,5.04,0.00,0.9605,19,0,1.00,None,1
2706,-4.35,142.60,5.04,0.00,0.9605,19,0,1.00,None,1
2707,-4.34,142.30,5.04,6.94,0.9604,19,0,1.00,None,1
2708,-4.34,142.30,5.04,6.94,0.9604,19,0,1.00,None,1
2709,-4.34,142.30,5.04,6.94,0.9604,19,0,1.00,None,1
2710,-4.33,141.70,5.04,13.98,0.9604,19,0,1.00,None,1
2711,-4.33,141.70,5.04,13.98,0.9604,19,0,1.00,None,1
2712,-4.33,141.70,5.04,13.98,0.9604,19,0,1.00,None,1
2713,-4.33,141.70,5.04,13.98,0.9604,19,0,1.00,None,1
2714,-4.30,139.94,5.04,21.03,0.9604,19,0,1.00,None,1
2715,-4.30,139.94,5.04,21.03,0.9604,19,0,1.00,None,1
2716,-4.26,138.36,5.04,34.66,0.9603,19,0,1.00,None,1
2717,-4.25,137.76,5.04,42.09,0.9603,19,0,1.00,None,1
2718,-4.22,136.35,5.04,44.40,0.9603,19,0,1.00,None,1
2719,-4.22,136.35,5.04,44.40,0.9603,19,0,1.00,None,1
2720,-4.22,136.35,5.04,44.40,0.9603,19,0,1.00,None,1
2721,-4.22,136.35,5.04,44.40,0.9603,19,0,1.00,None,1
2722,-4.22,136.35,5.04,44.40,0.9603,19,0,1.00,None,1
2723,-4.14,132.13,5.04,49.57,0.9603,19,0,1.00,None,1
2724,-4.14,132.13,5.04,49.57,0.9603,19,0,1.00,None,1
2725,-4.07,128.80,5.04,63.44,0.9602,19,0,1.00,None,1
2726,-4.07,128.80,5.04,63.44,0.9602,19,0,1.00,None,1
2727,-4.01,125.91,5.04,71.99,0.9602,19,0,1.00,None,1
2728,-4.01,125.91,5.04,71.99,0.9602,19,0,1.00,None,1
2729,-4.01,125.91,5.04,71.99,0.9602,19,0,1.00,None,1
2730,-3.93,122.10,5.04,78.54,0.9602,19,0,1.00,None,1
2731,-3.93,122.10,5.04,78.54,0.9602,19,0,1.00,None,1
2732,-3.83,117.11,5.04,90.43,0.9601,19,0,1.00,None,1
2733,-3.83,117.11,5.04,90.43,0.9601,19,0,1.00,None,1
2734,-3.76,113.76,5.04,90.43,0.9601,19,0,1.00,None,1
2735,-3.76,113.76,5.04,90.43,0.9601,19,0,1.00,None,1
2736,-3.76,113.76,5.04,90.43,0.9601,19,0,1.00,None,1
2737,-3.76,113.76,5.04,90.43,0.9601,19,0,1.00,None,1
2738,-3.62,106.60,5.04,90.43,0.9601,19,0,1.00,None,1
2739,-3.62,106.60,5.04,90.43,0.9601,19,0,1.00,None,1
2740,-3.62,106.60,5.04,90.43,0.9601,19,0,1.00,None,1
2741,-3.60,105.75,5.04,0.00,0.9601,19,0,1.00,None,1
2742,-3.60,105.75,5.04,0.00,0.9601,19,0,1.00,None,1
2743,-3.60,105.75,5.04,0.00,0.9600,19,0,1.00,None,1
2744,-3.60,105.75,5.04,0.00,0.9600,19,0,1.00,None,1
2745,-3.60,105.75,5.04,0.00,0.9600,19,0,1.00,None,1
2746,-3.60,105.75,5.04,0.00,0.9600,19,0,1.00,None,1
2747,-3.60,105.75,5.04,0.00,0.9600,19,0,1.00,None,1
2748,-3.60,105.75,5.04,0.00,0.9600,19,0,1.00,None,1
2749,-3.60,105.75,5.04,0.00,0.9600,19,0,1.00,None,1
2750,-3.60,105.75,5.04,0.00,0.9600,19,0,1.00,None,1
2751,-3.60,105.75,5.04,0.00,0.9600,19,0,1.00,None,1
2752,-3.60,105.75,5.04,0.00,0.9599,19,0,1.00,None,1
2753,-3.60,105.75,5.04,0.00,0.9599,19,0,1.00,None,1
2754,-3.60,105.75,5.04,0.00,0.9599,19,0,1.00,None,1
2755,-3.60,105.75,5.04,0.00,0.9599,19,0,1.00,None,1
2756,-3.60,105.75,5.04,0.00,0.9599,19,0,1.00,None,1
2757,-3.60,105.75,5.04,0.00,0.9599,19,0,1.00,None,1
2758,-3.60,105.75,5.04,0.00,0.9599,19,0,1.00,None,1
2759,-3.60,105.75,5.04,0.00,0.9599,19,0,1.00,None,1
2760,-3.60,105.75,5.04,0.00,0.9598,19,0,1.00,None,1
2761,-3.60,105.75,5.04,0.00,0.9598,19,0,1.00,None,1
2762,-3.60,105.75,5.04,0.00,0.9598,19,0,1.00,None,1
2763,-3.60,105.75,5.04,0.00,0.9598,19,0,1.00,None,1
2764,-3.60,105.75,5.04,0.00,0.9598,19,0,1.00,None,1
2765,-3.60,105.75,5.04,0.00,0.9598,19,0,1.00,None,1
2766,-3.60,105.75,5.04,0.00,0.9598,19,0,1.00,None,1
2767,-3.60,105.75,5.04,0.00,0.9598,19,0,1.00,None,1
2768,-3.60,105.75,5.04,0.00,0.9598,19,0,1.00,None,1
2769,-3.60,105.75,5.04,0.00,0.9597,19,0,1.00,None,1
2770,-3.60,105.75,5.04,0.00,0.9597,19,0,1.00,None,1
2771,-3.60,105.75,5.04,0.00,0.9597,19,0,1.00,None,1
2772,-3.60,105.75,5.04,0.00,0.9597,19,0,1.00,None,1
2773,-3.60,105.75,5.04,0.00,0.9597,19,0,1.00,None,1
2774,-3.60,105.75,5.04,0.00,0.9597,19,0,1.00,None,1
2775,-3.60,105.75,5.04,0.00,0.9597,19,0,1.00,None,1
2776,-3.60,105.75,5.04,0.00,0.9597,19,0,1.00,None,1
2777,-3.60,105.75,5.04,0.00,0.9597,19,0,1.00,None,1
2778,-3.60,105.75,5.04,0.00,0.9596,19,0,1.00,None,1
2779,-3.60,105.75,5.04,0.00,0.9596,19,0,1.00,None,1
2780,-3.60,105.75,5.04,0.00,0.9596,19,0,1.00,None,1
2781,-3.60,105.75,5.04,0.00,0.9596,19,0,1.00,None,1
2782,-3.60,105.75,5.04,0.00,0.9596,19,0,1.00,None,1
2783,-3.60,105.75,5.04,0.00,0.9596,19,0,1.00,None,1
2784,-3.60,105.75,5.04,0.00,0.9596,19,0,1.00,None,1
2785,-3.60,105.75,5.04,0.00,0.9596,19,0,1.00,None,1
2786,-3.60,105.75,5.04,0.00,0.9596,19,0,1.00,None,1
2787,-3.60,105.75,5.04,0.00,0.9596,19,0,1.00,None,1
2788,-3.60,105.75,5.04,0.00,0.9595,19,0,1.00,None,1
2789,-3.60,105.75,5.04,0.00,0.9595,19,0,1.00,None,1
2790,-3.60,105.75,5.04,0.00,0.9595,19,0,1.00,None,1
2791,-3.60,105.75,5.04,0.00,0.9595,19,0,1.00,None,1
2792,-3.60,105.75,5.04,0.00,0.9595,19,0,1.00,None,1
2793,-3.60,105.75,5.04,0.00,0.9595,19,0,1.00,None,1
2794,-3.60,105.75,5.04,0.00,0.9595,19,0,1.00,None,1
2795,-3.60,105.75,5.04,0.00,0.9595,19,0,1.00,None,1
2796,-3.60,105.75,5.04,0.00,0.9595,19,0,1.00,None,1
2797,-3.60,105.75,5.04,0.00,0.9594,19,0,1.00,None,1
2798,-3.60,105.75,5.04,0.00,0.9594,19,0,1.00,None,1
2799,-3.60,105.75,5.04,0.00,0.9594,19,0,1.00,None,1
2800,-3.60,105.75,5.04,0.00,0.9594,19,0,1.00,None,1
2801,-3.60,105.75,5.04,0.00,0.9594,19,0,1.00,None,1
2802,-3.60,105.75,5.04,0.00,0.9594,19,0,1.00,None,1
2803,-3.60,105.75,5.04,0.00,0.9594,19,0,1.00,None,1
2804,-3.60,105.75,5.04,0.00,0.9594,19,0,1.00,None,1
2805,-3.60,105.75,5.04,0.00,0.9594,19,0,1.00,None,1
2806,-3.60,105.75,5.04,0.00,0.9593,19,0,1.00,None,1
2807,-3.60,105.75,5.04,0.00,0.9593,19,0,1.00,None,1
2808,-3.60,105.75,5.04,0.00,0.9593,19,0,1.00,None,1
2809,-3.60,105.75,5.04,0.00,0.9593,19,0,1.00,None,1
2810,-3.60,105.75,5.04,0.00,0.9593,19,0,1.00,None,1
2811,-3.59,106.09,5.04,7.36,0.9593,19,0,1.00,None,1
2812,-3.59,106.09,5.04,7.36,0.9593,19,0,1.00,None,1
2813,-3.59,106.09,5.04,7.36,0.9593,19,0,1.00,None,1
2814,-3.59,106.09,5.04,7.36,0.9593,19,0,1.00,None,1
2815,-3.57,107.32,5.04,14.80,0.9592,19,0,1.00,None,1
2816,-3.57,107.32,5.04,14.80,0.9592,19,0,1.00,None,1
2817,-3.54,108.57,5.04,28.36,0.9592,19,0,1.00,None,1
2818,-3.53,109.12,5.04,35.54,0.9592,19,0,1.00,None,1
2819,-3.53,109.12,5.04,35.54,0.9592,19,0,1.00,None,1
2820,-3.50,110.56,5.04,38.07,0.9592,19,0,1.00,None,1
2821,-3.50,110.56,5.04,38.07,0.9592,19,0,1.00,None,1
2822,-3.50,110.56,5.04,38.07,0.9592,19,0,1.00,None,1
2823,-3.50,110.56,5.04,38.07,0.9592,19,0,1.00,None,1
2824,-3.43,114.23,5.04,44.25,0.9591,19,0,1.00,None,1
2825,-3.43,114.23,5.04,44.25,0.9591,19,0,1.00,None,1
2826,-3.38,116.78,5.04,57.76,0.9591,19,0,1.00,None,1
2827,-3.38,116.78,5.04,57.76,0.9591,19,0,1.00,None,1
2828,-3.32,119.51,5.04,64.95,0.9591,19,0,1.00,None,1
2829,-3.32,119.51,5.04,64.95,0.9591,19,0,1.00,None,1
2830,-3.32,119.51,5.04,64.95,0.9591,19,0,1.00,None,1
2831,-3.24,123.54,5.04,71.80,0.9591,19,0,1.00,None,1
2832,-3.24,123.54,5.04,71.80,0.9591,19,0,1.00,None,1
2833,-3.18,126.42,5.04,80.95,0.9590,19,0,1.00,None,1
2834,-3.15,127.69,5.04,86.73,0.9590,19,0,1.00,None,1
2835,-3.09,131.01,5.05,89.12,0.9590,19,0,1.00,None,1
2836,-3.09,131.01,5.05,89.12,0.9590,19,0,1.00,None,1
2837,-3.09,131.01,5.05,89.12,0.9590,19,0,1.00,None,1
2838,-3.00,135.04,5.10,90.43,0.9590,19,0,1.00,None,1
2839,-3.00,135.04,5.10,90.43,0.9590,19,0,1.00,None,1
2840,-3.00,135.04,5.10,90.43,0.9590,19,0,1.00,None,1
2841,-3.00,135.04,5.10,90.43,0.9590,19,0,1.00,None,1
2842,-2.85,142.60,5.19,0.00,0.9589,19,0,1.00,None,1
2843,-2.85,142.60,5.19,0.00,0.9589,19,0,1.00,None,1
2844,-2.85,142.60,5.19,0.00,0.9589,19,0,1.00,None,1
2845,-2.85,142.60,5.19,0.00,0.9589,19,0,1.00,None,1
2846,-2.85,142.60,5.19,0.00,0.9589,19,0,1.00,None,1
2847,-2.85,142.60,5.19,0.00,0.9589,19,0,1.00,None,1
2848,-2.85,142.60,5.19,0.00,0.9589,19,0,1.00,None,1
2849,-2.85,142.60,5.19,0.00,0.9589,19,0,1.00,None,1
2850,-2.85,142.60,5.19,0.00,0.9589,19,0,1.00,None,1
2851,-2.85,142.60,5.19,0.00,0.9588,19,0,1.00,None,1
2852,-2.85,142.60,5.19,0.00,0.9588,19,0,1.00,None,1
2853,-2.85,142.60,5.19,0.00,0.9588,19,0,1.00,None,1
2854,-2.85,142.60,5.19,0.00,0.9588,19,0,1.00,None,1
2855,-2.85,142.60,5.19,0.00,0.9588,19,0,1.00,None,1
2856,-2.85,142.60,5.19,0.00,0.9588,19,0,1.00,None,1
2857,-2.85,142.60,5.19,0.00,0.9588,19,0,1.00,None,1
2858,-2.85,142.60,5.19,0.00,0.9588,19,0,1.00,None,1
2859,-2.85,142.60,5.19,0.00,0.9588,19,0,1.00,None,1
2860,-2.85,142.60,5.19,0.00,0.9587,19,0,1.00,None,1
2861,-2.85,142.60,5.19,0.00,0.9587,19,0,1.00,None,1
2862,-2.85,142.60,5.19,0.00,0.9587,19,0,1.00,None,1
2863,-2.85,142.60,5.19,0.00,0.9587,19,0,1.00,None,1
2864,-2.85,142.60,5.19,0.00,0.9587,19,0,1.00,None,1
2865,-2.85,142.60,5.19,0.00,0.9587,19,0,1.00,None,1
2866,-2.82,142.01,5.21,12.95,0.9587,19,0,1.00,None,1
2867,-2.80,141.70,5.22,20.41,0.9587,19,0,1.00,None,1
2868,-2.80,141.70,5.22,20.41,0.9587,19,0,1.00,None,1
2869,-2.76,140.89,5.24,22.87,0.9586,19,0,1.00,None,1
2870,-2.76,140.89,5.24,22.87,0.9586,19,0,1.00,None,1
2871,-2.70,139.62,5.28,28.67,0.9586,19,0,1.00,None,1
2872,-2.70,139.62,5.28,28.67,0.9586,19,0,1.00,None,1
2873,-2.70,139.62,5.28,28.67,0.9586,19,0,1.00,None,1
2874,-2.70,139.62,5.28,28.67,0.9586,19,0,1.00,None,1
2875,-2.55,136.76,5.27,35.89,0.9586,19,0,1.00,None,1
2876,-2.55,136.76,5.27,35.89,0.9586,19,0,1.00,None,1
2877,-2.55,136.76,5.27,35.89,0.9586,19,0,1.00,None,1
2878,-2.41,133.88,5.27,48.89,0.9585,19,0,1.00,None,1
2879,-2.41,133.88,5.27,48.89,0.9585,19,0,1.00,None,1
2880,-2.30,131.79,5.27,58.48,0.9585,19,0,1.00,None,1
2881,-2.24,130.60,5.27,64.31,0.9585,19,0,1.00,None,1
2882,-2.24,130.60,5.27,64.31,0.9585,19,0,1.00,None,1
2883,-2.10,127.68,5.26,67.33,0.9585,19,0,1.00,None,1
2884,-2.10,127.68,5.26,67.33,0.9585,19,0,1.00,None,1
2885,-2.10,127.68,5.26,67.33,0.9585,19,0,1.00,None,1
2886,-2.10,127.68,5.26,67.33,0.9585,19,0,1.00,None,1
2887,-2.10,127.68,5.26,67.33,0.9585,19,0,1.00,None,1
2888,-1.75,120.86,5.26,74.41,0.9584,19,0,1.00,None,1
2889,-1.75,120.86,5.26,74.41,0.9584,19,0,1.00,None,1
2890,-1.54,116.64,5.25,89.37,0.9584,19,0,1.00,None,1
2891,-1.47,115.28,5.25,90.43,0.9584,19,0,1.00,None,1
2892,-1.47,115.28,5.25,90.43,0.9584,19,0,1.00,None,1
2893,-1.47,115.28,5.25,90.43,0.9584,19,0,1.00,None,1
2894,-1.16,109.12,5.25,90.43,0.9584,19,0,1.00,None,1
2895,-1.16,109.12,5.25,90.43,0.9584,19,0,1.00,None,1
2896,-1.16,109.12,5.25,90.43,0.9584,19,0,1.00,None,1
2897,-0.97,104.62,5.28,90.32,0.9583,19,0,1.00,None,1
2898,-0.97,104.62,5.28,90.32,0.9583,19,0,1.00,None,1
2899,-0.83,101.05,5.28,90.32,0.9583,19,0,1.00,None,1
2900,-0.83,101.05,5.28,90.32,0.9583,19,0,1.00,None,1
2901,-0.34,97.11,5.24,81.82,0.9583,19,0,1.00,None,1
2902,-0.34,97.11,5.24,81.82,0.9583,19,0,1.00,None,1
2903,0.50,97.11,5.24,17.77,0.9582,19,0,1.00,None,1
2904,0.96,95.73,5.24,86.13,0.9582,19,0,1.00,None,1
2905,0.96,95.73,5.24,86.13,0.9582,19,0,1.00,None,1
2906,0.96,95.73,5.24,86.13,0.9582,19,0,1.00,None,1
2907,0.96,95.73,5.24,86.13,0.9582,19,0,1.00,None,1
2908,2.87,89.52,5.06,83.14,0.9582,19,0,1.00,None,1
2909,2.87,89.52,5.06,83.14,0.9582,19,0,1.00,None,1
2910,2.87,89.52,5.06,83.14,0.9582,19,0,1.00,None,1
2911,2.87,89.52,5.06,83.14,0.9582,19,0,1.00,None,1
2912,3.80,83.50,5.04,86.60,0.9582,19,0,1.00,None,1
2913,3.93,80.30,5.04,90.43,0.9581,19,0,1.00,None,1
2914,3.99,78.43,5.04,90.43,0.9581,19,0,1.00,None,1
2915,3.99,78.43,5.04,90.43,0.9581,19,0,1.00,None,1
2916,3.99,78.43,5.04,90.43,0.9581,19,0,1.00,None,1
2917,3.99,78.43,5.04,90.43,0.9581,19,0,1.00,None,1
2918,4.22,71.39,5.03,90.43,0.9581,19,0,1.00,None,1
2919,4.22,71.39,5.03,90.43,0.9581,19,0,1.00,None,1
2920,4.22,71.39,5.03,90.43,0.9581,19,0,1.00,None,1
2921,4.22,71.39,5.03,90.43,0.9581,19,0,1.00,None,1
2922,4.42,65.28,5.03,90.43,0.9580,19,0,1.00,None,1
2923,4.52,62.10,5.04,90.43,0.9580,19,0,1.00,None,1
2924,4.52,62.10,5.04,90.43,0.9580,19,0,1.00,None,1
2925,4.59,60.02,5.04,90.43,0.9580,19,0,1.00,None,1
2926,4.59,60.02,5.04,90.43,0.9580,19,0,1.00,None,1
2927,4.59,60.02,5.04,90.43,0.9580,19,0,1.00,None,1
2928,4.59,60.02,5.04,90.43,0.9580,19,0,1.00,None,1
2929,4.84,52.33,5.04,90.43,0.9580,19,0,1.00,None,1
2930,4.84,52.33,5.04,90.43,0.9580,19,0,1.00,None,1
2931,4.84,52.33,5.04,90.43,0.9580,19,0,1.00,None,1
2932,4.84,52.33,5.04,90.43,0.9580,19,0,1.00,None,1
2933,5.06,45.31,5.03,90.43,0.9579,19,0,1.00,None,1
2934,5.06,45.31,5.03,90.43,0.9579,19,0,1.00,None,1
2935,5.17,42.01,5.03,90.43,0.9579,19,0,1.00,None,1
2936,5.25,39.66,5.03,90.43,0.9579,19,0,1.00,None,1
2937,5.25,39.66,5.03,90.43,0.9579,19,0,1.00,None,1
2938,5.25,39.66,5.03,90.43,0.9579,19,0,1.00,None,1
2939,5.25,39.66,5.03,90.43,0.9579,19,0,1.00,None,1
2940,5.51,31.66,5.02,90.43,0.9578,19,0,1.00,None,1
2941,5.51,31.66,5.02,90.43,0.9578,19,0,1.00,None,1
2942,5.51,31.66,5.02,90.43,0.9578,19,0,1.00,None,1
2943,5.51,31.66,5.02,90.43,0.9578,19,0,1.00,None,1
2944,5.51,31.66,5.02,90.43,0.9578,19,0,1.00,None,1
2945,5.51,31.66,5.02,90.43,0.9578,19,0,1.00,None,1
2946,5.82,21.90,5.02,90.43,0.9578,19,0,1.00,None,1
2947,5.93,18.68,5.02,90.43,0.9578,19,0,1.00,None,1
2948,5.93,18.68,5.02,90.43,0.9578,19,0,1.00,None,1
2949,5.93,18.68,5.02,90.43,0.9578,19,0,1.00,None,1
2950,5.93,18.68,5.02,90.43,0.9578,19,0,1.00,None,1
2951,5.93,18.68,5.02,90.43,0.9578,19,0,1.00,None,1
2952,6.19,10.57,5.02,90.43,0.9577,19,0,1.00,None,1
2953,6.19,10.57,5.02,90.43,0.9577,19,0,1.00,None,1
2954,6.19,10.57,5.02,90.43,0.9577,19,0,1.00,None,1
2955,6.19,10.57,5.02,90.43,0.9577,19,0,1.00,None,1
2956,6.19,10.57,5.02,90.43,0.9577,19,0,1.00,None,1
2957,6.19,10.57,5.02,90.43,0.9577,19,0,1.00,None,1
2958,6.19,10.57,5.02,90.43,0.9577,19,0,1.00,None,1
2959,6.19,10.57,5.02,90.43,0.9577,19,0,1.00,None,1
2960,6.19,10.57,5.02,90.43,0.9577,19,0,1.00,None,1
2961,6.19,10.57,5.02,90.43,0.9577,19,0,1.00,None,1
2962,6.19,10.57,5.02,90.43,0.9577,19,0,1.00,None,1
2963,6.19,10.57,5.02,90.43,0.9577,19,0,1.00,None,1
2964,6.19,10.57,5.02,90.43,0.9577,19,0,1.00,None,1
2965,6.19,10.57,5.02,90.43,0.9577,19,0,1.00,None,1
2966,6.19,10.57,5.02,90.43,0.9577,19,0,1.00,None,1
2967,6.19,10.57,5.02,90.43,0.9577,19,0,1.00,None,1
2968,6.19,10.57,5.02,90.43,0.9577,19,0,1.00,None,1
2969,7.17,-19.56,5.04,90.43,0.9575,19,0,1.00,None,1
2970,7.17,-19.56,5.04,90.43,0.9575,19,0,1.00,None,1
2971,7.17,-19.56,5.04,90.43,0.9575,19,0,1.00,None,1
2972,7.17,-19.56,5.04,90.43,0.9575,19,0,1.00,None,1
2973,7.44,-27.95,5.02,90.43,0.9575,19,0,1.00,None,1
2974,7.44,-27.95,5.02,90.43,0.9575,19,0,1.00,None,1
2975,7.52,-30.41,5.01,90.43,0.9575,19,0,1.00,None,1
2976,7.52,-33.19,5.01,90.43,0.9574,19,0,1.00,None,1
2977,7.52,-33.19,5.01,90.43,0.9574,19,0,1.00,None,1
2978,7.52,-33.19,5.01,90.43,0.9574,19,0,1.00,None,1
2979,7.52,-38.11,5.01,90.43,0.9574,19,0,1.00,None,1
2980,7.52,-38.11,5.01,90.43,0.9574,19,0,1.00,None,1
2981,7.52,-38.11,5.01,90.43,0.9574,19,0,1.00,None,1
2982,7.53,-43.54,5.01,90.43,0.9574,19,0,1.00,None,1
2983,7.53,-43.54,5.01,90.43,0.9574,19,0,1.00,None,1
2984,7.53,-47.13,5.01,90.43,0.9574,19,0,1.00,None,1
2985,7.53,-47.13,5.01,90.43,0.9574,19,0,1.00,None,1
2986,7.53,-51.80,5.01,90.43,0.9573,19,0,1.00,None,1
2987,7.53,-51.80,5.01,90.43,0.9573,19,0,1.00,None,1
2988,7.53,-51.80,5.01,90.43,0.9573,19,0,1.00,None,1
2989,7.53,-56.27,5.01,90.43,0.9573,19,0,1.00,None,1
2990,7.53,-56.27,5.01,90.43,0.9573,19,0,1.00,None,1
2991,7.53,-60.62,5.01,90.43,0.9573,19,0,1.00,None,1
2992,7.53,-60.62,5.01,90.43,0.9573,19,0,1.00,None,1
2993,7.53,-60.62,5.01,90.43,0.9573,19,0,1.00,None,1
2994,7.53,-60.62,5.01,90.43,0.9573,19,0,1.00,None,1
2995,7.54,-66.38,5.01,90.43,0.9572,19,0,1.00,None,1
2996,7.54,-66.38,5.01,90.43,0.9572,19,0,1.00,None,1
2997,7.54,-66.38,5.01,90.43,0.9572,19,0,1.00,None,1
2998,7.54,-72.07,5.01,90.43,0.9572,19,0,1.00,None,1
2999,7.54,-72.07,5.01,90.43,0.9572,19,0,1.00,None,1
3000,7.54,-77.00,5.01,90.43,0.9572,19,0,1.00,None,1
3001,7.54,-77.00,5.01,90.43,0.9572,19,0,1.00,None,1
3002,7.54,-77.00,5.01,90.43,0.9572,19,0,1.00,None,1
3003,7.54,-77.00,5.01,90.43,0.9572,19,0,1.00,None,1
3004,7.54,-77.00,5.01,90.43,0.9572,19,0,1.00,None,1
3005,7.54,-77.00,5.01,90.43,0.9572,19,0,1.00,None,1
3006,7.54,-77.00,5.01,90.43,0.9572,19,0,1.00,None,1
3007,7.54,-77.00,5.01,90.43,0.9572,19,0,1.00,None,1
3008,7.54,-77.00,5.01,90.43,0.9572,19,0,1.00,None,1
3009,7.54,-77.00,5.01,90.43,0.9572,19,0,1.00,None,1
3010,7.54,-77.00,5.01,90.43,0.9572,19,0,1.00,None,1
3011,7.54,-77.00,5.01,90.43,0.9572,19,0,1.00,None,1
3012,7.54,-77.00,5.01,90.43,0.9572,19,0,1.00,None,1
3013,7.54,-77.00,5.01,90.43,0.9572,19,0,1.00,None,1
3014,7.54,-77.00,5.01,90.43,0.9572,19,0,1.00,None,1
3015,7.54,-77.00,5.01,90.43,0.9572,19,0,1.00,None,1
3016,7.54,-77.00,5.01,90.43,0.9572,19,0,1.00,None,1
3017,7.55,-107.15,5.01,90.43,0.9570,19,0,1.00,None,1
3018,7.55,-107.15,5.01,90.43,0.9570,19,0,1.00,None,1
3019,7.55,-107.15,5.01,90.43,0.9570,19,0,1.00,None,1
3020,7.55,-107.15,5.01,90.43,0.9570,19,0,1.00,None,1
3021,7.56,-113.64,5.01,90.43,0.9569,19,0,1.00,None,1
3022,7.56,-115.24,5.01,90.43,0.9569,19,0,1.00,None,1
