TimeStep,PosX,PosZ,Altitude,Velocity,Battery,TrafficAgentsCount,CurrentPolicy
1,7.56,-119.25,5.01,0.00,0.9980,19,None
2,7.56,-119.25,5.01,0.00,0.9980,19,None
3,7.56,-119.25,5.01,0.00,0.9980,19,None
4,7.56,-119.25,5.01,0.00,0.9979,19,None
5,7.56,-119.25,5.01,0.00,0.9979,19,None
6,7.56,-119.25,5.01,0.00,0.9979,19,None
7,7.54,-119.21,5.01,0.65,0.9979,19,None
8,7.54,-119.21,5.01,0.65,0.9979,19,None
9,7.54,-119.21,5.01,0.65,0.9979,19,None
10,7.51,-119.13,5.01,1.31,0.9979,19,None
11,7.51,-119.13,5.01,1.31,0.9979,19,None
12,7.51,-119.13,5.01,1.31,0.9979,19,None
13,7.51,-119.13,5.01,1.31,0.9979,19,None
14,7.51,-119.13,5.01,1.31,0.9979,19,None
15,7.51,-119.13,5.01,1.31,0.9979,19,None
16,7.51,-119.13,5.01,1.31,0.9979,19,None
17,7.41,-118.89,5.01,1.98,0.9978,19,None
18,7.41,-118.89,5.01,1.98,0.9978,19,None
19,7.41,-118.89,5.01,1.98,0.9978,19,None
20,7.36,-118.77,5.01,2.00,0.9978,19,None
21,7.36,-118.77,5.01,2.00,0.9978,19,None
22,7.34,-118.70,5.01,2.00,0.9977,19,None
23,7.34,-118.70,5.01,2.00,0.9977,19,None
24,7.34,-118.70,5.01,2.00,0.9977,19,None
25,7.34,-118.70,5.01,2.00,0.9977,19,None
26,7.28,-118.57,5.01,2.00,0.9977,19,None
27,7.28,-118.57,5.01,2.00,0.9977,19,None
28,7.28,-118.57,5.01,2.00,0.9977,19,None
29,7.23,-118.45,5.01,2.00,0.9977,19,None
30,7.23,-118.45,5.01,2.00,0.9977,19,None
31,7.21,-118.39,5.01,2.00,0.9977,19,None
32,7.21,-118.39,5.01,2.00,0.9977,19,None
33,7.21,-118.39,5.01,2.00,0.9977,19,None
34,7.16,-118.28,5.01,2.00,0.9976,19,None
35,7.16,-118.28,5.01,2.00,0.9976,19,None
36,7.16,-118.28,5.01,2.00,0.9976,19,None
37,7.11,-118.15,5.01,2.00,0.9976,19,None
38,7.11,-118.15,5.01,2.00,0.9976,19,None
39,7.11,-118.15,5.01,2.00,0.9976,19,None
40,7.06,-118.03,5.01,2.00,0.9975,19,None
41,7.06,-118.03,5.01,2.00,0.9975,19,None
42,7.06,-118.03,5.01,2.00,0.9975,19,None
43,7.06,-118.03,5.01,2.00,0.9975,19,None
44,7.01,-117.91,5.01,2.00,0.9975,19,None
45,7.01,-117.91,5.01,2.00,0.9975,19,None
46,7.01,-117.91,5.01,2.00,0.9975,19,None
47,6.97,-117.79,5.01,2.00,0.9975,19,None
48,6.97,-117.79,5.01,2.00,0.9975,19,None
49,6.97,-117.79,5.01,2.00,0.9975,19,None
50,6.97,-117.79,5.01,2.00,0.9975,19,None
51,6.97,-117.79,5.01,2.00,0.9975,19,None
52,6.89,-117.59,5.01,2.00,0.9974,19,None
53,6.89,-117.59,5.01,2.00,0.9974,19,None
54,6.89,-117.59,5.01,2.00,0.9974,19,None
55,6.84,-117.47,5.01,2.00,0.9974,19,None
56,6.84,-117.47,5.01,2.00,0.9974,19,None
57,6.81,-117.41,5.02,2.00,0.9974,19,None
58,6.81,-117.41,5.02,2.00,0.9974,19,None
59,6.81,-117.41,5.02,2.00,0.9974,19,None
60,6.77,-117.30,5.02,2.00,0.9973,19,None
61,6.77,-117.30,5.02,2.00,0.9973,19,None
62,6.77,-117.30,5.02,2.00,0.9973,19,None
63,6.72,-117.18,5.02,2.00,0.9973,19,None
64,6.72,-117.18,5.02,2.00,0.9973,19,None
65,6.72,-117.18,5.02,2.00,0.9973,19,None
66,6.72,-117.18,5.02,2.00,0.9973,19,None
67,6.67,-117.05,5.02,2.00,0.9973,19,None
68,6.67,-117.05,5.02,2.00,0.9973,19,None
69,6.67,-117.05,5.02,2.00,0.9973,19,None
70,6.62,-116.93,5.02,2.00,0.9972,19,None
71,6.62,-116.93,5.02,2.00,0.9972,19,None
72,6.62,-116.93,5.02,2.00,0.9972,19,None
73,6.62,-116.93,5.02,2.00,0.9972,19,None
74,6.62,-116.93,5.02,2.00,0.9972,19,None
75,6.54,-116.74,5.02,2.00,0.9972,19,None
76,6.54,-116.74,5.02,2.00,0.9972,19,None
77,6.54,-116.74,5.02,2.00,0.9972,19,None
78,6.49,-116.62,5.02,2.00,0.9971,19,None
79,6.49,-116.62,5.02,2.00,0.9971,19,None
80,6.49,-116.62,5.02,2.00,0.9971,19,None
81,6.45,-116.50,5.02,2.00,0.9971,19,None
82,6.45,-116.50,5.02,2.00,0.9971,19,None
83,6.42,-116.45,5.02,2.00,0.9971,19,None
84,6.42,-116.45,5.02,2.00,0.9971,19,None
85,6.42,-116.45,5.02,2.00,0.9971,19,None
86,6.42,-116.45,5.02,2.00,0.9971,19,None
87,6.42,-116.45,5.02,2.00,0.9971,19,None
88,6.34,-116.25,5.02,2.00,0.9970,19,None
89,6.34,-116.25,5.02,2.00,0.9970,19,None
90,6.34,-116.25,5.02,2.00,0.9970,19,None
91,6.30,-116.14,5.02,2.00,0.9970,19,None
92,6.30,-116.14,5.02,2.00,0.9970,19,None
93,6.28,-116.08,5.02,2.00,0.9970,19,None
94,6.28,-116.08,5.02,2.00,0.9970,19,None
95,6.28,-116.08,5.02,2.00,0.9970,19,None
96,6.28,-116.08,5.02,2.00,0.9970,19,None
97,6.28,-116.08,5.02,2.00,0.9970,19,None
98,6.20,-115.89,5.02,2.00,0.9969,19,None
99,6.20,-115.89,5.02,2.00,0.9969,19,None
100,6.20,-115.89,5.02,2.00,0.9969,19,None
101,6.20,-115.89,5.02,2.00,0.9969,19,None
102,6.15,-115.76,5.02,2.00,0.9969,19,None
103,6.12,-115.70,5.02,2.00,0.9968,19,None
104,6.12,-115.70,5.02,2.00,0.9968,19,None
105,6.12,-115.70,5.02,2.00,0.9968,19,None
106,6.08,-115.59,5.02,2.00,0.9968,19,None
107,6.08,-115.59,5.02,2.00,0.9968,19,None
108,6.08,-115.59,5.02,2.00,0.9968,19,None
109,6.03,-115.47,5.02,2.00,0.9968,19,None
110,6.03,-115.47,5.02,2.00,0.9968,19,None
111,6.03,-115.47,5.02,2.00,0.9968,19,None
112,6.03,-115.47,5.02,2.00,0.9968,19,None
113,5.98,-115.35,5.02,2.00,0.9967,19,None
114,5.98,-115.35,5.02,2.00,0.9967,19,None
115,5.98,-115.35,5.02,2.00,0.9967,19,None
116,5.93,-115.22,5.02,2.00,0.9967,19,None
117,5.93,-115.22,5.02,2.00,0.9967,19,None
118,5.93,-115.22,5.02,2.00,0.9967,19,None
119,5.93,-115.22,5.02,2.00,0.9967,19,None
120,5.93,-115.22,5.02,2.00,0.9967,19,None
121,5.85,-115.03,5.02,2.00,0.9966,19,None
122,5.85,-115.03,5.02,2.00,0.9966,19,None
123,5.85,-115.03,5.02,2.00,0.9966,19,None
124,5.81,-114.92,5.02,2.00,0.9966,19,None
125,5.81,-114.92,5.02,2.00,0.9966,19,None
126,5.78,-114.86,5.02,2.00,0.9966,19,None
127,5.78,-114.86,5.02,2.00,0.9966,19,None
128,5.78,-114.86,5.02,2.00,0.9966,19,None
129,5.73,-114.74,5.02,2.00,0.9966,19,None
130,5.73,-114.74,5.02,2.00,0.9966,19,None
131,5.73,-114.74,5.02,2.00,0.9966,19,None
132,5.68,-114.62,5.02,2.00,0.9965,19,None
133,5.68,-114.62,5.02,2.00,0.9965,19,None
134,5.68,-114.62,5.02,2.00,0.9965,19,None
135,5.68,-114.62,5.02,2.00,0.9965,19,None
136,5.63,-114.49,5.02,2.00,0.9965,19,None
137,5.63,-114.49,5.02,2.00,0.9965,19,None
138,5.63,-114.49,5.02,2.00,0.9965,19,None
139,5.58,-114.37,5.02,2.00,0.9964,19,None
140,5.58,-114.37,5.02,2.00,0.9964,19,None
141,5.58,-114.37,5.02,2.00,0.9964,19,None
142,5.53,-114.25,5.02,2.00,0.9964,19,None
143,5.53,-114.25,5.02,2.00,0.9964,19,None
144,5.53,-114.25,5.02,2.00,0.9964,19,None
145,5.53,-114.25,5.02,2.00,0.9964,19,None
146,5.53,-114.25,5.02,2.00,0.9964,19,None
147,5.46,-114.06,5.02,2.00,0.9964,19,None
148,5.46,-114.06,5.02,2.00,0.9964,19,None
149,5.46,-114.06,5.02,2.00,0.9964,19,None
150,5.46,-114.06,5.02,2.00,0.9964,19,None
151,5.41,-113.93,5.03,2.00,0.9963,19,None
152,5.41,-113.93,5.03,2.00,0.9963,19,None
153,5.38,-113.87,5.03,2.00,0.9963,19,None
154,5.38,-113.87,5.03,2.00,0.9963,19,None
155,5.34,-113.76,5.03,2.00,0.9963,19,None
156,5.34,-113.76,5.03,2.00,0.9963,19,None
157,5.34,-113.76,5.03,2.00,0.9963,19,None
158,5.34,-113.76,5.03,2.00,0.9963,19,None
159,5.29,-113.64,5.03,2.00,0.9962,19,None
160,5.29,-113.64,5.03,2.00,0.9962,19,None
161,5.29,-113.64,5.03,2.00,0.9962,19,None
162,5.24,-113.52,5.03,2.00,0.9962,19,None
163,5.24,-113.52,5.03,2.00,0.9962,19,None
164,5.24,-113.52,5.03,2.00,0.9962,19,None
165,5.19,-113.39,5.03,2.00,0.9962,19,None
166,5.19,-113.39,5.03,2.00,0.9962,19,None
167,5.19,-113.39,5.03,2.00,0.9962,19,None
168,5.19,-113.39,5.03,2.00,0.9962,19,None
169,5.14,-113.27,5.03,2.00,0.9961,19,None
170,5.14,-113.27,5.03,2.00,0.9961,19,None
171,5.14,-113.27,5.03,2.00,0.9961,19,None
172,5.09,-113.15,5.03,2.00,0.9961,19,None
173,5.09,-113.15,5.03,2.00,0.9961,19,None
174,5.09,-113.15,5.03,2.00,0.9961,19,None
175,5.04,-113.03,5.03,2.00,0.9960,19,None
176,5.04,-113.03,5.03,2.00,0.9960,19,None
177,5.04,-113.03,5.03,2.00,0.9960,19,None
178,4.99,-112.91,5.03,2.00,0.9960,19,None
179,4.99,-112.91,5.03,2.00,0.9960,19,None
180,4.99,-112.91,5.03,2.00,0.9960,19,None
181,4.99,-112.91,5.03,2.00,0.9960,19,None
182,4.94,-112.78,5.03,2.00,0.9960,19,None
183,4.94,-112.78,5.03,2.00,0.9960,19,None
184,4.94,-112.78,5.03,2.00,0.9960,19,None
185,4.89,-112.66,5.03,2.00,0.9959,19,None
186,4.89,-112.66,5.03,2.00,0.9959,19,None
187,4.89,-112.66,5.03,2.00,0.9959,19,None
188,4.84,-112.54,5.03,2.00,0.9959,19,None
189,4.84,-112.54,5.03,2.00,0.9959,19,None
190,4.84,-112.54,5.03,2.00,0.9959,19,None
191,4.84,-112.54,5.03,2.00,0.9959,19,None
192,4.79,-112.42,5.03,2.00,0.9959,19,None
193,4.79,-112.42,5.03,2.00,0.9959,19,None
194,4.79,-112.42,5.03,2.00,0.9959,19,None
195,4.74,-112.29,5.03,2.00,0.9958,19,None
196,4.74,-112.29,5.03,2.00,0.9958,19,None
197,4.74,-112.29,5.03,2.00,0.9958,19,None
198,4.70,-112.17,5.03,2.00,0.9958,19,None
199,4.70,-112.17,5.03,2.00,0.9958,19,None
200,4.70,-112.17,5.03,2.00,0.9958,19,None
201,4.70,-112.17,5.03,2.00,0.9958,19,None
202,4.65,-112.05,5.03,2.00,0.9958,19,None
203,4.65,-112.05,5.03,2.00,0.9958,19,None
204,4.65,-112.05,5.03,2.00,0.9958,19,None
205,4.60,-111.93,5.03,2.00,0.9957,19,None
206,4.60,-111.93,5.03,2.00,0.9957,19,None
207,4.60,-111.93,5.03,2.00,0.9957,19,None
208,4.60,-111.93,5.03,2.00,0.9957,19,None
209,4.60,-111.93,5.03,2.00,0.9957,19,None
210,4.52,-111.74,5.03,2.00,0.9957,19,None
211,4.52,-111.74,5.03,2.00,0.9957,19,None
212,4.52,-111.74,5.03,2.00,0.9957,19,None
213,4.47,-111.61,5.03,2.00,0.9956,19,None
214,4.47,-111.61,5.03,2.00,0.9956,19,None
215,4.45,-111.55,5.03,2.00,0.9956,19,None
216,4.45,-111.55,5.03,2.00,0.9956,19,None
217,4.45,-111.55,5.03,2.00,0.9956,19,None
218,4.40,-111.45,5.03,2.00,0.9956,19,None
219,4.40,-111.45,5.03,2.00,0.9956,19,None
220,4.40,-111.45,5.03,2.00,0.9956,19,None
221,4.35,-111.33,5.03,2.00,0.9955,19,None
222,4.35,-111.33,5.03,2.00,0.9955,19,None
223,4.35,-111.33,5.03,2.00,0.9955,19,None
224,4.30,-111.20,5.03,2.00,0.9955,19,None
225,4.30,-111.20,5.03,2.00,0.9955,19,None
226,4.30,-111.20,5.03,2.00,0.9955,19,None
227,4.30,-111.20,5.03,2.00,0.9955,19,None
228,4.26,-111.08,5.03,2.00,0.9955,19,None
229,4.26,-111.08,5.03,2.00,0.9955,19,None
230,4.26,-111.08,5.03,2.00,0.9955,19,None
231,4.21,-110.96,5.03,2.00,0.9954,19,None
232,4.21,-110.96,5.03,2.00,0.9954,19,None
233,4.21,-110.96,5.03,2.00,0.9954,19,None
234,4.16,-110.84,5.03,2.00,0.9954,19,None
235,4.16,-110.84,5.03,2.00,0.9954,19,None
236,4.16,-110.84,5.03,2.00,0.9954,19,None
237,4.11,-110.72,5.03,2.00,0.9954,19,None
238,4.11,-110.72,5.03,2.00,0.9954,19,None
239,4.11,-110.72,5.03,2.00,0.9954,19,None
240,4.11,-110.72,5.03,2.00,0.9954,19,None
241,4.06,-110.60,5.03,2.00,0.9953,19,None
242,4.06,-110.60,5.03,2.00,0.9953,19,None
243,4.06,-110.60,5.03,2.00,0.9953,19,None
244,4.01,-110.48,5.04,2.00,0.9953,19,None
245,4.01,-110.48,5.04,2.00,0.9953,19,None
246,4.01,-110.48,5.04,2.00,0.9953,19,None
247,3.96,-110.36,5.04,2.00,0.9952,19,None
248,3.96,-110.36,5.04,2.00,0.9952,19,None
249,3.96,-110.36,5.04,2.00,0.9952,19,None
250,3.96,-110.36,5.04,2.00,0.9952,19,None
251,3.91,-110.23,5.04,2.00,0.9952,19,None
252,3.91,-110.23,5.04,2.00,0.9952,19,None
253,3.91,-110.23,5.04,2.00,0.9952,19,None
254,3.86,-110.11,5.04,2.00,0.9952,19,None
255,3.86,-110.11,5.04,2.00,0.9952,19,None
256,3.86,-110.11,5.04,2.00,0.9952,19,None
257,3.81,-109.99,5.04,2.00,0.9951,19,None
258,3.81,-109.99,5.04,2.00,0.9951,19,None
259,3.81,-109.99,5.04,2.00,0.9951,19,None
260,3.77,-109.87,5.04,2.00,0.9951,19,None
261,3.77,-109.87,5.04,2.00,0.9951,19,None
262,3.77,-109.87,5.04,2.00,0.9951,19,None
263,3.77,-109.87,5.04,2.00,0.9951,19,None
264,3.72,-109.75,5.04,2.00,0.9951,19,None
265,3.72,-109.75,5.04,2.00,0.9951,19,None
266,3.72,-109.75,5.04,2.00,0.9951,19,None
267,3.67,-109.63,5.04,2.00,0.9950,19,None
268,3.67,-109.63,5.04,2.00,0.9950,19,None
269,3.67,-109.63,5.04,2.00,0.9950,19,None
270,3.62,-109.51,5.04,2.00,0.9950,19,None
271,3.62,-109.51,5.04,2.00,0.9950,19,None
272,3.62,-109.51,5.04,2.00,0.9950,19,None
273,3.57,-109.39,5.04,2.00,0.9950,19,None
274,3.57,-109.39,5.04,2.00,0.9950,19,None
275,3.57,-109.39,5.04,2.00,0.9950,19,None
276,3.57,-109.39,5.04,2.00,0.9950,19,None
277,3.52,-109.27,5.04,2.00,0.9949,19,None
278,3.52,-109.27,5.04,2.00,0.9949,19,None
279,3.52,-109.27,5.04,2.00,0.9949,19,None
280,3.47,-109.15,5.04,2.00,0.9949,19,None
281,3.47,-109.15,5.04,2.00,0.9949,19,None
282,3.47,-109.15,5.04,2.00,0.9949,19,None
283,3.42,-109.03,5.04,2.00,0.9948,19,None
284,3.42,-109.03,5.04,2.00,0.9948,19,None
285,3.42,-109.03,5.04,2.00,0.9948,19,None
286,3.38,-108.91,5.04,2.00,0.9948,19,None
287,3.38,-108.91,5.04,2.00,0.9948,19,None
288,3.38,-108.91,5.04,2.00,0.9948,19,None
289,3.38,-108.91,5.04,2.00,0.9948,19,None
290,3.33,-108.79,5.04,2.00,0.9948,19,None
291,3.33,-108.79,5.04,2.00,0.9948,19,None
292,3.33,-108.79,5.04,2.00,0.9948,19,None
293,3.28,-108.66,5.04,2.00,0.9947,19,None
294,3.28,-108.66,5.04,2.00,0.9947,19,None
295,3.28,-108.66,5.04,2.00,0.9947,19,None
296,3.23,-108.54,5.04,2.00,0.9947,19,None
297,3.23,-108.54,5.04,2.00,0.9947,19,None
298,3.23,-108.54,5.04,2.00,0.9947,19,None
299,3.18,-108.42,5.04,2.00,0.9947,19,None
300,3.18,-108.42,5.04,2.00,0.9947,19,None
301,3.18,-108.42,5.04,2.00,0.9947,19,None
302,3.18,-108.42,5.04,2.00,0.9947,19,None
303,3.13,-108.30,5.04,2.00,0.9946,19,None
304,3.13,-108.30,5.04,2.00,0.9946,19,None
305,3.13,-108.30,5.04,2.00,0.9946,19,None
306,3.08,-108.18,5.04,2.00,0.9946,19,None
307,3.08,-108.18,5.04,2.00,0.9946,19,None
308,3.08,-108.18,5.04,2.00,0.9946,19,None
309,3.03,-108.06,5.04,2.00,0.9946,19,None
310,3.03,-108.06,5.04,2.00,0.9946,19,None
311,3.03,-108.06,5.04,2.00,0.9946,19,None
312,2.98,-107.94,5.04,2.00,0.9945,19,None
313,2.98,-107.94,5.04,2.00,0.9945,19,None
314,2.98,-107.94,5.04,2.00,0.9945,19,None
315,2.98,-107.94,5.04,2.00,0.9945,19,None
316,2.93,-107.82,5.04,2.00,0.9945,19,None
317,2.93,-107.82,5.04,2.00,0.9945,19,None
318,2.93,-107.82,5.04,2.00,0.9945,19,None
319,2.89,-107.70,5.05,2.01,0.9944,19,None
320,2.89,-107.70,5.05,2.01,0.9944,19,None
321,2.89,-107.70,5.05,2.01,0.9944,19,None
322,2.84,-107.57,5.08,2.05,0.9944,19,None
323,2.84,-107.57,5.08,2.05,0.9944,19,None
324,2.84,-107.57,5.08,2.05,0.9944,19,None
325,2.84,-107.57,5.08,2.05,0.9944,19,None
326,2.79,-107.45,5.11,2.05,0.9944,19,None
327,2.79,-107.45,5.11,2.05,0.9944,19,None
328,2.79,-107.45,5.11,2.05,0.9944,19,None
329,2.74,-107.33,5.14,2.05,0.9943,19,None
330,2.74,-107.33,5.14,2.05,0.9943,19,None
331,2.74,-107.33,5.14,2.05,0.9943,19,None
332,2.69,-107.21,5.17,2.05,0.9943,19,None
333,2.69,-107.21,5.17,2.05,0.9943,19,None
334,2.69,-107.21,5.17,2.05,0.9943,19,None
335,2.69,-107.21,5.17,2.05,0.9943,19,None
336,2.69,-107.21,5.17,2.05,0.9943,19,None
337,2.61,-107.01,5.21,2.05,0.9942,19,None
338,2.61,-107.01,5.21,2.05,0.9942,19,None
339,2.61,-107.01,5.21,2.05,0.9942,19,None
340,2.61,-107.01,5.21,2.05,0.9942,19,None
341,2.56,-106.89,5.24,2.05,0.9942,19,None
342,2.53,-106.82,5.26,2.05,0.9942,19,None
343,2.53,-106.82,5.26,2.05,0.9942,19,None
344,2.53,-106.82,5.26,2.05,0.9942,19,None
345,2.49,-106.72,5.28,2.03,0.9942,19,None
346,2.49,-106.72,5.28,2.03,0.9942,19,None
347,2.49,-106.72,5.28,2.03,0.9942,19,None
348,2.49,-106.72,5.28,2.03,0.9942,19,None
349,2.44,-106.59,5.28,2.00,0.9941,19,None
350,2.44,-106.59,5.28,2.00,0.9941,19,None
351,2.44,-106.59,5.28,2.00,0.9941,19,None
352,2.39,-106.47,5.27,2.00,0.9941,19,None
353,2.39,-106.47,5.27,2.00,0.9941,19,None
354,2.39,-106.47,5.27,2.00,0.9941,19,None
355,2.34,-106.35,5.27,2.00,0.9940,19,None
356,2.34,-106.35,5.27,2.00,0.9940,19,None
357,2.34,-106.35,5.27,2.00,0.9940,19,None
358,2.34,-106.35,5.27,2.00,0.9940,19,None
359,2.34,-106.35,5.27,2.00,0.9940,19,None
360,2.34,-106.35,5.27,2.00,0.9940,19,None
361,2.34,-106.35,5.27,2.00,0.9940,19,None
362,2.24,-106.11,5.27,2.00,0.9940,19,None
363,2.24,-106.11,5.27,2.00,0.9940,19,None
364,2.24,-106.11,5.27,2.00,0.9940,19,None
365,2.19,-105.98,5.27,2.00,0.9939,19,None
366,2.19,-105.98,5.27,2.00,0.9939,19,None
367,2.16,-105.91,5.27,2.00,0.9939,19,None
368,2.16,-105.91,5.27,2.00,0.9939,19,None
369,2.16,-105.91,5.27,2.00,0.9939,19,None
370,2.16,-105.91,5.27,2.00,0.9939,19,None
371,2.11,-105.78,5.27,2.00,0.9939,19,None
372,2.11,-105.78,5.27,2.00,0.9939,19,None
373,2.11,-105.78,5.27,2.00,0.9939,19,None
374,2.06,-105.66,5.27,2.00,0.9938,19,None
375,2.06,-105.66,5.27,2.00,0.9938,19,None
376,2.06,-105.66,5.27,2.00,0.9938,19,None
377,2.01,-105.53,5.27,2.00,0.9938,19,None
378,2.01,-105.53,5.27,2.00,0.9938,19,None
379,1.99,-105.47,5.27,2.00,0.9938,19,None
380,1.99,-105.47,5.27,2.00,0.9938,19,None
381,1.99,-105.47,5.27,2.00,0.9938,19,None
382,1.99,-105.47,5.27,2.00,0.9938,19,None
383,1.93,-105.33,5.26,2.00,0.9937,19,None
384,1.93,-105.33,5.26,2.00,0.9937,19,None
385,1.93,-105.33,5.26,2.00,0.9937,19,None
386,1.93,-105.33,5.26,2.00,0.9937,19,None
387,1.86,-105.16,5.26,2.00,0.9937,19,None
388,1.86,-105.16,5.26,2.00,0.9937,19,None
389,1.86,-105.16,5.26,2.00,0.9937,19,None
390,1.86,-105.16,5.26,2.00,0.9937,19,None
391,1.86,-105.16,5.26,2.00,0.9937,19,None
392,1.80,-105.00,5.26,2.00,0.9936,19,None
393,1.80,-105.00,5.26,2.00,0.9936,19,None
394,1.76,-104.92,5.26,2.00,0.9936,19,None
395,1.76,-104.92,5.26,2.00,0.9936,19,None
396,1.74,-104.86,5.26,2.00,0.9936,19,None
397,1.74,-104.86,5.26,2.00,0.9936,19,None
398,1.74,-104.86,5.26,2.00,0.9936,19,None
399,1.69,-104.75,5.26,2.00,0.9936,19,None
400,1.69,-104.75,5.26,2.00,0.9936,19,None
401,1.69,-104.75,5.26,2.00,0.9936,19,None
402,1.69,-104.75,5.26,2.00,0.9936,19,None
403,1.69,-104.75,5.26,2.00,0.9936,19,None
404,1.61,-104.55,5.26,2.00,0.9935,19,None
405,1.61,-104.55,5.26,2.00,0.9935,19,None
406,1.61,-104.55,5.26,2.00,0.9935,19,None
407,1.61,-104.55,5.26,2.00,0.9935,19,None
408,1.54,-104.38,5.26,2.00,0.9935,19,None
409,1.54,-104.38,5.26,2.00,0.9935,19,None
410,1.54,-104.38,5.26,2.00,0.9935,19,None
411,1.54,-104.38,5.26,2.00,0.9935,19,None
412,1.49,-104.25,5.26,2.00,0.9934,19,None
413,1.49,-104.25,5.26,2.00,0.9934,19,None
414,1.49,-104.25,5.26,2.00,0.9934,19,None
415,1.44,-104.13,5.26,2.00,0.9934,19,None
416,1.44,-104.13,5.26,2.00,0.9934,19,None
417,1.41,-104.05,5.26,2.00,0.9934,19,None
418,1.41,-104.05,5.26,2.00,0.9934,19,None
419,1.39,-103.99,5.26,2.00,0.9933,19,None
420,1.39,-103.99,5.26,2.00,0.9933,19,None
421,1.39,-103.99,5.26,2.00,0.9933,19,None
422,1.34,-103.88,5.27,2.00,0.9933,19,None
423,1.34,-103.88,5.27,2.00,0.9933,19,None
424,1.34,-103.88,5.27,2.00,0.9933,19,None
425,1.34,-103.88,5.27,2.00,0.9933,19,None
426,1.34,-103.88,5.27,2.00,0.9933,19,None
427,1.26,-103.68,5.27,2.00,0.9932,19,None
428,1.26,-103.68,5.27,2.00,0.9932,19,None
429,1.26,-103.68,5.27,2.00,0.9932,19,None
430,1.26,-103.68,5.27,2.00,0.9932,19,None
431,1.21,-103.55,5.27,2.00,0.9932,19,None
432,1.19,-103.49,5.27,2.00,0.9932,19,None
433,1.19,-103.49,5.27,2.00,0.9932,19,None
434,1.19,-103.49,5.27,2.00,0.9932,19,None
435,1.19,-103.49,5.27,2.00,0.9932,19,None
436,1.19,-103.49,5.27,2.00,0.9932,19,None
437,1.11,-103.31,5.28,2.00,0.9931,19,None
438,1.11,-103.31,5.28,2.00,0.9931,19,None
439,1.11,-103.31,5.28,2.00,0.9931,19,None
440,1.11,-103.31,5.28,2.00,0.9931,19,None
441,1.06,-103.18,5.28,2.00,0.9931,19,None
442,1.04,-103.12,5.28,2.00,0.9931,19,None
443,1.04,-103.12,5.28,2.00,0.9931,19,None
444,1.04,-103.12,5.28,2.00,0.9931,19,None
445,0.99,-103.01,5.28,2.00,0.9930,19,None
446,0.99,-103.01,5.28,2.00,0.9930,19,None
447,0.99,-103.01,5.28,2.00,0.9930,19,None
448,0.99,-103.01,5.28,2.00,0.9930,19,None
449,0.99,-103.01,5.28,2.00,0.9930,19,None
450,0.99,-103.01,5.28,2.00,0.9930,19,None
451,0.91,-102.82,5.28,2.00,0.9930,19,None
452,0.91,-102.82,5.28,2.00,0.9930,19,None
453,0.91,-102.82,5.28,2.00,0.9930,19,None
454,0.86,-102.69,5.28,2.00,0.9929,19,None
455,0.86,-102.69,5.28,2.00,0.9929,19,None
456,0.84,-102.63,5.28,2.00,0.9929,19,None
457,0.84,-102.63,5.28,2.00,0.9929,19,None
458,0.84,-102.63,5.28,2.00,0.9929,19,None
459,0.84,-102.63,5.28,2.00,0.9929,19,None
460,0.76,-102.45,5.28,2.00,0.9929,19,None
461,0.76,-102.45,5.28,2.00,0.9929,19,None
462,0.76,-102.45,5.28,2.00,0.9929,19,None
463,0.76,-102.45,5.28,2.00,0.9929,19,None
464,0.71,-102.32,5.28,2.00,0.9928,19,None
465,0.71,-102.32,5.28,2.00,0.9928,19,None
466,0.69,-102.26,5.28,2.00,0.9928,19,None
467,0.69,-102.26,5.28,2.00,0.9928,19,None
468,0.64,-102.15,5.28,2.00,0.9928,19,None
469,0.64,-102.15,5.28,2.00,0.9928,19,None
470,0.64,-102.15,5.28,2.00,0.9928,19,None
471,0.64,-102.15,5.28,2.00,0.9928,19,None
472,0.64,-102.15,5.28,2.00,0.9928,19,None
473,0.64,-102.15,5.28,2.00,0.9928,19,None
474,0.57,-101.96,5.28,2.00,0.9927,19,None
475,0.57,-101.96,5.28,2.00,0.9927,19,None
476,0.57,-101.96,5.28,2.00,0.9927,19,None
477,0.51,-101.83,5.28,2.00,0.9927,19,None
478,0.51,-101.83,5.28,2.00,0.9927,19,None
479,0.49,-101.77,5.28,2.00,0.9927,19,None
480,0.49,-101.77,5.28,2.00,0.9927,19,None
481,0.49,-101.77,5.28,2.00,0.9927,19,None
482,0.49,-101.77,5.28,2.00,0.9927,19,None
483,0.49,-101.77,5.28,2.00,0.9927,19,None
484,0.42,-101.59,5.28,2.00,0.9926,19,None
485,0.42,-101.59,5.28,2.00,0.9926,19,None
486,0.42,-101.59,5.28,2.00,0.9926,19,None
487,0.36,-101.46,5.28,2.00,0.9926,19,None
488,0.36,-101.46,5.28,2.00,0.9926,19,None
489,0.34,-101.40,5.28,2.00,0.9926,19,None
490,0.34,-101.40,5.28,2.00,0.9926,19,None
491,0.34,-101.40,5.28,2.00,0.9926,19,None
492,0.30,-101.29,5.28,2.00,0.9925,19,None
493,0.30,-101.29,5.28,2.00,0.9925,19,None
494,0.30,-101.29,5.28,2.00,0.9925,19,None
495,0.30,-101.29,5.28,2.00,0.9925,19,None
496,0.30,-101.29,5.28,2.00,0.9925,19,None
497,0.22,-101.09,5.28,2.00,0.9925,19,None
498,0.22,-101.09,5.28,2.00,0.9925,19,None
499,0.22,-101.09,5.28,2.00,0.9925,19,None
500,0.16,-100.97,5.28,2.00,0.9924,19,None
501,0.16,-100.97,5.28,2.00,0.9924,19,None
502,0.14,-100.90,5.28,2.00,0.9924,19,None
503,0.14,-100.90,5.28,2.00,0.9924,19,None
504,0.14,-100.90,5.28,2.00,0.9924,19,None
505,0.14,-100.90,5.28,2.00,0.9924,19,None
506,0.14,-100.90,5.28,2.00,0.9924,19,None
507,0.07,-100.72,5.28,2.00,0.9924,19,None
508,0.07,-100.72,5.28,2.00,0.9924,19,None
509,0.07,-100.72,5.28,2.00,0.9924,19,None
510,0.01,-100.59,5.28,2.00,0.9923,19,None
511,0.01,-100.59,5.28,2.00,0.9923,19,None
512,-0.01,-100.53,5.28,2.00,0.9923,19,None
513,-0.01,-100.53,5.28,2.00,0.9923,19,None
514,-0.01,-100.53,5.28,2.00,0.9923,19,None
515,-0.01,-100.53,5.28,2.00,0.9923,19,None
516,-0.01,-100.53,5.28,2.00,0.9923,19,None
517,-0.08,-100.35,5.28,2.00,0.9922,19,None
518,-0.08,-100.35,5.28,2.00,0.9922,19,None
519,-0.08,-100.35,5.28,2.00,0.9922,19,None
520,-0.08,-100.35,5.28,2.00,0.9922,19,None
521,-0.14,-100.22,5.28,2.00,0.9922,19,None
522,-0.16,-100.16,5.28,2.00,0.9922,19,None
523,-0.16,-100.16,5.28,2.00,0.9922,19,None
524,-0.16,-100.16,5.28,2.00,0.9922,19,None
525,-0.16,-100.16,5.28,2.00,0.9922,19,None
526,-0.16,-100.16,5.28,2.00,0.9922,19,None
527,-0.24,-99.98,5.27,2.00,0.9921,19,None
528,-0.24,-99.98,5.27,2.00,0.9921,19,None
529,-0.24,-99.98,5.27,2.00,0.9921,19,None
530,-0.24,-99.98,5.27,2.00,0.9921,19,None
531,-0.29,-99.85,5.27,2.00,0.9921,19,None
532,-0.31,-99.79,5.27,2.00,0.9921,19,None
533,-0.31,-99.79,5.27,2.00,0.9921,19,None
534,-0.31,-99.79,5.27,2.00,0.9921,19,None
535,-0.31,-99.79,5.27,2.00,0.9921,19,None
536,-0.31,-99.79,5.27,2.00,0.9921,19,None
537,-0.39,-99.60,5.27,1.99,0.9920,19,None
538,-0.39,-99.60,5.27,1.99,0.9920,19,None
539,-0.39,-99.60,5.27,1.99,0.9920,19,None
540,-0.39,-99.60,5.27,1.99,0.9920,19,None
541,-0.44,-99.47,5.26,2.00,0.9920,19,None
542,-0.46,-99.41,5.26,2.00,0.9920,19,None
543,-0.46,-99.41,5.26,2.00,0.9920,19,None
544,-0.46,-99.41,5.26,2.00,0.9920,19,None
545,-0.46,-99.41,5.26,2.00,0.9920,19,None
546,-0.46,-99.41,5.26,2.00,0.9920,19,None
547,-0.46,-99.41,5.26,2.00,0.9920,19,None
548,-0.46,-99.41,5.26,2.00,0.9920,19,None
549,-0.56,-99.18,5.26,1.99,0.9919,19,None
550,-0.56,-99.18,5.26,1.99,0.9919,19,None
551,-0.56,-99.18,5.26,1.99,0.9919,19,None
552,-0.61,-99.05,5.26,2.00,0.9919,19,None
553,-0.62,-99.02,5.26,1.99,0.9918,19,None
554,-0.62,-99.02,5.26,1.99,0.9918,19,None
555,-0.62,-99.02,5.26,1.99,0.9918,19,None
556,-0.62,-99.02,5.26,1.99,0.9918,19,None
557,-0.62,-99.02,5.26,1.99,0.9918,19,None
558,-0.69,-98.85,5.25,1.99,0.9918,19,None
559,-0.69,-98.85,5.25,1.99,0.9918,19,None
560,-0.69,-98.85,5.25,1.99,0.9918,19,None
561,-0.75,-98.72,5.25,1.99,0.9918,19,None
562,-0.75,-98.72,5.25,1.99,0.9918,19,None
563,-0.77,-98.65,5.25,1.99,0.9917,19,None
564,-0.77,-98.65,5.25,1.99,0.9917,19,None
565,-0.77,-98.65,5.25,1.99,0.9917,19,None
566,-0.82,-98.54,5.25,1.99,0.9917,19,None
567,-0.82,-98.54,5.25,1.99,0.9917,19,None
568,-0.82,-98.54,5.25,1.99,0.9917,19,None
569,-0.82,-98.54,5.25,1.99,0.9917,19,None
570,-0.82,-98.54,5.25,1.99,0.9917,19,None
571,-0.90,-98.35,5.24,1.99,0.9916,19,None
572,-0.90,-98.35,5.24,1.99,0.9916,19,None
573,-0.90,-98.35,5.24,1.99,0.9916,19,None
574,-0.90,-98.35,5.24,1.99,0.9916,19,None
575,-0.95,-98.22,5.24,1.99,0.9916,19,None
576,-0.97,-98.15,5.24,2.00,0.9916,19,None
577,-0.97,-98.15,5.24,2.00,0.9916,19,None
578,-0.97,-98.15,5.24,2.00,0.9916,19,None
579,-0.97,-98.15,5.24,2.00,0.9916,19,None
580,-0.97,-98.15,5.24,2.00,0.9916,19,None
581,-1.04,-97.97,5.24,2.00,0.9915,19,None
582,-1.04,-97.97,5.24,2.00,0.9915,19,None
583,-1.04,-97.97,5.24,2.00,0.9915,19,None
584,-1.04,-97.97,5.24,2.00,0.9915,19,None
585,-1.06,-97.83,5.24,2.00,0.9915,19,None
586,-1.06,-97.83,5.24,2.00,0.9915,19,None
587,-1.06,-97.76,5.24,2.00,0.9915,19,None
588,-1.06,-97.76,5.24,2.00,0.9915,19,None
589,-1.06,-97.76,5.24,2.00,0.9915,19,None
590,-1.06,-97.76,5.24,2.00,0.9915,19,None
591,-1.06,-97.76,5.24,2.00,0.9915,19,None
592,-1.09,-97.56,5.25,2.00,0.9914,19,None
593,-1.09,-97.56,5.25,2.00,0.9914,19,None
594,-1.09,-97.56,5.25,2.00,0.9914,19,None
595,-1.10,-97.42,5.25,2.00,0.9914,19,None
596,-1.10,-97.42,5.25,2.00,0.9914,19,None
597,-1.11,-97.36,5.25,2.00,0.9914,19,None
598,-1.11,-97.36,5.25,2.00,0.9914,19,None
599,-1.11,-97.36,5.25,2.00,0.9914,19,None
600,-1.11,-97.36,5.25,2.00,0.9914,19,None
601,-1.11,-97.36,5.25,2.00,0.9914,19,None
602,-1.14,-97.16,5.25,2.00,0.9913,19,None
603,-1.14,-97.16,5.25,2.00,0.9913,19,None
604,-1.14,-97.16,5.25,2.00,0.9913,19,None
605,-1.15,-97.02,5.25,2.00,0.9913,19,None
606,-1.15,-97.02,5.25,2.00,0.9913,19,None
607,-1.16,-96.96,5.25,2.00,0.9912,19,None
608,-1.16,-96.96,5.25,2.00,0.9912,19,None
609,-1.16,-96.96,5.25,2.00,0.9912,19,None
610,-1.16,-96.96,5.25,2.00,0.9912,19,None
611,-1.16,-96.96,5.25,2.00,0.9912,19,None
612,-1.18,-96.76,5.25,2.00,0.9912,19,None
613,-1.18,-96.76,5.25,2.00,0.9912,19,None
614,-1.18,-96.76,5.25,2.00,0.9912,19,None
615,-1.20,-96.62,5.25,2.00,0.9912,19,None
616,-1.20,-96.62,5.25,2.00,0.9912,19,None
617,-1.21,-96.55,5.25,2.00,0.9911,19,None
618,-1.21,-96.55,5.25,2.00,0.9911,19,None
619,-1.21,-96.55,5.25,2.00,0.9911,19,None
620,-1.21,-96.55,5.25,2.00,0.9911,19,None
621,-1.21,-96.55,5.25,2.00,0.9911,19,None
622,-1.23,-96.36,5.25,2.00,0.9911,19,None
623,-1.23,-96.36,5.25,2.00,0.9911,19,None
624,-1.23,-96.36,5.25,2.00,0.9911,19,None
625,-1.25,-96.22,5.25,2.00,0.9910,19,None
626,-1.25,-96.22,5.25,2.00,0.9910,19,None
627,-1.25,-96.15,5.25,2.00,0.9910,19,None
628,-1.25,-96.15,5.25,2.00,0.9910,19,None
629,-1.25,-96.15,5.25,2.00,0.9910,19,None
630,-1.25,-96.15,5.25,2.00,0.9910,19,None
631,-1.25,-96.15,5.25,2.00,0.9910,19,None
632,-1.28,-95.95,5.25,2.00,0.9910,19,None
633,-1.28,-95.95,5.25,2.00,0.9910,19,None
634,-1.28,-95.95,5.25,2.00,0.9910,19,None
635,-1.28,-95.95,5.25,2.00,0.9910,19,None
636,-1.29,-95.82,5.25,2.00,0.9909,19,None
637,-1.30,-95.75,5.25,2.00,0.9909,19,None
638,-1.30,-95.75,5.25,2.00,0.9909,19,None
639,-1.30,-95.75,5.25,2.00,0.9909,19,None
640,-1.30,-95.75,5.25,2.00,0.9909,19,None
641,-1.30,-95.75,5.25,2.00,0.9909,19,None
642,-1.33,-95.55,5.25,2.00,0.9909,19,None
643,-1.33,-95.55,5.25,2.00,0.9909,19,None
644,-1.33,-95.55,5.25,2.00,0.9909,19,None
645,-1.33,-95.55,5.25,2.00,0.9909,19,None
646,-1.34,-95.42,5.25,2.00,0.9908,19,None
647,-1.35,-95.35,5.25,2.00,0.9908,19,None
648,-1.35,-95.35,5.25,2.00,0.9908,19,None
649,-1.35,-95.35,5.25,2.00,0.9908,19,None
650,-1.35,-95.35,5.25,2.00,0.9908,19,None
651,-1.35,-95.35,5.25,2.00,0.9908,19,None
652,-1.37,-95.15,5.25,2.00,0.9907,19,None
653,-1.37,-95.15,5.25,2.00,0.9907,19,None
654,-1.37,-95.15,5.25,2.00,0.9907,19,None
655,-1.37,-95.15,5.25,2.00,0.9907,19,None
656,-1.39,-95.01,5.25,2.00,0.9907,19,None
657,-1.40,-94.95,5.25,2.00,0.9907,19,None
658,-1.40,-94.95,5.25,2.00,0.9907,19,None
659,-1.40,-94.95,5.25,2.00,0.9907,19,None
660,-1.40,-94.95,5.25,2.00,0.9907,19,None
661,-1.40,-94.95,5.25,2.00,0.9907,19,None
662,-1.42,-94.75,5.25,2.00,0.9906,19,None
663,-1.42,-94.75,5.25,2.00,0.9906,19,None
664,-1.42,-94.75,5.25,2.00,0.9906,19,None
665,-1.42,-94.75,5.25,2.00,0.9906,19,None
666,-1.44,-94.62,5.25,2.00,0.9906,19,None
667,-1.44,-94.55,5.25,2.00,0.9906,19,None
668,-1.44,-94.55,5.25,2.00,0.9906,19,None
669,-1.44,-94.55,5.25,2.00,0.9906,19,None
670,-1.44,-94.55,5.25,2.00,0.9906,19,None
671,-1.44,-94.55,5.25,2.00,0.9906,19,None
672,-1.47,-94.35,5.25,2.00,0.9905,19,None
673,-1.47,-94.35,5.25,2.00,0.9905,19,None
674,-1.47,-94.35,5.25,2.00,0.9905,19,None
675,-1.47,-94.35,5.25,2.00,0.9905,19,None
676,-1.48,-94.22,5.25,2.00,0.9905,19,None
677,-1.48,-94.22,5.25,2.00,0.9905,19,None
678,-1.49,-94.15,5.25,2.00,0.9905,19,None
679,-1.49,-94.15,5.25,2.00,0.9905,19,None
680,-1.49,-94.15,5.25,2.00,0.9905,19,None
681,-1.49,-94.15,5.25,2.00,0.9905,19,None
682,-1.51,-93.95,5.25,2.00,0.9904,19,None
683,-1.51,-93.95,5.25,2.00,0.9904,19,None
684,-1.51,-93.95,5.25,2.00,0.9904,19,None
685,-1.51,-93.95,5.25,2.00,0.9904,19,None
686,-1.53,-93.82,5.25,2.00,0.9904,19,None
687,-1.53,-93.82,5.25,2.00,0.9904,19,None
688,-1.54,-93.75,5.25,2.00,0.9904,19,None
689,-1.54,-93.75,5.25,2.00,0.9904,19,None
690,-1.54,-93.75,5.25,2.00,0.9904,19,None
691,-1.54,-93.75,5.25,2.00,0.9904,19,None
692,-1.54,-93.75,5.25,2.00,0.9904,19,None
693,-1.56,-93.56,5.25,2.00,0.9903,19,None
694,-1.56,-93.56,5.25,2.00,0.9903,19,None
695,-1.56,-93.56,5.25,2.00,0.9903,19,None
696,-1.58,-93.42,5.25,2.00,0.9903,19,None
697,-1.58,-93.42,5.25,2.00,0.9903,19,None
698,-1.59,-93.35,5.25,2.00,0.9902,19,None
699,-1.59,-93.35,5.25,2.00,0.9902,19,None
700,-1.59,-93.35,5.25,2.00,0.9902,19,None
701,-1.59,-93.35,5.25,2.00,0.9902,19,None
702,-1.59,-93.35,5.25,2.00,0.9902,19,None
703,-1.61,-93.16,5.26,2.00,0.9902,19,None
704,-1.61,-93.16,5.26,2.00,0.9902,19,None
705,-1.61,-93.16,5.26,2.00,0.9902,19,None
706,-1.62,-93.02,5.26,2.00,0.9901,19,None
707,-1.62,-93.02,5.26,2.00,0.9901,19,None
708,-1.63,-92.95,5.26,2.00,0.9901,19,None
709,-1.63,-92.95,5.26,2.00,0.9901,19,None
710,-1.63,-92.95,5.26,2.00,0.9901,19,None
711,-1.63,-92.95,5.26,2.00,0.9901,19,None
712,-1.63,-92.95,5.26,2.00,0.9901,19,None
713,-1.66,-92.76,5.26,2.00,0.9901,19,None
714,-1.66,-92.76,5.26,2.00,0.9901,19,None
715,-1.66,-92.76,5.26,2.00,0.9901,19,None
716,-1.67,-92.62,5.26,2.00,0.9900,19,None
717,-1.67,-92.62,5.26,2.00,0.9900,19,None
718,-1.68,-92.56,5.26,2.00,0.9900,19,None
719,-1.68,-92.56,5.26,2.00,0.9900,19,None
720,-1.68,-92.56,5.26,2.00,0.9900,19,None
721,-1.68,-92.56,5.26,2.00,0.9900,19,None
722,-1.68,-92.56,5.26,2.00,0.9900,19,None
723,-1.70,-92.36,5.26,2.00,0.9900,19,None
724,-1.70,-92.36,5.26,2.00,0.9900,19,None
725,-1.70,-92.36,5.26,2.00,0.9900,19,None
726,-1.72,-92.22,5.26,2.00,0.9899,19,None
727,-1.72,-92.22,5.26,2.00,0.9899,19,None
728,-1.73,-92.16,5.26,2.00,0.9899,19,None
729,-1.73,-92.16,5.26,2.00,0.9899,19,None
730,-1.73,-92.16,5.26,2.00,0.9899,19,None
731,-1.74,-92.04,5.26,2.00,0.9899,19,None
732,-1.74,-92.04,5.26,2.00,0.9899,19,None
733,-1.74,-92.04,5.26,2.00,0.9899,19,None
734,-1.74,-92.04,5.26,2.00,0.9899,19,None
735,-1.74,-92.04,5.26,2.00,0.9899,19,None
736,-1.77,-91.83,5.26,2.00,0.9898,19,None
737,-1.77,-91.83,5.26,2.00,0.9898,19,None
738,-1.77,-91.83,5.26,2.00,0.9898,19,None
739,-1.78,-91.69,5.26,2.00,0.9898,19,None
740,-1.78,-91.69,5.26,2.00,0.9898,19,None
741,-1.79,-91.63,5.26,2.00,0.9898,19,None
742,-1.79,-91.63,5.26,2.00,0.9898,19,None
743,-1.79,-91.63,5.26,2.00,0.9898,19,None
744,-1.79,-91.63,5.26,2.00,0.9898,19,None
745,-1.79,-91.63,5.26,2.00,0.9898,19,None
746,-1.81,-91.43,5.26,2.00,0.9897,19,None
747,-1.81,-91.43,5.26,2.00,0.9897,19,None
748,-1.81,-91.43,5.26,2.00,0.9897,19,None
749,-1.83,-91.30,5.26,2.00,0.9897,19,None
750,-1.83,-91.30,5.26,2.00,0.9897,19,None
751,-1.84,-91.23,5.26,2.00,0.9896,19,None
752,-1.84,-91.23,5.26,2.00,0.9896,19,None
753,-1.84,-91.23,5.26,2.00,0.9896,19,None
754,-1.84,-91.23,5.26,2.00,0.9896,19,None
755,-1.84,-91.23,5.26,2.00,0.9896,19,None
756,-1.86,-91.04,5.26,2.00,0.9896,19,None
757,-1.86,-91.04,5.26,2.00,0.9896,19,None
758,-1.86,-91.04,5.26,2.00,0.9896,19,None
759,-1.87,-90.90,5.26,2.00,0.9896,19,None
760,-1.87,-90.90,5.26,2.00,0.9896,19,None
761,-1.88,-90.84,5.26,2.00,0.9895,19,None
762,-1.88,-90.84,5.26,2.00,0.9895,19,None
763,-1.88,-90.84,5.26,2.00,0.9895,19,None
764,-1.90,-90.72,5.26,2.00,0.9895,19,None
765,-1.90,-90.72,5.26,2.00,0.9895,19,None
766,-1.90,-90.72,5.26,2.00,0.9895,19,None
767,-1.90,-90.72,5.26,2.00,0.9895,19,None
768,-1.90,-90.72,5.26,2.00,0.9895,19,None
769,-1.92,-90.51,5.26,2.00,0.9894,19,None
770,-1.92,-90.51,5.26,2.00,0.9894,19,None
771,-1.92,-90.51,5.26,2.00,0.9894,19,None
772,-1.92,-90.51,5.26,2.00,0.9894,19,None
773,-1.94,-90.37,5.26,2.00,0.9894,19,None
774,-1.95,-90.31,5.26,2.00,0.9894,19,None
775,-1.95,-90.31,5.26,2.00,0.9894,19,None
776,-1.95,-90.31,5.26,2.00,0.9894,19,None
777,-1.95,-90.31,5.26,2.00,0.9894,19,None
778,-1.95,-90.31,5.26,2.00,0.9894,19,None
779,-1.97,-90.11,5.26,2.00,0.9893,19,None
780,-1.97,-90.11,5.26,2.00,0.9893,19,None
781,-1.97,-90.11,5.26,2.00,0.9893,19,None
782,-1.97,-90.11,5.26,2.00,0.9893,19,None
783,-1.99,-89.97,5.26,2.00,0.9893,19,None
784,-1.99,-89.90,5.26,2.00,0.9893,19,None
785,-1.99,-89.90,5.26,2.00,0.9893,19,None
786,-1.99,-89.90,5.26,2.00,0.9893,19,None
787,-1.99,-89.90,5.26,2.00,0.9893,19,None
788,-1.99,-89.90,5.26,2.00,0.9893,19,None
789,-2.02,-89.70,5.26,2.00,0.9892,19,None
790,-2.02,-89.70,5.26,2.00,0.9892,19,None
791,-2.02,-89.70,5.26,2.00,0.9892,19,None
792,-2.02,-89.70,5.26,2.00,0.9892,19,None
793,-2.03,-89.57,5.26,2.00,0.9892,19,None
794,-2.03,-89.57,5.26,2.00,0.9892,19,None
795,-2.04,-89.50,5.26,2.00,0.9892,19,None
796,-2.04,-89.50,5.26,2.00,0.9892,19,None
797,-2.04,-89.50,5.26,2.00,0.9892,19,None
798,-2.04,-89.50,5.26,2.00,0.9892,19,None
799,-2.04,-89.50,5.26,2.00,0.9892,19,None
800,-2.06,-89.30,5.26,2.00,0.9891,19,None
801,-2.06,-89.30,5.26,2.00,0.9891,19,None
802,-2.06,-89.30,5.26,2.00,0.9891,19,None
803,-2.08,-89.16,5.26,2.00,0.9891,19,None
804,-2.08,-89.16,5.26,2.00,0.9891,19,None
805,-2.09,-89.09,5.26,2.00,0.9890,19,None
806,-2.09,-89.09,5.26,2.00,0.9890,19,None
807,-2.09,-89.09,5.26,2.00,0.9890,19,None
808,-2.09,-89.09,5.26,2.00,0.9890,19,None
809,-2.09,-89.09,5.26,2.00,0.9890,19,None
810,-2.11,-88.89,5.27,2.00,0.9890,19,None
811,-2.11,-88.89,5.27,2.00,0.9890,19,None
812,-2.11,-88.89,5.27,2.00,0.9890,19,None
813,-2.11,-88.89,5.27,2.00,0.9890,19,None
814,-2.13,-88.75,5.27,2.00,0.9890,19,None
815,-2.14,-88.68,5.27,2.00,0.9889,19,None
816,-2.14,-88.68,5.27,2.00,0.9889,19,None
817,-2.14,-88.68,5.27,2.00,0.9889,19,None
818,-2.14,-88.68,5.27,2.00,0.9889,19,None
819,-2.14,-88.68,5.27,2.00,0.9889,19,None
820,-2.16,-88.47,5.27,2.00,0.9889,19,None
821,-2.16,-88.47,5.27,2.00,0.9889,19,None
822,-2.16,-88.47,5.27,2.00,0.9889,19,None
823,-2.16,-88.47,5.27,2.00,0.9889,19,None
824,-2.18,-88.33,5.27,2.00,0.9888,19,None
825,-2.18,-88.33,5.27,2.00,0.9888,19,None
826,-2.19,-88.26,5.27,2.00,0.9888,19,None
827,-2.19,-88.26,5.27,2.00,0.9888,19,None
828,-2.19,-88.26,5.27,2.00,0.9888,19,None
829,-2.19,-88.26,5.27,2.00,0.9888,19,None
830,-2.19,-88.26,5.27,2.00,0.9888,19,None
831,-2.21,-88.06,5.27,2.00,0.9888,19,None
832,-2.21,-88.06,5.27,2.00,0.9888,19,None
833,-2.21,-88.06,5.27,2.00,0.9888,19,None
834,-2.23,-87.92,5.27,2.00,0.9887,19,None
835,-2.23,-87.92,5.27,2.00,0.9887,19,None
836,-2.24,-87.85,5.27,2.00,0.9887,19,None
837,-2.24,-87.85,5.27,2.00,0.9887,19,None
838,-2.24,-87.85,5.27,2.00,0.9887,19,None
839,-2.24,-87.85,5.27,2.00,0.9887,19,None
840,-2.24,-87.85,5.27,2.00,0.9887,19,None
841,-2.26,-87.66,5.27,2.00,0.9886,19,None
842,-2.26,-87.66,5.27,2.00,0.9886,19,None
843,-2.26,-87.66,5.27,2.00,0.9886,19,None
844,-2.27,-87.52,5.27,2.00,0.9886,19,None
845,-2.27,-87.52,5.27,2.00,0.9886,19,None
846,-2.28,-87.46,5.27,2.00,0.9886,19,None
847,-2.28,-87.46,5.27,2.00,0.9886,19,None
848,-2.28,-87.46,5.27,2.00,0.9886,19,None
849,-2.30,-87.34,5.27,2.00,0.9886,19,None
850,-2.30,-87.34,5.27,2.00,0.9886,19,None
851,-2.30,-87.34,5.27,2.00,0.9886,19,None
852,-2.30,-87.34,5.27,2.00,0.9886,19,None
853,-2.30,-87.34,5.27,2.00,0.9886,19,None
854,-2.32,-87.14,5.27,2.00,0.9885,19,None
855,-2.32,-87.14,5.27,2.00,0.9885,19,None
856,-2.32,-87.14,5.27,2.00,0.9885,19,None
857,-2.34,-87.00,5.27,2.00,0.9885,19,None
858,-2.34,-87.00,5.27,2.00,0.9885,19,None
859,-2.34,-86.94,5.27,2.00,0.9884,19,None
860,-2.34,-86.94,5.27,2.00,0.9884,19,None
861,-2.34,-86.94,5.27,2.00,0.9884,19,None
862,-2.34,-86.94,5.27,2.00,0.9884,19,None
863,-2.34,-86.94,5.27,2.00,0.9884,19,None
864,-2.37,-86.75,5.27,2.00,0.9884,19,None
865,-2.37,-86.75,5.27,2.00,0.9884,19,None
866,-2.37,-86.75,5.27,2.00,0.9884,19,None
867,-2.38,-86.62,5.27,2.00,0.9884,19,None
868,-2.38,-86.62,5.27,2.00,0.9884,19,None
869,-2.39,-86.55,5.27,2.00,0.9883,19,None
870,-2.39,-86.55,5.27,2.00,0.9883,19,None
871,-2.39,-86.55,5.27,2.00,0.9883,19,None
872,-2.40,-86.44,5.27,2.00,0.9883,19,None
873,-2.40,-86.44,5.27,2.00,0.9883,19,None
874,-2.40,-86.44,5.27,2.00,0.9883,19,None
875,-2.40,-86.44,5.27,2.00,0.9883,19,None
876,-2.40,-86.44,5.27,2.00,0.9883,19,None
877,-2.43,-86.23,5.27,2.00,0.9882,19,None
878,-2.43,-86.23,5.27,2.00,0.9882,19,None
879,-2.43,-86.23,5.27,2.00,0.9882,19,None
880,-2.44,-86.10,5.27,2.00,0.9882,19,None
881,-2.44,-86.10,5.27,2.00,0.9882,19,None
882,-2.45,-86.04,5.27,2.00,0.9882,19,None
883,-2.45,-86.04,5.27,2.00,0.9882,19,None
884,-2.45,-86.04,5.27,2.00,0.9882,19,None
885,-2.45,-86.04,5.27,2.00,0.9882,19,None
886,-2.45,-86.04,5.27,2.00,0.9882,19,None
887,-2.47,-85.85,5.27,2.00,0.9881,19,None
888,-2.47,-85.85,5.27,2.00,0.9881,19,None
889,-2.47,-85.85,5.27,2.00,0.9881,19,None
890,-2.49,-85.71,5.27,2.00,0.9881,19,None
891,-2.49,-85.71,5.27,2.00,0.9881,19,None
892,-2.50,-85.65,5.27,2.00,0.9881,19,None
893,-2.50,-85.65,5.27,2.00,0.9881,19,None
894,-2.51,-85.54,5.27,2.00,0.9881,19,None
895,-2.51,-85.54,5.27,2.00,0.9881,19,None
896,-2.51,-85.54,5.27,2.00,0.9881,19,None
897,-2.51,-85.54,5.27,2.00,0.9881,19,None
898,-2.51,-85.54,5.27,2.00,0.9881,19,None
899,-2.51,-85.54,5.27,2.00,0.9881,19,None
900,-2.53,-85.33,5.27,2.00,0.9880,19,None
901,-2.53,-85.33,5.27,2.00,0.9880,19,None
902,-2.53,-85.33,5.27,2.00,0.9880,19,None
903,-2.55,-85.20,5.27,2.00,0.9880,19,None
904,-2.56,-85.14,5.27,2.00,0.9879,19,None
905,-2.56,-85.14,5.27,2.00,0.9879,19,None
906,-2.56,-85.14,5.27,2.00,0.9879,19,None
907,-2.56,-85.14,5.27,2.00,0.9879,19,None
908,-2.56,-85.14,5.27,2.00,0.9879,19,None
909,-2.58,-84.94,5.27,2.00,0.9879,19,None
910,-2.58,-84.94,5.27,2.00,0.9879,19,None
911,-2.58,-84.94,5.27,2.00,0.9879,19,None
912,-2.58,-84.94,5.27,2.00,0.9879,19,None
913,-2.59,-84.81,5.27,2.00,0.9879,19,None
914,-2.60,-84.75,5.27,2.00,0.9878,19,None
915,-2.60,-84.75,5.27,2.00,0.9878,19,None
916,-2.60,-84.75,5.27,2.00,0.9878,19,None
917,-2.62,-84.63,5.27,2.00,0.9878,19,None
918,-2.62,-84.63,5.27,2.00,0.9878,19,None
919,-2.62,-84.63,5.27,2.00,0.9878,19,None
920,-2.62,-84.63,5.27,2.00,0.9878,19,None
921,-2.62,-84.63,5.27,2.00,0.9878,19,None
922,-2.64,-84.43,5.28,2.00,0.9877,19,None
923,-2.64,-84.43,5.28,2.00,0.9877,19,None
924,-2.64,-84.43,5.28,2.00,0.9877,19,None
925,-2.64,-84.43,5.28,2.00,0.9877,19,None
926,-2.66,-84.29,5.28,2.00,0.9877,19,None
927,-2.66,-84.23,5.28,2.00,0.9877,19,None
928,-2.66,-84.23,5.28,2.00,0.9877,19,None
929,-2.66,-84.23,5.28,2.00,0.9877,19,None
930,-2.66,-84.23,5.28,2.00,0.9877,19,None
931,-2.66,-84.23,5.28,2.00,0.9877,19,None
932,-2.69,-84.04,5.28,2.00,0.9876,19,None
933,-2.69,-84.04,5.28,2.00,0.9876,19,None
934,-2.69,-84.04,5.28,2.00,0.9876,19,None
935,-2.70,-83.91,5.28,2.00,0.9876,19,None
936,-2.70,-83.91,5.28,2.00,0.9876,19,None
937,-2.71,-83.84,5.27,2.00,0.9876,19,None
938,-2.71,-83.84,5.27,2.00,0.9876,19,None
939,-2.71,-83.84,5.27,2.00,0.9876,19,None
940,-2.72,-83.73,5.27,2.00,0.9875,19,None
941,-2.72,-83.73,5.27,2.00,0.9875,19,None
942,-2.72,-83.73,5.27,2.00,0.9875,19,None
943,-2.72,-83.73,5.27,2.00,0.9875,19,None
944,-2.72,-83.73,5.27,2.00,0.9875,19,None
945,-2.75,-83.52,5.22,2.04,0.9875,19,None
946,-2.75,-83.52,5.22,2.04,0.9875,19,None
947,-2.75,-83.52,5.22,2.04,0.9875,19,None
948,-2.76,-83.39,5.19,2.05,0.9875,19,None
949,-2.76,-83.39,5.19,2.05,0.9875,19,None
950,-2.77,-83.32,5.18,2.05,0.9874,19,None
951,-2.77,-83.32,5.18,2.05,0.9874,19,None
952,-2.77,-83.32,5.18,2.05,0.9874,19,None
953,-2.77,-83.32,5.18,2.05,0.9874,19,None
954,-2.77,-83.32,5.18,2.05,0.9874,19,None
955,-2.77,-83.32,5.18,2.05,0.9874,19,None
956,-2.80,-83.09,5.12,2.05,0.9874,19,None
957,-2.80,-83.09,5.12,2.05,0.9874,19,None
958,-2.80,-83.09,5.12,2.05,0.9874,19,None
959,-2.81,-82.95,5.11,2.00,0.9873,19,None
960,-2.81,-82.95,5.11,2.00,0.9873,19,None
961,-2.82,-82.91,5.11,2.00,0.9873,19,None
962,-2.82,-82.91,5.11,2.00,0.9873,19,None
963,-2.82,-82.91,5.11,2.00,0.9873,19,None
964,-2.82,-82.91,5.11,2.00,0.9873,19,None
965,-2.84,-82.74,5.12,2.00,0.9873,19,None
966,-2.84,-82.74,5.12,2.00,0.9873,19,None
967,-2.84,-82.74,5.12,2.00,0.9873,19,None
968,-2.86,-82.61,5.12,2.00,0.9872,19,None
969,-2.86,-82.61,5.12,2.00,0.9872,19,None
970,-2.86,-82.54,5.12,2.00,0.9872,19,None
971,-2.86,-82.54,5.12,2.00,0.9872,19,None
972,-2.86,-82.54,5.12,2.00,0.9872,19,None
973,-2.88,-82.43,5.12,2.00,0.9872,19,None
974,-2.88,-82.43,5.12,2.00,0.9872,19,None
975,-2.88,-82.43,5.12,2.00,0.9872,19,None
976,-2.88,-82.43,5.12,2.00,0.9872,19,None
977,-2.88,-82.43,5.12,2.00,0.9872,19,None
978,-2.90,-82.22,5.12,2.00,0.9871,19,None
979,-2.90,-82.22,5.12,2.00,0.9871,19,None
980,-2.90,-82.22,5.12,2.00,0.9871,19,None
981,-2.92,-82.09,5.13,2.00,0.9871,19,None
982,-2.92,-82.09,5.13,2.00,0.9871,19,None
983,-2.92,-82.02,5.13,2.00,0.9871,19,None
984,-2.92,-82.02,5.13,2.00,0.9871,19,None
985,-2.92,-82.02,5.13,2.00,0.9871,19,None
986,-2.92,-82.02,5.13,2.00,0.9871,19,None
987,-2.92,-82.02,5.13,2.00,0.9871,19,None
988,-2.95,-81.83,5.13,2.00,0.9870,19,None
989,-2.95,-81.83,5.13,2.00,0.9870,19,None
990,-2.95,-81.83,5.13,2.00,0.9870,19,None
991,-2.96,-81.70,5.13,2.00,0.9870,19,None
992,-2.96,-81.70,5.13,2.00,0.9870,19,None
993,-2.97,-81.63,5.12,2.01,0.9870,19,None
994,-2.97,-81.63,5.12,2.01,0.9870,19,None
995,-2.97,-81.63,5.12,2.01,0.9870,19,None
996,-2.98,-81.52,5.11,2.00,0.9869,19,None
997,-2.98,-81.52,5.11,2.00,0.9869,19,None
998,-2.98,-81.52,5.11,2.00,0.9869,19,None
999,-2.98,-81.52,5.11,2.00,0.9869,19,None
1000,-2.98,-81.52,5.11,2.00,0.9869,19,None
1001,-3.01,-81.31,5.10,2.00,0.9869,19,None
1002,-3.01,-81.31,5.10,2.00,0.9869,19,None
1003,-3.01,-81.31,5.10,2.00,0.9869,19,None
1004,-3.02,-81.17,5.09,2.00,0.9868,19,None
1005,-3.02,-81.17,5.09,2.00,0.9868,19,None
1006,-3.03,-81.11,5.09,2.01,0.9868,19,None
1007,-3.03,-81.11,5.09,2.01,0.9868,19,None
1008,-3.03,-81.11,5.09,2.01,0.9868,19,None
1009,-3.03,-81.11,5.09,2.01,0.9868,19,None
1010,-3.03,-81.11,5.09,2.01,0.9868,19,None
1011,-3.06,-80.91,5.07,2.01,0.9868,19,None
1012,-3.06,-80.91,5.07,2.01,0.9868,19,None
1013,-3.06,-80.91,5.07,2.01,0.9868,19,None
1014,-3.07,-80.78,5.06,2.01,0.9867,19,None
1015,-3.07,-80.78,5.06,2.01,0.9867,19,None
1016,-3.08,-80.71,5.06,2.01,0.9867,19,None
1017,-3.08,-80.71,5.06,2.01,0.9867,19,None
1018,-3.08,-80.71,5.06,2.01,0.9867,19,None
1019,-3.09,-80.60,5.05,2.01,0.9867,19,None
1020,-3.09,-80.60,5.05,2.01,0.9867,19,None
1021,-3.09,-80.60,5.05,2.01,0.9867,19,None
1022,-3.09,-80.60,5.05,2.01,0.9867,19,None
1023,-3.09,-80.60,5.05,2.01,0.9867,19,None
1024,-3.12,-80.39,5.04,2.00,0.9866,19,None
1025,-3.12,-80.39,5.04,2.00,0.9866,19,None
1026,-3.12,-80.39,5.04,2.00,0.9866,19,None
1027,-3.13,-80.26,5.04,2.00,0.9866,19,None
1028,-3.13,-80.26,5.04,2.00,0.9866,19,None
1029,-3.14,-80.19,5.04,2.00,0.9866,19,None
1030,-3.14,-80.19,5.04,2.00,0.9866,19,None
1031,-3.14,-80.19,5.04,2.00,0.9866,19,None
1032,-3.14,-80.19,5.04,2.00,0.9866,19,None
1033,-3.14,-80.19,5.04,2.00,0.9866,19,None
1034,-3.16,-80.00,5.04,2.00,0.9865,19,None
1035,-3.16,-80.00,5.04,2.00,0.9865,19,None
1036,-3.16,-80.00,5.04,2.00,0.9865,19,None
1037,-3.18,-79.87,5.04,2.00,0.9865,19,None
1038,-3.18,-79.87,5.04,2.00,0.9865,19,None
1039,-3.19,-79.80,5.04,2.00,0.9865,19,None
1040,-3.19,-79.80,5.04,2.00,0.9865,19,None
1041,-3.20,-79.69,5.04,2.00,0.9864,19,None
1042,-3.20,-79.69,5.04,2.00,0.9864,19,None
1043,-3.20,-79.69,5.04,2.00,0.9864,19,None
1044,-3.20,-79.69,5.04,2.00,0.9864,19,None
1045,-3.20,-79.69,5.04,2.00,0.9864,19,None
1046,-3.20,-79.69,5.04,2.00,0.9864,19,None
1047,-3.22,-79.49,5.04,2.00,0.9864,19,None
1048,-3.22,-79.49,5.04,2.00,0.9864,19,None
1049,-3.22,-79.49,5.04,2.00,0.9864,19,None
1050,-3.24,-79.36,5.04,2.00,0.9863,19,None
1051,-3.24,-79.36,5.04,2.00,0.9863,19,None
1052,-3.25,-79.29,5.04,2.00,0.9863,19,None
1053,-3.25,-79.29,5.04,2.00,0.9863,19,None
1054,-3.25,-79.29,5.04,2.00,0.9863,19,None
1055,-3.25,-79.29,5.04,2.00,0.9863,19,None
1056,-3.27,-79.10,5.04,2.00,0.9863,19,None
1057,-3.27,-79.10,5.04,2.00,0.9863,19,None
1058,-3.27,-79.10,5.04,2.00,0.9863,19,None
1059,-3.27,-79.10,5.04,2.00,0.9863,19,None
1060,-3.28,-78.97,5.04,2.00,0.9862,19,None
1061,-3.29,-78.91,5.04,2.00,0.9862,19,None
1062,-3.29,-78.91,5.04,2.00,0.9862,19,None
1063,-3.29,-78.91,5.04,2.00,0.9862,19,None
1064,-3.31,-78.80,5.04,2.00,0.9862,19,None
1065,-3.31,-78.80,5.04,2.00,0.9862,19,None
1066,-3.31,-78.80,5.04,2.00,0.9862,19,None
1067,-3.31,-78.80,5.04,2.00,0.9862,19,None
1068,-3.31,-78.80,5.04,2.00,0.9862,19,None
1069,-3.33,-78.59,5.04,2.00,0.9861,19,None
1070,-3.33,-78.59,5.04,2.00,0.9861,19,None
1071,-3.33,-78.59,5.04,2.00,0.9861,19,None
1072,-3.34,-78.46,5.04,2.00,0.9861,19,None
1073,-3.34,-78.46,5.04,2.00,0.9861,19,None
1074,-3.35,-78.40,5.04,2.00,0.9861,19,None
1075,-3.35,-78.40,5.04,2.00,0.9861,19,None
1076,-3.35,-78.40,5.04,2.00,0.9861,19,None
1077,-3.37,-78.29,5.04,2.00,0.9860,19,None
1078,-3.37,-78.29,5.04,2.00,0.9860,19,None
1079,-3.37,-78.29,5.04,2.00,0.9860,19,None
1080,-3.37,-78.29,5.04,2.00,0.9860,19,None
1081,-3.37,-78.29,5.04,2.00,0.9860,19,None
1082,-3.39,-78.09,5.04,2.00,0.9860,19,None
1083,-3.39,-78.09,5.04,2.00,0.9860,19,None
1084,-3.39,-78.09,5.04,2.00,0.9860,19,None
1085,-3.40,-77.96,5.04,2.00,0.9859,19,None
1086,-3.40,-77.96,5.04,2.00,0.9859,19,None
1087,-3.40,-77.96,5.04,2.00,0.9859,19,None
1088,-3.42,-77.83,5.04,2.00,0.9859,19,None
1089,-3.42,-77.83,5.04,2.00,0.9859,19,None
1090,-3.42,-77.83,5.04,2.00,0.9859,19,None
1091,-3.42,-77.83,5.04,2.00,0.9859,19,None
1092,-3.42,-77.83,5.04,2.00,0.9859,19,None
1093,-3.44,-77.66,5.04,2.00,0.9859,19,None
1094,-3.44,-77.66,5.04,2.00,0.9859,19,None
1095,-3.45,-77.57,5.04,2.00,0.9858,19,None
1096,-3.46,-77.51,5.04,2.00,0.9858,19,None
1097,-3.46,-77.51,5.04,2.00,0.9858,19,None
1098,-3.46,-77.51,5.04,2.00,0.9858,19,None
1099,-3.47,-77.40,5.04,2.00,0.9858,19,None
1100,-3.47,-77.40,5.04,2.00,0.9858,19,None
1101,-3.47,-77.40,5.04,2.00,0.9858,19,None
1102,-3.47,-77.40,5.04,2.00,0.9858,19,None
1103,-3.47,-77.40,5.04,2.00,0.9858,19,None
1104,-3.49,-77.20,5.04,2.00,0.9857,19,None
1105,-3.49,-77.20,5.04,2.00,0.9857,19,None
1106,-3.49,-77.20,5.04,2.00,0.9857,19,None
1107,-3.49,-77.20,5.04,2.00,0.9857,19,None
1108,-3.51,-77.07,5.04,2.00,0.9857,19,None
1109,-3.52,-77.01,5.04,2.00,0.9857,19,None
1110,-3.52,-77.01,5.04,2.00,0.9857,19,None
1111,-3.52,-77.01,5.04,2.00,0.9857,19,None
1112,-3.53,-76.90,5.04,2.00,0.9856,19,None
1113,-3.53,-76.90,5.04,2.00,0.9856,19,None
1114,-3.53,-76.90,5.04,2.00,0.9856,19,None
1115,-3.53,-76.90,5.04,2.00,0.9856,19,None
1116,-3.53,-76.90,5.04,2.00,0.9856,19,None
1117,-3.55,-76.69,5.04,2.00,0.9856,19,None
1118,-3.55,-76.69,5.04,2.00,0.9856,19,None
1119,-3.55,-76.69,5.04,2.00,0.9856,19,None
1120,-3.57,-76.56,5.04,2.00,0.9855,19,None
1121,-3.57,-76.56,5.04,2.00,0.9855,19,None
1122,-3.58,-76.50,5.04,2.00,0.9855,19,None
1123,-3.58,-76.50,5.04,2.00,0.9855,19,None
1124,-3.58,-76.50,5.04,2.00,0.9855,19,None
1125,-3.58,-76.50,5.04,2.00,0.9855,19,None
1126,-3.58,-76.50,5.04,2.00,0.9855,19,None
1127,-3.60,-76.31,5.04,2.00,0.9855,19,None
1128,-3.60,-76.31,5.04,2.00,0.9855,19,None
1129,-3.60,-76.31,5.04,2.00,0.9855,19,None
1130,-3.61,-76.18,5.04,2.00,0.9854,19,None
1131,-3.61,-76.18,5.04,2.00,0.9854,19,None
1132,-3.62,-76.11,5.04,2.00,0.9854,19,None
1133,-3.62,-76.11,5.04,2.00,0.9854,19,None
1134,-3.64,-76.00,5.04,2.00,0.9854,19,None
1135,-3.64,-76.00,5.04,2.00,0.9854,19,None
1136,-3.64,-76.00,5.04,2.00,0.9854,19,None
1137,-3.64,-76.00,5.04,2.00,0.9854,19,None
1138,-3.64,-76.00,5.04,2.00,0.9854,19,None
1139,-3.64,-76.00,5.04,2.00,0.9854,19,None
1140,-3.66,-75.79,5.04,2.00,0.9853,19,None
1141,-3.66,-75.79,5.04,2.00,0.9853,19,None
1142,-3.66,-75.79,5.04,2.00,0.9853,19,None
1143,-3.68,-75.66,5.04,2.00,0.9853,19,None
1144,-3.68,-75.60,5.04,2.00,0.9853,19,None
1145,-3.68,-75.60,5.04,2.00,0.9853,19,None
1146,-3.68,-75.60,5.04,2.00,0.9853,19,None
1147,-3.68,-75.60,5.04,2.00,0.9853,19,None
1148,-3.68,-75.60,5.04,2.00,0.9853,19,None
1149,-3.71,-75.41,5.04,2.00,0.9852,19,None
1150,-3.71,-75.41,5.04,2.00,0.9852,19,None
1151,-3.71,-75.41,5.04,2.00,0.9852,19,None
1152,-3.71,-75.41,5.04,2.00,0.9852,19,None
1153,-3.72,-75.28,5.04,2.00,0.9852,19,None
1154,-3.73,-75.21,5.04,2.00,0.9852,19,None
1155,-3.73,-75.21,5.04,2.00,0.9852,19,None
1156,-3.73,-75.21,5.04,2.00,0.9852,19,None
1157,-3.74,-75.10,5.04,2.00,0.9851,19,None
1158,-3.74,-75.10,5.04,2.00,0.9851,19,None
1159,-3.74,-75.10,5.04,2.00,0.9851,19,None
1160,-3.74,-75.10,5.04,2.00,0.9851,19,None
1161,-3.74,-75.10,5.04,2.00,0.9851,19,None
1162,-3.77,-74.89,5.04,2.00,0.9851,19,None
1163,-3.77,-74.89,5.04,2.00,0.9851,19,None
1164,-3.77,-74.89,5.04,2.00,0.9851,19,None
1165,-3.77,-74.89,5.04,2.00,0.9851,19,None
1166,-3.78,-74.76,5.04,2.00,0.9850,19,None
1167,-3.79,-74.70,5.04,2.00,0.9850,19,None
1168,-3.79,-74.70,5.04,2.00,0.9850,19,None
1169,-3.79,-74.70,5.04,2.00,0.9850,19,None
1170,-3.79,-74.70,5.04,2.00,0.9850,19,None
1171,-3.79,-74.70,5.04,2.00,0.9850,19,None
1172,-3.81,-74.51,5.04,2.00,0.9850,19,None
1173,-3.81,-74.51,5.04,2.00,0.9850,19,None
1174,-3.81,-74.51,5.04,2.00,0.9850,19,None
1175,-3.83,-74.37,5.04,2.00,0.9849,19,None
1176,-3.83,-74.37,5.04,2.00,0.9849,19,None
1177,-3.84,-74.31,5.04,2.00,0.9849,19,None
1178,-3.84,-74.31,5.04,2.00,0.9849,19,None
1179,-3.84,-74.31,5.04,2.00,0.9849,19,None
1180,-3.85,-74.20,5.04,2.00,0.9849,19,None
1181,-3.85,-74.20,5.04,2.00,0.9849,19,None
1182,-3.85,-74.20,5.04,2.00,0.9849,19,None
1183,-3.85,-74.20,5.04,2.00,0.9849,19,None
1184,-3.85,-74.20,5.04,2.00,0.9849,19,None
1185,-3.87,-73.99,5.04,2.00,0.9848,19,None
1186,-3.87,-73.99,5.04,2.00,0.9848,19,None
1187,-3.87,-73.99,5.04,2.00,0.9848,19,None
1188,-3.89,-73.86,5.04,2.00,0.9848,19,None
1189,-3.89,-73.86,5.04,2.00,0.9848,19,None
1190,-3.90,-73.80,5.04,2.00,0.9848,19,None
1191,-3.90,-73.80,5.04,2.00,0.9848,19,None
1192,-3.90,-73.80,5.04,2.00,0.9848,19,None
1193,-3.90,-73.80,5.04,2.00,0.9848,19,None
1194,-3.90,-73.80,5.04,2.00,0.9848,19,None
1195,-3.92,-73.61,5.04,2.00,0.9847,19,None
1196,-3.92,-73.61,5.04,2.00,0.9847,19,None
1197,-3.92,-73.61,5.04,2.00,0.9847,19,None
1198,-3.93,-73.48,5.04,2.00,0.9847,19,None
1199,-3.93,-73.48,5.04,2.00,0.9847,19,None
1200,-3.94,-73.42,5.04,2.00,0.9847,19,None
1201,-3.94,-73.42,5.04,2.00,0.9847,19,None
1202,-3.95,-73.30,5.04,2.00,0.9846,19,None
1203,-3.95,-73.30,5.04,2.00,0.9846,19,None
1204,-3.95,-73.30,5.04,2.00,0.9846,19,None
1205,-3.95,-73.30,5.04,2.00,0.9846,19,None
1206,-3.95,-73.30,5.04,2.00,0.9846,19,None
1207,-3.95,-73.30,5.04,2.00,0.9846,19,None
1208,-3.98,-73.10,5.04,2.00,0.9846,19,None
1209,-3.98,-73.10,5.04,2.00,0.9846,19,None
1210,-3.98,-73.10,5.04,2.00,0.9846,19,None
1211,-3.98,-73.10,5.04,2.00,0.9846,19,None
1212,-4.00,-72.92,5.04,2.00,0.9845,19,None
1213,-4.00,-72.92,5.04,2.00,0.9845,19,None
1214,-4.01,-72.85,5.04,2.00,0.9845,19,None
1215,-4.01,-72.85,5.04,2.00,0.9845,19,None
1216,-4.01,-72.85,5.04,2.00,0.9845,19,None
1217,-4.01,-72.85,5.04,2.00,0.9845,19,None
1218,-4.03,-72.67,5.04,2.00,0.9845,19,None
1219,-4.03,-72.67,5.04,2.00,0.9845,19,None
1220,-4.03,-72.67,5.04,2.00,0.9845,19,None
1221,-4.03,-72.67,5.04,2.00,0.9845,19,None
1222,-4.05,-72.53,5.04,2.00,0.9844,19,None
1223,-4.05,-72.53,5.04,2.00,0.9844,19,None
1224,-4.05,-72.46,5.04,2.00,0.9844,19,None
1225,-4.05,-72.46,5.04,2.00,0.9844,19,None
1226,-4.05,-72.46,5.04,2.00,0.9844,19,None
1227,-4.07,-72.32,5.04,2.00,0.9844,19,None
1228,-4.07,-72.32,5.04,2.00,0.9844,19,None
1229,-4.07,-72.32,5.04,2.00,0.9844,19,None
1230,-4.08,-72.20,5.04,2.00,0.9843,19,None
1231,-4.08,-72.20,5.04,2.00,0.9843,19,None
1232,-4.08,-72.20,5.04,2.00,0.9843,19,None
1233,-4.08,-72.20,5.04,2.00,0.9843,19,None
1234,-4.11,-72.03,5.04,2.00,0.9843,19,None
1235,-4.11,-72.03,5.04,2.00,0.9843,19,None
1236,-4.11,-72.03,5.04,2.00,0.9843,19,None
1237,-4.11,-72.03,5.04,2.00,0.9843,19,None
1238,-4.12,-71.90,5.04,2.00,0.9842,19,None
1239,-4.12,-71.90,5.04,2.00,0.9842,19,None
1240,-4.12,-71.90,5.04,2.00,0.9842,19,None
1241,-4.14,-71.77,5.04,2.00,0.9842,19,None
1242,-4.14,-71.77,5.04,2.00,0.9842,19,None
1243,-4.15,-71.68,5.04,2.00,0.9842,19,None
1244,-4.15,-71.68,5.04,2.00,0.9842,19,None
1245,-4.15,-71.62,5.04,2.00,0.9842,19,None
1246,-4.15,-71.62,5.04,2.00,0.9842,19,None
1247,-4.15,-71.62,5.04,2.00,0.9842,19,None
1248,-4.17,-71.51,5.04,2.00,0.9841,19,None
1249,-4.17,-71.51,5.04,2.00,0.9841,19,None
1250,-4.17,-71.51,5.04,2.00,0.9841,19,None
1251,-4.17,-71.51,5.04,2.00,0.9841,19,None
1252,-4.17,-71.51,5.04,2.00,0.9841,19,None
1253,-4.19,-71.29,5.04,2.00,0.9841,19,None
1254,-4.19,-71.29,5.04,2.00,0.9841,19,None
1255,-4.19,-71.29,5.04,2.00,0.9841,19,None
1256,-4.19,-71.29,5.04,2.00,0.9841,19,None
1257,-4.21,-71.13,5.04,2.00,0.9840,19,None
1258,-4.21,-71.13,5.04,2.00,0.9840,19,None
1259,-4.22,-71.04,5.04,2.00,0.9840,19,None
1260,-4.22,-71.04,5.04,2.00,0.9840,19,None
1261,-4.22,-71.04,5.04,2.00,0.9840,19,None
1262,-4.24,-70.92,5.04,2.00,0.9840,19,None
1263,-4.24,-70.92,5.04,2.00,0.9840,19,None
1264,-4.24,-70.92,5.04,2.00,0.9840,19,None
1265,-4.24,-70.92,5.04,2.00,0.9840,19,None
1266,-4.25,-70.79,5.04,2.00,0.9839,19,None
1267,-4.26,-70.72,5.04,2.00,0.9839,19,None
1268,-4.26,-70.72,5.04,2.00,0.9839,19,None
1269,-4.26,-70.72,5.04,2.00,0.9839,19,None
1270,-4.27,-70.61,5.04,2.00,0.9839,19,None
1271,-4.27,-70.61,5.04,2.00,0.9839,19,None
1272,-4.27,-70.61,5.04,2.00,0.9839,19,None
1273,-4.29,-70.48,5.04,2.00,0.9838,19,None
1274,-4.29,-70.48,5.04,2.00,0.9838,19,None
1275,-4.29,-70.48,5.04,2.00,0.9838,19,None
1276,-4.30,-70.36,5.04,2.00,0.9838,19,None
1277,-4.30,-70.36,5.04,2.00,0.9838,19,None
1278,-4.30,-70.36,5.04,2.00,0.9838,19,None
1279,-4.30,-70.36,5.04,2.00,0.9838,19,None
1280,-4.32,-70.23,5.04,2.00,0.9838,19,None
1281,-4.32,-70.23,5.04,2.00,0.9838,19,None
1282,-4.32,-70.23,5.04,2.00,0.9838,19,None
1283,-4.33,-70.10,5.04,2.00,0.9837,19,None
1284,-4.33,-70.10,5.04,2.00,0.9837,19,None
1285,-4.33,-70.10,5.04,2.00,0.9837,19,None
1286,-4.33,-70.10,5.04,2.00,0.9837,19,None
1287,-4.33,-70.10,5.04,2.00,0.9837,19,None
1288,-4.36,-69.89,5.04,2.00,0.9837,19,None
1289,-4.36,-69.89,5.04,2.00,0.9837,19,None
1290,-4.36,-69.89,5.04,2.00,0.9837,19,None
1291,-4.37,-69.76,5.04,2.00,0.9836,19,None
1292,-4.37,-69.76,5.04,2.00,0.9836,19,None
1293,-4.38,-69.70,5.04,2.00,0.9836,19,None
1294,-4.38,-69.70,5.04,2.00,0.9836,19,None
1295,-4.38,-69.70,5.04,2.00,0.9836,19,None
1296,-4.39,-69.59,5.04,2.00,0.9836,19,None
1297,-4.39,-69.59,5.04,2.00,0.9836,19,None
1298,-4.39,-69.59,5.04,2.00,0.9836,19,None
1299,-4.41,-69.46,5.04,2.00,0.9836,19,None
1300,-4.41,-69.46,5.04,2.00,0.9836,19,None
1301,-4.41,-69.46,5.04,2.00,0.9836,19,None
1302,-4.42,-69.32,5.04,2.00,0.9835,19,None
1303,-4.42,-69.32,5.04,2.00,0.9835,19,None
1304,-4.42,-69.32,5.04,2.00,0.9835,19,None
1305,-4.42,-69.32,5.04,2.00,0.9835,19,None
1306,-4.44,-69.20,5.04,2.00,0.9835,19,None
1307,-4.44,-69.20,5.04,2.00,0.9835,19,None
1308,-4.44,-69.20,5.04,2.00,0.9835,19,None
1309,-4.44,-69.20,5.04,2.00,0.9835,19,None
1310,-4.44,-69.20,5.04,2.00,0.9835,19,None
1311,-4.46,-68.98,5.04,2.00,0.9834,19,None
1312,-4.46,-68.98,5.04,2.00,0.9834,19,None
1313,-4.46,-68.98,5.04,2.00,0.9834,19,None
1314,-4.48,-68.85,5.04,2.00,0.9834,19,None
1315,-4.48,-68.85,5.04,2.00,0.9834,19,None
1316,-4.48,-68.85,5.04,2.00,0.9834,19,None
1317,-4.48,-68.85,5.04,2.00,0.9834,19,None
1318,-4.50,-68.72,5.04,2.00,0.9834,19,None
1319,-4.50,-68.72,5.04,2.00,0.9834,19,None
1320,-4.50,-68.72,5.04,2.00,0.9834,19,None
1321,-4.51,-68.59,5.04,2.00,0.9833,19,None
1322,-4.51,-68.59,5.04,2.00,0.9833,19,None
1323,-4.51,-68.59,5.04,2.00,0.9833,19,None
1324,-4.53,-68.47,5.04,2.00,0.9833,19,None
1325,-4.53,-68.47,5.04,2.00,0.9833,19,None
1326,-4.53,-68.47,5.04,2.00,0.9833,19,None
1327,-4.53,-68.47,5.04,2.00,0.9833,19,None
1328,-4.54,-68.32,5.04,2.00,0.9832,19,None
1329,-4.54,-68.32,5.04,2.00,0.9832,19,None
1330,-4.54,-68.32,5.04,2.00,0.9832,19,None
1331,-4.56,-68.20,5.04,2.00,0.9832,19,None
1332,-4.56,-68.20,5.04,2.00,0.9832,19,None
1333,-4.56,-68.20,5.04,2.00,0.9832,19,None
1334,-4.57,-68.06,5.04,2.00,0.9832,19,None
1335,-4.57,-68.06,5.04,2.00,0.9832,19,None
1336,-4.57,-68.06,5.04,2.00,0.9832,19,None
1337,-4.59,-67.94,5.04,2.00,0.9831,19,None
1338,-4.59,-67.94,5.04,2.00,0.9831,19,None
1339,-4.60,-67.88,5.04,2.00,0.9831,19,None
1340,-4.60,-67.88,5.04,2.00,0.9831,19,None
1341,-4.60,-67.88,5.04,2.00,0.9831,19,None
1342,-4.61,-67.74,5.04,2.00,0.9831,19,None
1343,-4.61,-67.74,5.04,2.00,0.9831,19,None
1344,-4.61,-67.74,5.04,2.00,0.9831,19,None
1345,-4.61,-67.74,5.04,2.00,0.9831,19,None
1346,-4.61,-67.74,5.04,2.00,0.9831,19,None
1347,-4.61,-67.74,5.04,2.00,0.9831,19,None
1348,-4.61,-67.74,5.04,2.00,0.9831,19,None
1349,-4.64,-67.47,5.04,2.00,0.9830,19,None
1350,-4.64,-67.47,5.04,2.00,0.9830,19,None
1351,-4.64,-67.47,5.04,2.00,0.9830,19,None
1352,-4.64,-67.47,5.04,2.00,0.9830,19,None
1353,-4.64,-67.47,5.04,2.00,0.9830,19,None
1354,-4.67,-67.28,5.03,2.00,0.9829,19,None
1355,-4.67,-67.28,5.03,2.00,0.9829,19,None
1356,-4.67,-67.21,5.03,2.00,0.9829,19,None
1357,-4.67,-67.21,5.03,2.00,0.9829,19,None
1358,-4.68,-67.13,5.03,2.00,0.9829,19,None
1359,-4.69,-67.06,5.03,2.00,0.9829,19,None
1360,-4.69,-67.06,5.03,2.00,0.9829,19,None
1361,-4.69,-67.06,5.03,2.00,0.9829,19,None
1362,-4.71,-66.95,5.03,2.00,0.9829,19,None
1363,-4.71,-66.95,5.03,2.00,0.9829,19,None
1364,-4.71,-66.95,5.03,2.00,0.9829,19,None
1365,-4.71,-66.95,5.03,2.00,0.9829,19,None
1366,-4.72,-66.81,5.03,2.00,0.9828,19,None
1367,-4.72,-66.81,5.03,2.00,0.9828,19,None
1368,-4.72,-66.81,5.03,2.00,0.9828,19,None
1369,-4.74,-66.68,5.03,2.00,0.9828,19,None
1370,-4.74,-66.68,5.03,2.00,0.9828,19,None
1371,-4.74,-66.68,5.03,2.00,0.9828,19,None
1372,-4.75,-66.55,5.03,2.00,0.9827,19,None
1373,-4.75,-66.55,5.03,2.00,0.9827,19,None
1374,-4.75,-66.55,5.03,2.00,0.9827,19,None
1375,-4.75,-66.55,5.03,2.00,0.9827,19,None
1376,-4.77,-66.42,5.03,2.00,0.9827,19,None
1377,-4.77,-66.42,5.03,2.00,0.9827,19,None
1378,-4.77,-66.42,5.03,2.00,0.9827,19,None
1379,-4.78,-66.29,5.03,2.00,0.9827,19,None
1380,-4.78,-66.29,5.03,2.00,0.9827,19,None
1381,-4.78,-66.29,5.03,2.00,0.9827,19,None
1382,-4.80,-66.15,5.03,2.00,0.9826,19,None
1383,-4.80,-66.15,5.03,2.00,0.9826,19,None
1384,-4.80,-66.15,5.03,2.00,0.9826,19,None
1385,-4.80,-66.15,5.03,2.00,0.9826,19,None
1386,-4.81,-66.02,5.03,2.00,0.9826,19,None
1387,-4.81,-66.02,5.03,2.00,0.9826,19,None
1388,-4.81,-66.02,5.03,2.00,0.9826,19,None
1389,-4.83,-65.89,5.03,2.00,0.9826,19,None
1390,-4.83,-65.89,5.03,2.00,0.9826,19,None
1391,-4.83,-65.89,5.03,2.00,0.9826,19,None
1392,-4.85,-65.76,5.03,2.00,0.9825,19,None
1393,-4.85,-65.76,5.03,2.00,0.9825,19,None
1394,-4.85,-65.76,5.03,2.00,0.9825,19,None
1395,-4.85,-65.76,5.03,2.00,0.9825,19,None
1396,-4.86,-65.63,5.03,2.00,0.9825,19,None
1397,-4.86,-65.63,5.03,2.00,0.9825,19,None
1398,-4.86,-65.63,5.03,2.00,0.9825,19,None
1399,-4.88,-65.50,5.03,2.00,0.9824,19,None
1400,-4.88,-65.50,5.03,2.00,0.9824,19,None
1401,-4.88,-65.50,5.03,2.00,0.9824,19,None
1402,-4.88,-65.50,5.03,2.00,0.9824,19,None
1403,-4.88,-65.50,5.03,2.00,0.9824,19,None
1404,-4.90,-65.28,5.03,2.00,0.9824,19,None
1405,-4.90,-65.28,5.03,2.00,0.9824,19,None
1406,-4.90,-65.28,5.03,2.00,0.9824,19,None
1407,-4.92,-65.15,5.03,2.00,0.9824,19,None
1408,-4.92,-65.15,5.03,2.00,0.9824,19,None
1409,-4.92,-65.15,5.03,2.00,0.9824,19,None
1410,-4.92,-65.15,5.03,2.00,0.9824,19,None
1411,-4.93,-65.02,5.03,2.00,0.9823,19,None
1412,-4.93,-65.02,5.03,2.00,0.9823,19,None
1413,-4.93,-65.02,5.03,2.00,0.9823,19,None
1414,-4.95,-64.89,5.03,2.00,0.9823,19,None
1415,-4.95,-64.89,5.03,2.00,0.9823,19,None
1416,-4.95,-64.89,5.03,2.00,0.9823,19,None
1417,-4.96,-64.76,5.03,2.00,0.9822,19,None
1418,-4.96,-64.76,5.03,2.00,0.9822,19,None
1419,-4.96,-64.76,5.03,2.00,0.9822,19,None
1420,-4.96,-64.76,5.03,2.00,0.9822,19,None
1421,-4.98,-64.63,5.03,2.00,0.9822,19,None
1422,-4.98,-64.63,5.03,2.00,0.9822,19,None
1423,-4.98,-64.63,5.03,2.00,0.9822,19,None
1424,-4.99,-64.51,5.03,2.00,0.9822,19,None
1425,-5.00,-64.45,5.03,2.00,0.9822,19,None
1426,-5.00,-64.45,5.03,2.00,0.9822,19,None
1427,-5.00,-64.45,5.03,2.00,0.9822,19,None
1428,-5.00,-64.45,5.03,2.00,0.9822,19,None
1429,-5.00,-64.45,5.03,2.00,0.9822,19,None
1430,-5.00,-64.45,5.03,2.00,0.9822,19,None
1431,-5.03,-64.24,5.03,2.00,0.9821,19,None
1432,-5.03,-64.24,5.03,2.00,0.9821,19,None
1433,-5.04,-64.12,5.03,2.00,0.9821,19,None
1434,-5.04,-64.12,5.03,2.00,0.9821,19,None
1435,-5.05,-64.06,5.03,2.00,0.9820,19,None
1436,-5.05,-64.06,5.03,2.00,0.9820,19,None
1437,-5.05,-64.06,5.03,2.00,0.9820,19,None
1438,-5.06,-63.93,5.03,2.00,0.9820,19,None
1439,-5.06,-63.93,5.03,2.00,0.9820,19,None
1440,-5.06,-63.93,5.03,2.00,0.9820,19,None
1441,-5.06,-63.93,5.03,2.00,0.9820,19,None
1442,-5.08,-63.80,5.03,2.00,0.9820,19,None
1443,-5.08,-63.80,5.03,2.00,0.9820,19,None
1444,-5.08,-63.80,5.03,2.00,0.9820,19,None
1445,-5.09,-63.67,5.03,2.00,0.9819,19,None
1446,-5.09,-63.67,5.03,2.00,0.9819,19,None
1447,-5.09,-63.67,5.03,2.00,0.9819,19,None
1448,-5.11,-63.54,5.03,2.00,0.9819,19,None
1449,-5.11,-63.54,5.03,2.00,0.9819,19,None
1450,-5.11,-63.54,5.03,2.00,0.9819,19,None
1451,-5.12,-63.41,5.03,2.00,0.9819,19,None
1452,-5.12,-63.41,5.03,2.00,0.9819,19,None
1453,-5.12,-63.41,5.03,2.00,0.9819,19,None
1454,-5.12,-63.41,5.03,2.00,0.9819,19,None
1455,-5.12,-63.41,5.03,2.00,0.9819,19,None
1456,-5.12,-63.41,5.03,2.00,0.9819,19,None
1457,-5.15,-63.20,5.03,2.00,0.9818,19,None
1458,-5.15,-63.20,5.03,2.00,0.9818,19,None
1459,-5.15,-63.20,5.03,2.00,0.9818,19,None
1460,-5.16,-63.07,5.03,2.00,0.9818,19,None
1461,-5.16,-63.07,5.03,2.00,0.9818,19,None
1462,-5.16,-63.07,5.03,2.00,0.9818,19,None
1463,-5.18,-62.94,5.03,2.00,0.9817,19,None
1464,-5.18,-62.94,5.03,2.00,0.9817,19,None
1465,-5.18,-62.94,5.03,2.00,0.9817,19,None
1466,-5.18,-62.94,5.03,2.00,0.9817,19,None
1467,-5.19,-62.81,5.03,2.00,0.9817,19,None
1468,-5.19,-62.81,5.03,2.00,0.9817,19,None
1469,-5.19,-62.81,5.03,2.00,0.9817,19,None
1470,-5.21,-62.69,5.03,2.00,0.9817,19,None
1471,-5.22,-62.63,5.03,2.00,0.9816,19,None
1472,-5.22,-62.63,5.03,2.00,0.9816,19,None
1473,-5.22,-62.63,5.03,2.00,0.9816,19,None
1474,-5.23,-62.50,5.03,2.00,0.9816,19,None
1475,-5.23,-62.50,5.03,2.00,0.9816,19,None
1476,-5.23,-62.50,5.03,2.00,0.9816,19,None
1477,-5.23,-62.50,5.03,2.00,0.9816,19,None
1478,-5.25,-62.37,5.03,2.00,0.9816,19,None
1479,-5.25,-62.37,5.03,2.00,0.9816,19,None
1480,-5.25,-62.37,5.03,2.00,0.9816,19,None
1481,-5.26,-62.24,5.03,2.00,0.9815,19,None
1482,-5.26,-62.24,5.03,2.00,0.9815,19,None
1483,-5.26,-62.24,5.03,2.00,0.9815,19,None
1484,-5.28,-62.10,5.03,2.00,0.9815,19,None
1485,-5.28,-62.10,5.03,2.00,0.9815,19,None
1486,-5.28,-62.10,5.03,2.00,0.9815,19,None
1487,-5.28,-62.10,5.03,2.00,0.9815,19,None
1488,-5.28,-62.10,5.03,2.00,0.9815,19,None
1489,-5.28,-62.10,5.03,2.00,0.9815,19,None
1490,-5.30,-61.89,5.03,2.00,0.9814,19,None
1491,-5.30,-61.89,5.03,2.00,0.9814,19,None
1492,-5.30,-61.89,5.03,2.00,0.9814,19,None
1493,-5.32,-61.77,5.03,2.00,0.9814,19,None
1494,-5.32,-61.77,5.03,2.00,0.9814,19,None
1495,-5.32,-61.77,5.03,2.00,0.9814,19,None
1496,-5.33,-61.64,5.03,2.00,0.9814,19,None
1497,-5.33,-61.64,5.03,2.00,0.9814,19,None
1498,-5.33,-61.64,5.03,2.00,0.9814,19,None
1499,-5.35,-61.51,5.03,2.00,0.9813,19,None
1500,-5.35,-61.51,5.03,2.00,0.9813,19,None
1501,-5.35,-61.51,5.03,2.00,0.9813,19,None
1502,-5.36,-61.40,5.03,2.00,0.9813,19,None
1503,-5.36,-61.40,5.03,2.00,0.9813,19,None
1504,-5.36,-61.40,5.03,2.00,0.9813,19,None
1505,-5.36,-61.40,5.03,2.00,0.9813,19,None
1506,-5.38,-61.26,5.03,2.00,0.9813,19,None
1507,-5.38,-61.26,5.03,2.00,0.9813,19,None
1508,-5.39,-61.14,5.03,2.00,0.9812,19,None
1509,-5.39,-61.14,5.03,2.00,0.9812,19,None
1510,-5.40,-61.09,5.03,2.00,0.9812,19,None
1511,-5.40,-61.09,5.03,2.00,0.9812,19,None
1512,-5.40,-61.09,5.03,2.00,0.9812,19,None
1513,-5.41,-60.96,5.03,2.00,0.9812,19,None
1514,-5.41,-60.96,5.03,2.00,0.9812,19,None
1515,-5.41,-60.96,5.03,2.00,0.9812,19,None
1516,-5.43,-60.84,5.03,2.00,0.9811,19,None
1517,-5.43,-60.84,5.03,2.00,0.9811,19,None
1518,-5.43,-60.84,5.03,2.00,0.9811,19,None
1519,-5.44,-60.70,5.03,2.00,0.9811,19,None
1520,-5.44,-60.70,5.03,2.00,0.9811,19,None
1521,-5.44,-60.70,5.03,2.00,0.9811,19,None
1522,-5.44,-60.70,5.03,2.00,0.9811,19,None
1523,-5.44,-60.70,5.03,2.00,0.9811,19,None
1524,-5.44,-60.70,5.03,2.00,0.9811,19,None
1525,-5.47,-60.50,5.03,2.00,0.9811,19,None
1526,-5.47,-60.50,5.03,2.00,0.9811,19,None
1527,-5.47,-60.50,5.03,2.00,0.9811,19,None
1528,-5.48,-60.38,5.03,2.00,0.9810,19,None
1529,-5.48,-60.38,5.03,2.00,0.9810,19,None
1530,-5.48,-60.38,5.03,2.00,0.9810,19,None
1531,-5.50,-60.26,5.03,2.00,0.9810,19,None
1532,-5.50,-60.26,5.03,2.00,0.9810,19,None
1533,-5.50,-60.26,5.03,2.00,0.9810,19,None
1534,-5.51,-60.12,5.03,2.00,0.9809,19,None
1535,-5.51,-60.12,5.03,2.00,0.9809,19,None
1536,-5.51,-60.12,5.03,2.00,0.9809,19,None
1537,-5.52,-60.01,5.03,2.00,0.9809,19,None
1538,-5.52,-60.01,5.03,2.00,0.9809,19,None
1539,-5.52,-60.01,5.03,2.00,0.9809,19,None
1540,-5.52,-60.01,5.03,2.00,0.9809,19,None
1541,-5.54,-59.87,5.03,2.00,0.9809,19,None
1542,-5.54,-59.87,5.03,2.00,0.9809,19,None
1543,-5.54,-59.87,5.03,2.00,0.9809,19,None
1544,-5.56,-59.74,5.03,2.00,0.9808,19,None
1545,-5.56,-59.74,5.03,2.00,0.9808,19,None
1546,-5.56,-59.74,5.03,2.00,0.9808,19,None
1547,-5.57,-59.62,5.04,2.00,0.9808,19,None
1548,-5.57,-59.62,5.04,2.00,0.9808,19,None
1549,-5.57,-59.62,5.04,2.00,0.9808,19,None
1550,-5.58,-59.50,5.04,2.00,0.9808,19,None
1551,-5.59,-59.45,5.04,2.00,0.9808,19,None
1552,-5.59,-59.45,5.04,2.00,0.9808,19,None
1553,-5.59,-59.45,5.04,2.00,0.9808,19,None
1554,-5.61,-59.32,5.04,2.00,0.9807,19,None
1555,-5.61,-59.32,5.04,2.00,0.9807,19,None
1556,-5.61,-59.32,5.04,2.00,0.9807,19,None
1557,-5.61,-59.32,5.04,2.00,0.9807,19,None
1558,-5.62,-59.19,5.04,2.00,0.9807,19,None
1559,-5.62,-59.19,5.04,2.00,0.9807,19,None
1560,-5.62,-59.19,5.04,2.00,0.9807,19,None
1561,-5.64,-59.06,5.04,2.00,0.9806,19,None
1562,-5.64,-59.06,5.04,2.00,0.9806,19,None
1563,-5.64,-59.06,5.04,2.00,0.9806,19,None
1564,-5.65,-58.94,5.04,2.00,0.9806,19,None
1565,-5.65,-58.94,5.04,2.00,0.9806,19,None
1566,-5.65,-58.94,5.04,2.00,0.9806,19,None
1567,-5.67,-58.81,5.04,2.00,0.9806,19,None
1568,-5.67,-58.81,5.04,2.00,0.9806,19,None
1569,-5.67,-58.81,5.04,2.00,0.9806,19,None
1570,-5.67,-58.81,5.04,2.00,0.9806,19,None
1571,-5.67,-58.81,5.04,2.00,0.9806,19,None
1572,-5.67,-58.81,5.04,2.00,0.9806,19,None
1573,-5.67,-58.81,5.04,2.00,0.9806,19,None
1574,-5.67,-58.81,5.04,2.00,0.9806,19,None
1575,-5.67,-58.81,5.04,2.00,0.9806,19,None
1576,-5.67,-58.81,5.04,2.00,0.9806,19,None
1577,-5.67,-58.81,5.04,2.00,0.9806,19,None
1578,-5.67,-58.81,5.04,2.00,0.9806,19,None
1579,-5.67,-58.81,5.04,2.00,0.9806,19,None
1580,-5.67,-58.81,5.04,2.00,0.9806,19,None
1581,-5.67,-58.81,5.04,2.00,0.9806,19,None
1582,-5.67,-58.81,5.04,2.00,0.9806,19,None
1583,-5.74,-58.18,5.04,2.00,0.9804,19,None
1584,-5.74,-58.18,5.04,2.00,0.9804,19,None
1585,-5.74,-58.18,5.04,2.00,0.9804,19,None
1586,-5.74,-58.18,5.04,2.00,0.9804,19,None
1587,-5.76,-58.03,5.04,2.00,0.9804,19,None
1588,-5.76,-57.98,5.04,2.00,0.9803,19,None
1589,-5.76,-57.98,5.04,2.00,0.9803,19,None
1590,-5.76,-57.98,5.04,2.00,0.9803,19,None
1591,-5.78,-57.87,5.04,2.00,0.9803,19,None
1592,-5.78,-57.87,5.04,2.00,0.9803,19,None
1593,-5.78,-57.87,5.04,2.00,0.9803,19,None
1594,-5.79,-57.74,5.04,2.00,0.9803,19,None
1595,-5.79,-57.74,5.04,2.00,0.9803,19,None
1596,-5.79,-57.74,5.04,2.00,0.9803,19,None
1597,-5.79,-57.74,5.04,2.00,0.9803,19,None
1598,-5.81,-57.60,5.04,2.00,0.9802,19,None
1599,-5.81,-57.60,5.04,2.00,0.9802,19,None
1600,-5.81,-57.60,5.04,2.00,0.9802,19,None
1601,-5.83,-57.46,5.04,2.00,0.9802,19,None
1602,-5.83,-57.46,5.04,2.00,0.9802,19,None
1603,-5.83,-57.46,5.04,2.00,0.9802,19,None
1604,-5.84,-57.33,5.04,2.00,0.9802,19,None
1605,-5.84,-57.33,5.04,2.00,0.9802,19,None
1606,-5.84,-57.33,5.04,2.00,0.9802,19,None
1607,-5.84,-57.33,5.04,2.00,0.9802,19,None
1608,-5.86,-57.20,5.04,2.00,0.9801,19,None
1609,-5.86,-57.20,5.04,2.00,0.9801,19,None
1610,-5.86,-57.20,5.04,2.00,0.9801,19,None
1611,-5.87,-57.06,5.04,2.00,0.9801,19,None
1612,-5.87,-57.06,5.04,2.00,0.9801,19,None
1613,-5.88,-56.98,5.04,2.00,0.9801,19,None
1614,-5.88,-56.98,5.04,2.00,0.9801,19,None
1615,-5.88,-56.98,5.04,2.00,0.9801,19,None
1616,-5.88,-56.98,5.04,2.00,0.9801,19,None
1617,-5.90,-56.84,5.04,2.00,0.9800,19,None
1618,-5.90,-56.84,5.04,2.00,0.9800,19,None
1619,-5.90,-56.84,5.04,2.00,0.9800,19,None
1620,-5.90,-56.84,5.04,2.00,0.9800,19,None
1621,-5.92,-56.66,5.04,2.00,0.9800,19,None
1622,-5.92,-56.66,5.04,2.00,0.9800,19,None
1623,-5.92,-56.66,5.04,2.00,0.9800,19,None
1624,-5.92,-56.66,5.04,2.00,0.9800,19,None
1625,-5.94,-56.52,5.04,2.00,0.9799,19,None
1626,-5.94,-56.52,5.04,2.00,0.9799,19,None
1627,-5.94,-56.52,5.04,2.00,0.9799,19,None
1628,-5.95,-56.39,5.04,2.00,0.9799,19,None
1629,-5.95,-56.39,5.04,2.00,0.9799,19,None
1630,-5.95,-56.39,5.04,2.00,0.9799,19,None
1631,-5.95,-56.39,5.04,2.00,0.9799,19,None
1632,-5.97,-56.25,5.04,2.00,0.9799,19,None
1633,-5.97,-56.25,5.04,2.00,0.9799,19,None
1634,-5.97,-56.25,5.04,2.00,0.9799,19,None
1635,-5.98,-56.11,5.04,2.00,0.9798,19,None
1636,-5.98,-56.11,5.04,2.00,0.9798,19,None
1637,-5.98,-56.11,5.04,2.00,0.9798,19,None
1638,-6.00,-55.98,5.04,2.00,0.9798,19,None
1639,-6.00,-55.98,5.04,2.00,0.9798,19,None
1640,-6.00,-55.98,5.04,2.00,0.9798,19,None
1641,-6.01,-55.89,5.04,2.00,0.9798,19,None
1642,-6.01,-55.89,5.04,2.00,0.9798,19,None
1643,-6.01,-55.89,5.04,2.00,0.9798,19,None
1644,-6.03,-55.76,5.04,2.00,0.9797,19,None
1645,-6.03,-55.76,5.04,2.00,0.9797,19,None
1646,-6.03,-55.76,5.04,2.00,0.9797,19,None
1647,-6.03,-55.76,5.04,2.00,0.9797,19,None
1648,-6.05,-55.58,5.04,2.00,0.9797,19,None
1649,-6.05,-55.58,5.04,2.00,0.9797,19,None
1650,-6.05,-55.58,5.04,2.00,0.9797,19,None
1651,-6.05,-55.58,5.04,2.00,0.9797,19,None
1652,-6.06,-55.45,5.04,2.00,0.9796,19,None
1653,-6.06,-55.45,5.04,2.00,0.9796,19,None
1654,-6.06,-55.45,5.04,2.00,0.9796,19,None
1655,-6.08,-55.32,5.04,2.00,0.9796,19,None
1656,-6.08,-55.32,5.04,2.00,0.9796,19,None
1657,-6.09,-55.24,5.04,2.00,0.9796,19,None
1658,-6.09,-55.24,5.04,2.00,0.9796,19,None
1659,-6.10,-55.17,5.04,2.00,0.9796,19,None
1660,-6.10,-55.17,5.04,2.00,0.9796,19,None
1661,-6.10,-55.17,5.04,2.00,0.9796,19,None
1662,-6.10,-55.17,5.04,2.00,0.9796,19,None
1663,-6.10,-55.17,5.04,2.00,0.9796,19,None
1664,-6.12,-54.98,5.04,2.00,0.9795,19,None
1665,-6.12,-54.98,5.04,2.00,0.9795,19,None
1666,-6.12,-54.98,5.04,2.00,0.9795,19,None
1667,-6.12,-54.98,5.04,2.00,0.9795,19,None
1668,-6.14,-54.80,5.04,2.00,0.9795,19,None
1669,-6.14,-54.80,5.04,2.00,0.9795,19,None
1670,-6.14,-54.80,5.04,2.00,0.9795,19,None
1671,-6.15,-54.68,5.04,2.00,0.9794,19,None
1672,-6.15,-54.68,5.04,2.00,0.9794,19,None
1673,-6.15,-54.68,5.04,2.00,0.9794,19,None
1674,-6.17,-54.55,5.04,2.00,0.9794,19,None
1675,-6.17,-54.55,5.04,2.00,0.9794,19,None
1676,-6.17,-54.55,5.04,2.00,0.9794,19,None
1677,-6.17,-54.55,5.04,2.00,0.9794,19,None
1678,-6.18,-54.43,5.04,2.00,0.9794,19,None
1679,-6.18,-54.43,5.04,2.00,0.9794,19,None
1680,-6.18,-54.43,5.04,2.00,0.9794,19,None
1681,-6.20,-54.31,5.04,2.00,0.9793,19,None
1682,-6.20,-54.31,5.04,2.00,0.9793,19,None
1683,-6.20,-54.31,5.04,2.00,0.9793,19,None
1684,-6.21,-54.18,5.04,2.00,0.9793,19,None
1685,-6.21,-54.18,5.04,2.00,0.9793,19,None
1686,-6.21,-54.18,5.04,2.00,0.9793,19,None
1687,-6.23,-54.06,5.04,2.00,0.9792,19,None
1688,-6.23,-54.06,5.04,2.00,0.9792,19,None
1689,-6.23,-54.06,5.04,2.00,0.9792,19,None
1690,-6.24,-53.94,5.04,2.00,0.9792,19,None
1691,-6.24,-53.94,5.04,2.00,0.9792,19,None
1692,-6.24,-53.94,5.04,2.00,0.9792,19,None
1693,-6.26,-53.81,5.04,2.00,0.9792,19,None
1694,-6.26,-53.81,5.04,2.00,0.9792,19,None
1695,-6.26,-53.81,5.04,2.00,0.9792,19,None
1696,-6.27,-53.69,5.04,2.00,0.9791,19,None
1697,-6.27,-53.69,5.04,2.00,0.9791,19,None
1698,-6.28,-53.61,5.04,2.00,0.9791,19,None
1699,-6.28,-53.61,5.04,2.00,0.9791,19,None
1700,-6.29,-53.55,5.04,2.00,0.9791,19,None
1701,-6.29,-53.55,5.04,2.00,0.9791,19,None
1702,-6.30,-53.45,5.04,2.00,0.9791,19,None
1703,-6.30,-53.45,5.04,2.00,0.9791,19,None
1704,-6.30,-53.45,5.04,2.00,0.9791,19,None
1705,-6.30,-53.45,5.04,2.00,0.9791,19,None
1706,-6.30,-53.45,5.04,2.00,0.9791,19,None
1707,-6.32,-53.24,5.04,2.00,0.9790,19,None
1708,-6.32,-53.24,5.04,2.00,0.9790,19,None
1709,-6.32,-53.24,5.04,2.00,0.9790,19,None
1710,-6.32,-53.24,5.04,2.00,0.9790,19,None
1711,-6.34,-53.08,5.04,2.00,0.9790,19,None
1712,-6.34,-53.08,5.04,2.00,0.9790,19,None
1713,-6.34,-53.08,5.04,2.00,0.9790,19,None
1714,-6.36,-52.96,5.04,2.00,0.9789,19,None
1715,-6.36,-52.96,5.04,2.00,0.9789,19,None
1716,-6.36,-52.96,5.04,2.00,0.9789,19,None
1717,-6.36,-52.96,5.04,2.00,0.9789,19,None
1718,-6.37,-52.84,5.04,2.00,0.9789,19,None
1719,-6.37,-52.84,5.04,2.00,0.9789,19,None
1720,-6.37,-52.84,5.04,2.00,0.9789,19,None
1721,-6.39,-52.71,5.04,2.00,0.9789,19,None
1722,-6.39,-52.71,5.04,2.00,0.9789,19,None
1723,-6.39,-52.71,5.04,2.00,0.9789,19,None
1724,-6.40,-52.59,5.04,2.00,0.9788,19,None
1725,-6.40,-52.59,5.04,2.00,0.9788,19,None
1726,-6.41,-52.51,5.04,2.00,0.9788,19,None
1727,-6.41,-52.51,5.04,2.00,0.9788,19,None
1728,-6.41,-52.51,5.04,2.00,0.9788,19,None
1729,-6.43,-52.39,5.04,2.00,0.9788,19,None
1730,-6.43,-52.39,5.04,2.00,0.9788,19,None
1731,-6.43,-52.39,5.04,2.00,0.9788,19,None
1732,-6.43,-52.39,5.04,2.00,0.9788,19,None
1733,-6.44,-52.23,5.04,2.00,0.9787,19,None
1734,-6.44,-52.23,5.04,2.00,0.9787,19,None
1735,-6.45,-52.15,5.04,2.00,0.9787,19,None
1736,-6.46,-52.09,5.04,2.00,0.9787,19,None
1737,-6.46,-52.09,5.04,2.00,0.9787,19,None
1738,-6.46,-52.09,5.04,2.00,0.9787,19,None
1739,-6.47,-51.99,5.04,2.00,0.9787,19,None
1740,-6.47,-51.99,5.04,2.00,0.9787,19,None
1741,-6.47,-51.99,5.04,2.00,0.9787,19,None
1742,-6.47,-51.99,5.04,2.00,0.9787,19,None
1743,-6.47,-51.99,5.04,2.00,0.9787,19,None
1744,-6.50,-51.79,5.04,2.00,0.9786,19,None
1745,-6.50,-51.79,5.04,2.00,0.9786,19,None
1746,-6.50,-51.79,5.04,2.00,0.9786,19,None
1747,-6.51,-51.67,5.04,2.00,0.9786,19,None
1748,-6.51,-51.67,5.04,2.00,0.9786,19,None
1749,-6.51,-51.67,5.04,2.00,0.9786,19,None
1750,-6.52,-51.55,5.04,2.00,0.9785,19,None
1751,-6.52,-51.55,5.04,2.00,0.9785,19,None
1752,-6.52,-51.55,5.04,2.00,0.9785,19,None
1753,-6.52,-51.55,5.04,2.00,0.9785,19,None
1754,-6.54,-51.39,5.04,2.00,0.9785,19,None
1755,-6.54,-51.39,5.04,2.00,0.9785,19,None
1756,-6.54,-51.39,5.04,2.00,0.9785,19,None
1757,-6.56,-51.27,5.04,2.00,0.9785,19,None
1758,-6.56,-51.27,5.04,2.00,0.9785,19,None
1759,-6.56,-51.27,5.04,2.00,0.9785,19,None
1760,-6.57,-51.15,5.04,2.00,0.9784,19,None
1761,-6.57,-51.15,5.04,2.00,0.9784,19,None
1762,-6.58,-51.07,5.04,2.00,0.9784,19,None
1763,-6.59,-51.01,5.04,2.00,0.9784,19,None
1764,-6.59,-51.01,5.04,2.00,0.9784,19,None
1765,-6.59,-51.01,5.04,2.00,0.9784,19,None
1766,-6.60,-50.91,5.04,2.00,0.9784,19,None
1767,-6.60,-50.91,5.04,2.00,0.9784,19,None
1768,-6.60,-50.91,5.04,2.00,0.9784,19,None
1769,-6.60,-50.91,5.04,2.00,0.9784,19,None
1770,-6.60,-50.91,5.04,2.00,0.9784,19,None
1771,-6.62,-50.71,5.04,2.00,0.9783,19,None
1772,-6.62,-50.71,5.04,2.00,0.9783,19,None
1773,-6.62,-50.71,5.04,2.00,0.9783,19,None
1774,-6.64,-50.59,5.04,2.00,0.9783,19,None
1775,-6.64,-50.59,5.04,2.00,0.9783,19,None
1776,-6.64,-50.59,5.04,2.00,0.9783,19,None
1777,-6.65,-50.47,5.04,2.00,0.9782,19,None
1778,-6.65,-50.47,5.04,2.00,0.9782,19,None
1779,-6.65,-50.47,5.04,2.00,0.9782,19,None
1780,-6.67,-50.35,5.04,2.00,0.9782,19,None
1781,-6.67,-50.35,5.04,2.00,0.9782,19,None
1782,-6.67,-50.29,5.04,2.00,0.9782,19,None
1783,-6.67,-50.29,5.04,2.00,0.9782,19,None
1784,-6.69,-50.19,5.04,2.00,0.9782,19,None
1785,-6.69,-50.19,5.04,2.00,0.9782,19,None
1786,-6.69,-50.19,5.04,2.00,0.9782,19,None
1787,-6.69,-50.19,5.04,2.00,0.9782,19,None
1788,-6.69,-50.19,5.04,2.00,0.9782,19,None
1789,-6.71,-49.98,5.04,2.00,0.9781,19,None
1790,-6.71,-49.98,5.04,2.00,0.9781,19,None
1791,-6.71,-49.98,5.04,2.00,0.9781,19,None
1792,-6.71,-49.98,5.04,2.00,0.9781,19,None
1793,-6.71,-49.98,5.04,2.00,0.9781,19,None
1794,-6.73,-49.82,5.04,2.00,0.9781,19,None
1795,-6.73,-49.82,5.04,2.00,0.9781,19,None
1796,-6.73,-49.82,5.04,2.00,0.9781,19,None
1797,-6.74,-49.70,5.04,2.00,0.9780,19,None
1798,-6.74,-49.70,5.04,2.00,0.9780,19,None
1799,-6.74,-49.70,5.04,2.00,0.9780,19,None
1800,-6.76,-49.53,5.04,2.58,0.9780,19,None
1801,-6.76,-49.53,5.04,2.58,0.9780,19,None
1802,-6.76,-49.53,5.04,2.58,0.9780,19,None
1803,-6.78,-49.35,5.04,3.24,0.9780,19,None
1804,-6.78,-49.35,5.04,3.24,0.9780,19,None
1805,-6.78,-49.35,5.04,3.24,0.9780,19,None
1806,-6.81,-49.12,5.04,3.80,0.9779,19,None
1807,-6.81,-49.12,5.04,3.80,0.9779,19,None
1808,-6.81,-49.12,5.04,3.80,0.9779,19,None
1809,-6.84,-48.85,5.04,4.42,0.9779,19,None
1810,-6.84,-48.85,5.04,4.42,0.9779,19,None
1811,-6.84,-48.85,5.04,4.42,0.9779,19,None
1812,-6.88,-48.54,5.04,4.79,0.9779,19,None
1813,-6.88,-48.54,5.04,4.79,0.9779,19,None
1814,-6.88,-48.54,5.04,4.79,0.9779,19,None
1815,-6.92,-48.23,5.04,5.27,0.9778,19,None
1816,-6.92,-48.23,5.04,5.27,0.9778,19,None
1817,-6.92,-48.23,5.04,5.27,0.9778,19,None
1818,-6.96,-47.87,5.04,5.86,0.9778,19,None
1819,-6.96,-47.87,5.04,5.86,0.9778,19,None
1820,-6.96,-47.87,5.04,5.86,0.9778,19,None
1821,-7.01,-47.47,5.04,6.48,0.9778,19,None
1822,-7.01,-47.47,5.04,6.48,0.9778,19,None
1823,-7.01,-47.47,5.04,6.48,0.9778,19,None
1824,-7.06,-47.02,5.04,7.10,0.9777,19,None
1825,-7.06,-47.02,5.04,7.10,0.9777,19,None
1826,-7.06,-47.02,5.04,7.10,0.9777,19,None
1827,-7.11,-46.57,5.04,7.58,0.9777,19,None
1828,-7.11,-46.57,5.04,7.58,0.9777,19,None
1829,-7.11,-46.57,5.04,7.58,0.9777,19,None
1830,-7.17,-46.10,5.04,7.70,0.9777,19,None
1831,-7.17,-46.10,5.04,7.70,0.9777,19,None
1832,-7.17,-46.10,5.04,7.70,0.9777,19,None
1833,-7.17,-46.10,5.04,7.70,0.9777,19,None
1834,-7.23,-45.61,5.04,8.00,0.9776,19,None
1835,-7.23,-45.61,5.04,8.00,0.9776,19,None
1836,-7.23,-45.61,5.04,8.00,0.9776,19,None
1837,-7.29,-45.09,5.04,8.12,0.9776,19,None
1838,-7.29,-45.09,5.04,8.12,0.9776,19,None
1839,-7.29,-45.09,5.04,8.12,0.9776,19,None
1840,-7.35,-44.60,5.04,8.42,0.9776,19,None
1841,-7.35,-44.60,5.04,8.42,0.9776,19,None
1842,-7.35,-44.60,5.04,8.42,0.9776,19,None
1843,-7.41,-44.06,5.04,8.87,0.9775,19,None
1844,-7.41,-44.06,5.04,8.87,0.9775,19,None
1845,-7.41,-44.06,5.04,8.87,0.9775,19,None
1846,-7.47,-43.51,5.03,9.11,0.9775,19,None
1847,-7.47,-43.51,5.03,9.11,0.9775,19,None
1848,-7.47,-43.51,5.03,9.11,0.9775,19,None
1849,-7.54,-42.91,5.03,9.38,0.9774,19,None
1850,-7.54,-42.91,5.03,9.38,0.9774,19,None
1851,-7.54,-42.91,5.03,9.38,0.9774,19,None
1852,-7.61,-42.37,5.03,9.69,0.9774,19,None
1853,-7.61,-42.37,5.03,9.69,0.9774,19,None
1854,-7.61,-42.37,5.03,9.69,0.9774,19,None
1855,-7.68,-41.77,5.03,9.90,0.9774,19,None
1856,-7.68,-41.77,5.03,9.90,0.9774,19,None
1857,-7.68,-41.77,5.03,9.90,0.9774,19,None
1858,-7.75,-41.17,5.03,10.05,0.9773,19,None
1859,-7.75,-41.17,5.03,10.05,0.9773,19,None
1860,-7.75,-41.17,5.03,10.05,0.9773,19,None
1861,-7.83,-40.53,5.03,10.18,0.9773,19,None
1862,-7.83,-40.53,5.03,10.18,0.9773,19,None
1863,-7.83,-40.53,5.03,10.18,0.9773,19,None
1864,-7.89,-39.98,5.03,9.71,0.9773,19,None
1865,-7.89,-39.98,5.03,9.71,0.9773,19,None
1866,-7.94,-39.61,5.03,9.71,0.9773,19,None
1867,-7.94,-39.61,5.03,9.71,0.9773,19,None
1868,-7.94,-39.61,5.03,9.71,0.9773,19,None
1869,-7.94,-39.61,5.03,9.71,0.9773,19,None
1870,-8.03,-38.82,5.02,9.71,0.9772,19,None
1871,-8.03,-38.82,5.02,9.71,0.9772,19,None
1872,-8.03,-38.82,5.02,9.71,0.9772,19,None
1873,-8.11,-38.13,5.02,9.67,0.9772,19,None
1874,-8.11,-38.13,5.02,9.67,0.9772,19,None
1875,-8.11,-38.13,5.02,9.67,0.9772,19,None
1876,-8.11,-38.13,5.02,9.67,0.9772,19,None
1877,-8.18,-37.50,5.02,10.03,0.9771,19,None
1878,-8.18,-37.50,5.02,10.03,0.9771,19,None
1879,-8.18,-37.50,5.02,10.03,0.9771,19,None
1880,-8.27,-36.81,5.02,10.66,0.9771,19,None
1881,-8.27,-36.81,5.02,10.66,0.9771,19,None
1882,-8.27,-36.81,5.02,10.66,0.9771,19,None
1883,-8.36,-36.04,5.02,11.31,0.9771,19,None
1884,-8.36,-36.04,5.02,11.31,0.9771,19,None
1885,-8.36,-36.04,5.02,11.31,0.9771,19,None
1886,-8.44,-35.31,5.02,12.00,0.9770,19,None
1887,-8.44,-35.31,5.02,12.00,0.9770,19,None
1888,-8.44,-35.31,5.02,12.00,0.9770,19,None
1889,-8.44,-35.31,5.02,12.00,0.9770,19,None
1890,-8.54,-34.51,5.02,12.61,0.9770,19,None
1891,-8.54,-34.51,5.02,12.61,0.9770,19,None
1892,-8.54,-34.51,5.02,12.61,0.9770,19,None
1893,-8.63,-33.72,5.01,13.25,0.9770,19,None
1894,-8.63,-33.72,5.01,13.25,0.9770,19,None
1895,-8.63,-33.72,5.01,13.25,0.9770,19,None
1896,-8.74,-32.77,5.01,13.85,0.9769,19,None
1897,-8.74,-32.77,5.01,13.85,0.9769,19,None
1898,-8.74,-32.77,5.01,13.85,0.9769,19,None
1899,-8.85,-31.87,5.01,14.53,0.9769,19,None
1900,-8.85,-31.87,5.01,14.53,0.9769,19,None
1901,-8.92,-31.29,5.01,14.53,0.9769,19,None
1902,-8.92,-31.29,5.01,14.53,0.9769,19,None
1903,-8.92,-31.29,5.01,14.53,0.9769,19,None
1904,-8.92,-31.29,5.01,14.53,0.9769,19,None
1905,-9.06,-30.11,5.01,14.53,0.9768,19,None
1906,-9.06,-30.11,5.01,14.53,0.9768,19,None
1907,-9.06,-30.11,5.01,14.53,0.9768,19,None
1908,-9.17,-29.18,5.02,14.53,0.9768,19,None
1909,-9.20,-28.93,5.02,14.53,0.9768,19,None
1910,-9.20,-28.93,5.02,14.53,0.9768,19,None
1911,-9.20,-28.93,5.02,14.53,0.9768,19,None
1912,-9.20,-28.93,5.02,14.53,0.9768,19,None
1913,-9.20,-28.93,5.02,14.53,0.9768,19,None
1914,-9.35,-27.64,5.02,14.53,0.9767,19,None
1915,-9.35,-27.64,5.02,14.53,0.9767,19,None
1916,-9.35,-27.64,5.02,14.53,0.9767,19,None
1917,-9.45,-26.77,5.02,14.53,0.9767,19,None
1918,-9.50,-26.37,5.02,14.53,0.9767,19,None
1919,-9.50,-26.37,5.02,14.53,0.9767,19,None
1920,-9.50,-26.37,5.02,14.53,0.9767,19,None
1921,-9.50,-26.37,5.02,14.53,0.9767,19,None
1922,-9.50,-26.37,5.02,14.53,0.9767,19,None
1923,-9.67,-24.96,5.02,14.53,0.9766,19,None
1924,-9.67,-24.96,5.02,14.53,0.9766,19,None
1925,-9.67,-24.96,5.02,14.53,0.9766,19,None
1926,-9.77,-24.07,5.03,14.53,0.9766,19,None
1927,-9.77,-24.07,5.03,14.53,0.9766,19,None
1928,-9.77,-24.07,5.03,14.53,0.9766,19,None
1929,-9.88,-23.16,5.03,14.53,0.9766,19,None
1930,-9.88,-23.16,5.03,14.53,0.9766,19,None
1931,-9.88,-23.16,5.03,14.53,0.9766,19,None
1932,-9.98,-22.28,5.03,14.53,0.9765,19,None
1933,-9.98,-22.28,5.03,14.53,0.9765,19,None
1934,-10.03,-21.88,5.03,14.53,0.9765,19,None
1935,-10.03,-21.88,5.03,14.53,0.9765,19,None
1936,-10.03,-21.88,5.03,14.53,0.9765,19,None
1937,-10.03,-21.88,5.03,14.53,0.9765,19,None
1938,-10.03,-21.88,5.03,14.53,0.9765,19,None
1939,-10.19,-20.48,5.04,14.53,0.9765,19,None
1940,-10.19,-20.48,5.04,14.53,0.9765,19,None
1941,-10.19,-20.48,5.04,14.53,0.9765,19,None
1942,-10.30,-19.61,5.04,14.53,0.9764,19,None
1943,-10.30,-19.61,5.04,14.53,0.9764,19,None
1944,-10.30,-19.61,5.04,14.53,0.9764,19,None
1945,-10.40,-18.70,5.04,14.53,0.9764,19,None
1946,-10.40,-18.70,5.04,14.53,0.9764,19,None
1947,-10.40,-18.70,5.04,14.53,0.9764,19,None
1948,-10.51,-17.83,5.04,14.53,0.9763,19,None
1949,-10.56,-17.41,5.04,14.53,0.9763,19,None
1950,-10.56,-17.41,5.04,14.53,0.9763,19,None
1951,-10.56,-17.41,5.04,14.53,0.9763,19,None
1952,-10.56,-17.41,5.04,14.53,0.9763,19,None
1953,-10.56,-17.41,5.04,14.53,0.9763,19,None
1954,-10.72,-16.00,5.04,14.53,0.9763,19,None
1955,-10.72,-16.00,5.04,14.53,0.9763,19,None
1956,-10.72,-16.00,5.04,14.53,0.9763,19,None
1957,-10.83,-15.14,5.05,14.53,0.9762,19,None
1958,-10.83,-15.14,5.05,14.53,0.9762,19,None
1959,-10.83,-15.14,5.05,14.53,0.9762,19,None
1960,-10.93,-14.25,5.06,14.53,0.9762,19,None
1961,-10.93,-14.25,5.06,14.53,0.9762,19,None
1962,-10.93,-14.25,5.06,14.53,0.9762,19,None
1963,-10.93,-14.25,5.06,14.53,0.9762,19,None
1964,-11.07,-13.09,5.05,15.07,0.9762,19,None
1965,-11.07,-13.09,5.05,15.07,0.9762,19,None
1966,-11.07,-13.09,5.05,15.07,0.9762,19,None
1967,-11.17,-12.20,5.05,15.49,0.9761,19,None
1968,-11.17,-12.20,5.05,15.49,0.9761,19,None
1969,-11.17,-12.20,5.05,15.49,0.9761,19,None
1970,-11.28,-11.26,5.05,15.58,0.9761,19,None
1971,-11.28,-11.26,5.05,15.58,0.9761,19,None
1972,-11.28,-11.26,5.05,15.58,0.9761,19,None
1973,-11.40,-10.32,5.05,15.64,0.9761,19,None
1974,-11.40,-10.32,5.05,15.64,0.9761,19,None
1975,-11.40,-10.32,5.05,15.64,0.9761,19,None
1976,-11.50,-9.46,5.04,15.64,0.9760,19,None
1977,-11.50,-9.46,5.04,15.64,0.9760,19,None
1978,-11.50,-9.46,5.04,15.64,0.9760,19,None
1979,-11.62,-8.45,5.04,15.64,0.9760,19,None
1980,-11.62,-8.45,5.04,15.64,0.9760,19,None
1981,-11.69,-7.81,5.04,15.64,0.9760,19,None
1982,-11.69,-7.81,5.04,15.64,0.9760,19,None
1983,-11.74,-7.37,5.04,15.64,0.9760,19,None
1984,-11.74,-7.37,5.04,15.64,0.9760,19,None
1985,-11.85,-6.51,5.04,15.64,0.9759,19,None
1986,-11.85,-6.51,5.04,15.64,0.9759,19,None
1987,-11.85,-6.51,5.04,15.64,0.9759,19,None
1988,-11.85,-6.51,5.04,15.64,0.9759,19,None
1989,-11.85,-6.51,5.04,15.64,0.9759,19,None
1990,-11.85,-6.51,5.04,15.64,0.9759,19,None
1991,-12.07,-4.64,5.04,15.64,0.9759,19,None
1992,-12.07,-4.64,5.04,15.64,0.9759,19,None
1993,-12.07,-4.64,5.04,15.64,0.9759,19,None
1994,-12.07,-4.64,5.04,15.64,0.9759,19,None
1995,-12.19,-3.57,5.04,15.64,0.9758,19,None
1996,-12.19,-3.57,5.04,15.64,0.9758,19,None
1997,-12.19,-3.57,5.04,15.64,0.9758,19,None
1998,-12.30,-2.64,5.04,15.64,0.9758,19,None
1999,-12.30,-2.64,5.04,15.64,0.9758,19,None
2000,-12.30,-2.64,5.04,15.64,0.9758,19,None
2001,-12.41,-1.73,5.04,15.64,0.9758,19,None
2002,-12.44,-1.47,5.04,15.64,0.9758,19,None
2003,-12.44,-1.47,5.04,15.64,0.9758,19,None
2004,-12.52,-0.76,5.04,15.64,0.9757,19,None
2005,-12.52,-0.76,5.04,15.64,0.9757,19,None
2006,-12.52,-0.76,5.04,15.64,0.9757,19,None
2007,-12.52,-0.76,5.04,15.64,0.9757,19,None
2008,-12.52,-0.76,5.04,15.64,0.9757,19,None
2009,-12.72,0.92,5.25,15.76,0.9757,19,None
2010,-12.72,0.92,5.25,15.76,0.9757,19,None
2011,-12.72,0.92,5.25,15.76,0.9757,19,None
2012,-12.81,1.69,5.24,12.74,0.9756,19,None
2013,-12.81,1.69,5.24,12.74,0.9756,19,None
2014,-12.81,1.69,5.24,12.74,0.9756,19,None
2015,-12.89,2.36,5.26,11.00,0.9756,19,None
2016,-12.89,2.36,5.26,11.00,0.9756,19,None
2017,-12.89,2.36,5.26,11.00,0.9756,19,None
2018,-12.95,2.86,5.11,9.59,0.9756,19,None
2019,-12.97,3.04,5.06,7.84,0.9756,19,None
2020,-12.97,3.04,5.06,7.84,0.9756,19,None
2021,-12.97,3.04,5.06,7.84,0.9756,19,None
2022,-12.97,3.04,5.06,7.84,0.9756,19,None
2023,-13.04,3.61,5.04,6.84,0.9755,19,None
2024,-13.04,3.61,5.04,6.84,0.9755,19,None
2025,-13.04,3.61,5.04,6.84,0.9755,19,None
2026,-13.04,3.61,5.04,6.84,0.9755,19,None
2027,-13.06,3.77,5.05,0.00,0.9755,19,None
2028,-13.06,3.77,5.05,0.00,0.9755,19,None
2029,-13.06,3.77,5.05,0.00,0.9754,19,None
2030,-13.06,3.77,5.05,0.00,0.9754,19,None
2031,-13.06,3.77,5.05,0.00,0.9754,19,None
2032,-13.06,3.77,5.05,0.00,0.9754,19,None
2033,-13.06,3.77,5.05,0.00,0.9754,19,None
2034,-13.06,3.77,5.05,0.00,0.9754,19,None
2035,-13.06,3.77,5.05,0.00,0.9754,19,None
2036,-13.06,3.77,5.05,0.00,0.9754,19,None
2037,-13.06,3.77,5.05,0.00,0.9754,19,None
2038,-13.06,3.77,5.05,0.00,0.9753,19,None
2039,-13.06,3.77,5.05,0.00,0.9753,19,None
2040,-13.06,3.77,5.05,0.00,0.9753,19,None
2041,-13.06,3.77,5.05,0.00,0.9753,19,None
2042,-13.06,3.77,5.05,0.00,0.9753,19,None
2043,-13.06,3.77,5.05,0.00,0.9753,19,None
2044,-13.06,3.77,5.05,0.00,0.9753,19,None
2045,-13.06,3.77,5.05,0.00,0.9753,19,None
2046,-13.06,3.77,5.05,0.00,0.9753,19,None
2047,-13.06,3.77,5.05,0.00,0.9753,19,None
2048,-13.06,3.77,5.05,0.00,0.9753,19,None
2049,-13.06,3.77,5.05,0.00,0.9752,19,None
2050,-13.06,3.77,5.05,0.00,0.9752,19,None
2051,-13.06,3.77,5.05,0.00,0.9752,19,None
2052,-13.06,3.77,5.05,0.00,0.9752,19,None
2053,-13.06,3.77,5.05,0.00,0.9752,19,None
2054,-13.06,3.77,5.05,0.00,0.9752,19,None
2055,-13.06,3.77,5.05,0.00,0.9752,19,None
2056,-13.06,3.77,5.05,0.00,0.9752,19,None
2057,-13.06,3.77,5.05,0.00,0.9751,19,None
2058,-13.06,3.77,5.05,0.00,0.9751,19,None
2059,-13.06,3.77,5.05,0.00,0.9751,19,None
2060,-13.06,3.77,5.05,0.00,0.9751,19,None
2061,-13.06,3.77,5.05,0.00,0.9751,19,None
2062,-13.06,3.77,5.05,0.00,0.9751,19,None
2063,-13.06,3.77,5.05,0.00,0.9751,19,None
2064,-13.06,3.77,5.05,0.00,0.9751,19,None
2065,-13.06,3.77,5.05,0.00,0.9750,19,None
2066,-13.06,3.77,5.05,0.00,0.9750,19,None
2067,-13.06,3.77,5.05,0.00,0.9750,19,None
2068,-13.06,3.77,5.05,0.00,0.9750,19,None
2069,-13.06,3.77,5.05,0.00,0.9750,19,None
2070,-13.03,3.77,5.04,0.54,0.9750,19,None
2071,-13.03,3.77,5.04,0.54,0.9750,19,None
2072,-13.03,3.77,5.04,0.54,0.9750,19,None
2073,-12.97,3.77,5.04,1.09,0.9750,19,None
2074,-12.97,3.77,5.04,1.09,0.9750,19,None
2075,-12.97,3.77,5.04,1.09,0.9750,19,None
2076,-12.97,3.77,5.04,1.09,0.9750,19,None
2077,-12.97,3.77,5.04,1.09,0.9750,19,None
2078,-12.82,3.77,5.04,1.63,0.9749,19,None
2079,-12.82,3.77,5.04,1.63,0.9749,19,None
2080,-12.82,3.77,5.04,1.63,0.9749,19,None
2081,-12.64,3.77,5.04,2.56,0.9749,19,None
2082,-12.64,3.77,5.04,2.56,0.9749,19,None
2083,-12.51,3.77,5.04,3.26,0.9748,19,None
2084,-12.51,3.77,5.04,3.26,0.9748,19,None
2085,-12.51,3.77,5.04,3.26,0.9748,19,None
2086,-12.32,3.77,5.04,3.66,0.9748,19,None
2087,-12.32,3.77,5.04,3.66,0.9748,19,None
2088,-12.32,3.77,5.04,3.66,0.9748,19,None
2089,-12.03,3.77,5.04,4.18,0.9748,19,None
2090,-12.03,3.77,5.04,4.18,0.9748,19,None
2091,-11.83,3.77,5.03,4.88,0.9748,19,None
2092,-11.72,3.77,5.03,5.28,0.9747,19,None
2093,-11.72,3.77,5.03,5.28,0.9747,19,None
2094,-11.72,3.77,5.03,5.28,0.9747,19,None
2095,-11.47,3.77,5.03,5.49,0.9747,19,None
2096,-11.47,3.77,5.03,5.49,0.9747,19,None
2097,-11.47,3.77,5.03,5.49,0.9747,19,None
2098,-11.47,3.77,5.03,5.49,0.9747,19,None
2099,-11.47,3.77,5.03,5.49,0.9747,19,None
2100,-10.84,3.77,5.02,5.95,0.9747,19,None
2101,-10.84,3.77,5.02,5.95,0.9747,19,None
2102,-10.84,3.77,5.02,5.95,0.9747,19,None
2103,-10.44,3.77,5.02,7.01,0.9746,19,None
2104,-10.44,3.77,5.02,7.01,0.9746,19,None
2105,-10.11,3.77,5.02,7.58,0.9746,19,None
2106,-10.11,3.77,5.02,7.58,0.9746,19,None
2107,-10.11,3.77,5.02,7.58,0.9746,19,None
2108,-9.57,3.77,5.01,8.02,0.9746,19,None
2109,-9.57,3.77,5.01,8.02,0.9746,19,None
2110,-9.57,3.77,5.01,8.02,0.9746,19,None
2111,-9.18,3.77,5.01,8.69,0.9745,19,None
2112,-9.18,3.77,5.01,8.69,0.9745,19,None
2113,-8.65,3.77,5.01,9.13,0.9745,19,None
2114,-8.65,3.77,5.01,9.13,0.9745,19,None
2115,-8.65,3.77,5.01,9.13,0.9745,19,None
2116,-8.10,3.77,5.02,9.72,0.9745,19,None
2117,-8.10,3.77,5.02,9.72,0.9745,19,None
2118,-8.10,3.77,5.02,9.72,0.9745,19,None
2119,-7.52,3.77,5.02,10.29,0.9744,19,None
2120,-7.52,3.77,5.02,10.29,0.9744,19,None
2121,-7.52,3.77,5.02,10.29,0.9744,19,None
2122,-7.52,3.77,5.02,10.29,0.9744,19,None
2123,-6.66,3.77,5.02,10.85,0.9744,19,None
2124,-6.66,3.77,5.02,10.85,0.9744,19,None
2125,-6.18,3.77,5.03,11.64,0.9744,19,None
2126,-5.86,3.77,5.03,12.05,0.9744,19,None
2127,-5.86,3.77,5.03,12.05,0.9744,19,None
2128,-5.86,3.77,5.03,12.05,0.9744,19,None
2129,-5.86,3.77,5.03,12.05,0.9744,19,None
2130,-5.86,3.77,5.03,12.05,0.9744,19,None
2131,-4.64,3.77,5.03,12.31,0.9743,19,None
2132,-4.64,3.77,5.03,12.31,0.9743,19,None
2133,-4.64,3.77,5.03,12.31,0.9743,19,None
2134,-4.64,3.77,5.03,12.31,0.9743,19,None
2135,-4.64,3.77,5.03,12.31,0.9743,19,None
2136,-3.42,3.77,5.04,13.31,0.9743,19,None
2137,-3.42,3.77,5.04,13.31,0.9743,19,None
2138,-2.76,3.77,5.04,14.23,0.9742,19,None
2139,-2.76,3.77,5.04,14.23,0.9742,19,None
2140,-2.76,3.77,5.04,14.23,0.9742,19,None
2141,-2.76,3.77,5.04,14.23,0.9742,19,None
2142,-1.75,3.77,5.04,14.69,0.9742,19,None
2143,-1.75,3.77,5.04,14.69,0.9742,19,None
2144,-1.75,3.77,5.04,14.69,0.9742,19,None
2145,-1.75,3.77,5.04,14.69,0.9742,19,None
2146,-0.33,3.77,5.04,15.37,0.9741,19,None
2147,-0.33,3.77,5.04,15.37,0.9741,19,None
2148,-0.33,3.77,5.04,15.37,0.9741,19,None
2149,0.35,3.77,5.04,15.64,0.9741,19,None
2150,0.35,3.77,5.04,15.64,0.9741,19,None
2151,0.35,3.77,5.04,15.64,0.9741,19,None
2152,1.35,3.77,5.04,15.64,0.9741,19,None
2153,1.35,3.77,5.04,15.64,0.9741,19,None
2154,1.35,3.77,5.04,15.64,0.9741,19,None
2155,1.35,3.77,5.04,15.64,0.9741,19,None
2156,1.35,3.77,5.04,15.64,0.9741,19,None
2157,2.87,3.77,5.04,15.64,0.9740,19,None
2158,2.87,3.77,5.04,15.64,0.9740,19,None
2159,3.56,3.77,5.03,15.64,0.9740,19,None
2160,4.05,3.77,5.03,15.64,0.9740,19,None
2161,4.05,3.77,5.03,15.64,0.9740,19,None
2162,4.05,3.77,5.03,15.64,0.9740,19,None
2163,4.05,3.77,5.03,15.64,0.9740,19,None
2164,4.05,3.77,5.03,15.64,0.9740,19,None
2165,4.05,3.77,5.03,15.64,0.9740,19,None
2166,5.75,3.77,5.02,15.64,0.9739,19,None
2167,5.75,3.77,5.02,15.64,0.9739,19,None
2168,5.75,3.77,5.02,15.64,0.9739,19,None
2169,6.81,3.77,5.02,15.64,0.9739,19,None
2170,6.81,3.77,5.02,15.64,0.9739,19,None
2171,6.81,3.77,5.02,15.64,0.9739,19,None
2172,6.81,3.77,5.02,15.64,0.9739,19,None
2173,7.87,3.77,5.01,15.64,0.9739,19,None
2174,7.87,3.77,5.01,15.64,0.9739,19,None
2175,7.87,3.77,5.01,15.64,0.9739,19,None
2176,8.86,3.77,5.02,15.64,0.9738,19,None
2177,9.28,3.77,5.02,15.64,0.9738,19,None
2178,9.28,3.77,5.02,15.64,0.9738,19,None
2179,9.28,3.77,5.02,15.64,0.9738,19,None
2180,9.28,3.77,5.02,15.64,0.9738,19,None
2181,9.28,3.77,5.02,15.64,0.9738,19,None
2182,10.73,3.77,5.03,14.85,0.9737,19,None
2183,10.73,3.77,5.03,14.85,0.9737,19,None
2184,10.73,3.77,5.03,14.85,0.9737,19,None
2185,11.44,3.77,5.03,11.97,0.9737,19,None
2186,11.44,3.77,5.03,11.97,0.9737,19,None
2187,11.44,3.77,5.03,11.97,0.9737,19,None
2188,12.06,3.77,5.03,10.09,0.9737,19,None
2189,12.06,3.77,5.03,10.09,0.9737,19,None
2190,12.06,3.77,5.03,10.09,0.9737,19,None
2191,12.54,3.77,5.04,8.08,0.9736,19,None
2192,12.70,3.77,5.04,6.01,0.9736,19,None
2193,12.70,3.77,5.04,6.01,0.9736,19,None
2194,12.70,3.77,5.04,6.01,0.9736,19,None
2195,12.70,3.77,5.04,6.01,0.9736,19,None
2196,12.70,3.77,5.04,6.01,0.9736,19,None
2197,13.00,3.77,5.04,0.00,0.9736,19,None
2198,13.00,3.77,5.04,0.00,0.9736,19,None
2199,13.00,3.77,5.04,0.00,0.9736,19,None
2200,13.00,3.77,5.04,0.00,0.9736,19,None
2201,13.00,3.77,5.04,0.00,0.9735,19,None
2202,13.00,3.77,5.04,0.00,0.9735,19,None
2203,13.00,3.77,5.04,0.00,0.9735,19,None
2204,13.00,3.77,5.04,0.00,0.9735,19,None
2205,13.00,3.77,5.04,0.00,0.9735,19,None
2206,13.00,3.77,5.04,0.00,0.9735,19,None
2207,13.00,3.77,5.04,0.00,0.9735,19,None
2208,13.00,3.77,5.04,0.00,0.9735,19,None
2209,13.00,3.77,5.04,0.00,0.9735,19,None
2210,13.00,3.77,5.04,0.00,0.9734,19,None
2211,13.00,3.77,5.04,0.00,0.9734,19,None
2212,13.00,3.77,5.04,0.00,0.9734,19,None
2213,13.00,3.77,5.04,0.00,0.9734,19,None
2214,13.00,3.77,5.04,0.00,0.9734,19,None
2215,13.00,3.77,5.04,0.00,0.9734,19,None
2216,13.00,3.77,5.04,0.00,0.9734,19,None
2217,13.00,3.77,5.04,0.00,0.9734,19,None
2218,13.00,3.77,5.04,0.00,0.9734,19,None
2219,13.00,3.77,5.04,0.00,0.9734,19,None
2220,13.00,3.77,5.04,0.00,0.9733,19,None
2221,13.00,3.77,5.04,0.00,0.9733,19,None
2222,13.00,3.77,5.04,0.00,0.9733,19,None
2223,13.00,3.77,5.04,0.00,0.9733,19,None
2224,13.00,3.77,5.04,0.00,0.9733,19,None
2225,13.00,3.77,5.04,0.00,0.9733,19,None
2226,13.00,3.77,5.04,0.00,0.9733,19,None
2227,13.00,3.77,5.04,0.00,0.9733,19,None
2228,13.00,3.77,5.04,0.00,0.9733,19,None
2229,13.00,3.77,5.04,0.00,0.9732,19,None
2230,13.00,3.77,5.04,0.00,0.9732,19,None
2231,13.00,3.77,5.04,0.00,0.9732,19,None
2232,13.00,3.77,5.04,0.00,0.9732,19,None
2233,13.00,3.77,5.04,0.00,0.9732,19,None
2234,13.00,3.77,5.04,0.00,0.9732,19,None
2235,13.00,3.77,5.04,0.00,0.9732,19,None
2236,13.00,3.77,5.04,0.00,0.9732,19,None
2237,13.00,3.77,5.04,0.00,0.9732,19,None
2238,13.00,3.77,5.04,0.00,0.9731,19,None
2239,13.00,3.77,5.04,0.00,0.9731,19,None
2240,13.00,3.77,5.04,0.00,0.9731,19,None
2241,13.00,3.77,5.04,0.00,0.9731,19,None
2242,13.00,3.77,5.04,0.00,0.9731,19,None
2243,13.00,3.77,5.04,0.00,0.9731,19,None
2244,13.00,3.77,5.04,0.00,0.9731,19,None
2245,13.00,3.77,5.04,0.00,0.9731,19,None
2246,13.00,3.77,5.04,0.00,0.9730,19,None
2247,13.00,3.77,5.04,0.00,0.9730,19,None
2248,13.00,3.77,5.04,0.00,0.9730,19,None
2249,13.00,3.77,5.04,0.00,0.9730,19,None
2250,13.00,3.77,5.04,0.00,0.9730,19,None
2251,13.00,3.77,5.04,0.00,0.9730,19,None
2252,13.00,3.77,5.04,0.00,0.9730,19,None
2253,12.99,3.77,5.04,0.27,0.9730,19,None
2254,12.99,3.77,5.04,0.27,0.9730,19,None
2255,12.99,3.77,5.04,0.27,0.9730,19,None
2256,12.94,3.77,5.04,0.80,0.9729,19,None
2257,12.94,3.77,5.04,0.80,0.9729,19,None
2258,12.94,3.77,5.04,0.80,0.9729,19,None
2259,12.94,3.77,5.04,0.80,0.9729,19,None
2260,12.85,3.77,5.04,1.42,0.9729,19,None
2261,12.85,3.77,5.04,1.42,0.9729,19,None
2262,12.85,3.77,5.04,1.42,0.9729,19,None
2263,12.85,3.77,5.04,1.42,0.9729,19,None
2264,12.85,3.77,5.04,1.42,0.9729,19,None
2265,12.85,3.77,5.04,1.42,0.9729,19,None
2266,12.61,3.78,5.04,2.02,0.9728,19,None
2267,12.61,3.78,5.04,2.02,0.9728,19,None
2268,12.61,3.78,5.04,2.02,0.9728,19,None
2269,12.40,3.79,5.04,3.24,0.9728,19,None
2270,12.40,3.79,5.04,3.24,0.9728,19,None
2271,12.23,3.79,5.04,3.87,0.9728,19,None
2272,12.23,3.79,5.04,3.87,0.9728,19,None
2273,12.23,3.79,5.04,3.87,0.9728,19,None
2274,12.23,3.79,5.04,3.87,0.9728,19,None
2275,11.90,3.80,5.03,4.31,0.9727,19,None
2276,11.90,3.80,5.03,4.31,0.9727,19,None
2277,11.90,3.80,5.03,4.31,0.9727,19,None
2278,11.58,3.81,5.03,5.08,0.9727,19,None
2279,11.58,3.81,5.03,5.08,0.9727,19,None
2280,11.33,3.82,5.03,5.70,0.9727,19,None
2281,11.33,3.82,5.03,5.70,0.9727,19,None
2282,11.33,3.82,5.03,5.70,0.9727,19,None
2283,10.96,3.83,5.03,6.14,0.9726,19,None
2284,10.96,3.83,5.03,6.14,0.9726,19,None
2285,10.96,3.83,5.03,6.14,0.9726,19,None
2286,10.56,3.84,5.03,6.75,0.9726,19,None
2287,10.56,3.84,5.03,6.75,0.9726,19,None
2288,10.56,3.84,5.03,6.75,0.9726,19,None
2289,10.56,3.84,5.03,6.75,0.9726,19,None
2290,9.94,3.86,5.02,7.34,0.9725,19,None
2291,9.94,3.86,5.02,7.34,0.9725,19,None
2292,9.94,3.86,5.02,7.34,0.9725,19,None
2293,9.47,3.88,5.02,8.19,0.9725,19,None
2294,9.47,3.88,5.02,8.19,0.9725,19,None
2295,9.11,3.89,5.02,8.76,0.9725,19,None
2296,9.11,3.89,5.02,8.76,0.9725,19,None
2297,9.11,3.89,5.02,8.76,0.9725,19,None
2298,9.11,3.89,5.02,8.76,0.9725,19,None
2299,8.36,3.91,5.01,9.17,0.9724,19,None
2300,8.36,3.91,5.01,9.17,0.9724,19,None
2301,7.95,3.92,5.01,9.99,0.9724,19,None
2302,7.95,3.92,5.01,9.99,0.9724,19,None
2303,7.67,3.93,5.01,10.40,0.9724,19,None
2304,7.67,3.93,5.01,10.40,0.9724,19,None
2305,7.67,3.93,5.01,10.40,0.9724,19,None
2306,7.67,3.93,5.01,10.40,0.9724,19,None
2307,7.67,3.93,5.01,10.40,0.9724,19,None
2308,6.65,3.96,5.02,10.67,0.9724,19,None
2309,6.65,3.96,5.02,10.67,0.9724,19,None
2310,6.65,3.96,5.02,10.67,0.9724,19,None
2311,5.76,3.99,5.02,11.62,0.9723,19,None
2312,5.76,3.99,5.02,11.62,0.9723,19,None
2313,5.76,3.99,5.02,11.62,0.9723,19,None
2314,5.76,3.99,5.02,11.62,0.9723,19,None
2315,4.96,4.01,5.03,12.39,0.9723,19,None
2316,4.96,4.01,5.03,12.39,0.9723,19,None
2317,4.96,4.01,5.03,12.39,0.9723,19,None
2318,4.08,4.04,5.03,13.04,0.9722,19,None
2319,4.08,4.04,5.03,13.04,0.9722,19,None
2320,4.08,4.04,5.03,13.04,0.9722,19,None
2321,3.13,4.07,5.04,13.71,0.9722,19,None
2322,3.13,4.07,5.04,13.71,0.9722,19,None
2323,3.13,4.07,5.04,13.71,0.9722,19,None
2324,3.13,4.07,5.04,13.71,0.9722,19,None
2325,2.16,4.09,5.04,14.40,0.9722,19,None
2326,2.16,4.09,5.04,14.40,0.9722,19,None
2327,1.53,4.11,5.04,15.08,0.9721,19,None
2328,1.53,4.11,5.04,15.08,0.9721,19,None
2329,1.01,4.13,5.04,15.49,0.9721,19,None
2330,1.01,4.13,5.04,15.49,0.9721,19,None
2331,1.01,4.13,5.04,15.49,0.9721,19,None
2332,1.01,4.13,5.04,15.49,0.9721,19,None
2333,1.01,4.13,5.04,15.49,0.9721,19,None
2334,-0.67,4.18,5.04,15.64,0.9721,19,None
2335,-0.67,4.18,5.04,15.64,0.9721,19,None
2336,-0.67,4.18,5.04,15.64,0.9721,19,None
2337,-0.67,4.18,5.04,15.64,0.9721,19,None
2338,-0.67,4.18,5.04,15.64,0.9721,19,None
2339,-2.22,4.23,5.04,15.64,0.9720,19,None
2340,-2.22,4.23,5.04,15.64,0.9720,19,None
2341,-2.89,4.25,5.04,15.64,0.9720,19,None
2342,-2.89,4.25,5.04,15.64,0.9720,19,None
2343,-3.39,4.26,5.04,15.64,0.9720,19,None
2344,-3.39,4.26,5.04,15.64,0.9720,19,None
2345,-3.39,4.26,5.04,15.64,0.9720,19,None
2346,-3.39,4.26,5.04,15.64,0.9720,19,None
2347,-3.39,4.26,5.04,15.64,0.9720,19,None
2348,-5.02,4.31,5.03,15.64,0.9719,19,None
2349,-5.02,4.31,5.03,15.64,0.9719,19,None
2350,-5.02,4.31,5.03,15.64,0.9719,19,None
2351,-6.05,4.34,5.03,15.64,0.9719,19,None
2352,-6.05,4.34,5.03,15.64,0.9719,19,None
2353,-6.05,4.34,5.03,15.64,0.9719,19,None
2354,-6.05,4.34,5.03,15.64,0.9719,19,None
2355,-7.16,4.37,5.02,15.64,0.9718,19,None
2356,-7.16,4.37,5.02,15.64,0.9718,19,None
2357,-7.16,4.37,5.02,15.64,0.9718,19,None
2358,-8.23,4.41,5.02,15.64,0.9718,19,None
2359,-8.23,4.41,5.02,15.64,0.9718,19,None
2360,-8.71,4.42,5.01,15.64,0.9718,19,None
2361,-8.71,4.42,5.01,15.64,0.9718,19,None
2362,-8.71,4.42,5.01,15.64,0.9718,19,None
2363,-8.71,4.42,5.01,15.64,0.9718,19,None
2364,-8.71,4.42,5.01,15.64,0.9718,19,None
2365,-10.18,4.46,5.02,14.87,0.9717,19,None
2366,-10.18,4.46,5.02,14.87,0.9717,19,None
2367,-10.18,4.46,5.02,14.87,0.9717,19,None
2368,-10.90,4.49,5.03,12.36,0.9717,19,None
2369,-10.90,4.49,5.03,12.36,0.9717,19,None
2370,-11.54,4.50,5.03,10.80,0.9717,19,None
2371,-11.54,4.50,5.03,10.80,0.9717,19,None
2372,-11.54,4.50,5.03,10.80,0.9717,19,None
2373,-11.54,4.50,5.03,10.80,0.9717,19,None
2374,-12.19,4.52,5.04,9.20,0.9716,19,None
2375,-12.19,4.52,5.04,9.20,0.9716,19,None
2376,-12.19,4.52,5.04,9.20,0.9716,19,None
2377,-12.60,4.54,5.04,7.22,0.9716,19,None
2378,-12.60,4.54,5.04,7.22,0.9716,19,None
2379,-12.60,4.54,5.04,7.22,0.9716,19,None
2380,-12.90,4.55,5.05,5.54,0.9716,19,None
2381,-12.90,4.55,5.05,5.54,0.9716,19,None
2382,-13.06,4.55,5.05,0.00,0.9715,19,None
2383,-13.06,4.55,5.05,0.00,0.9715,19,None
2384,-13.06,4.55,5.05,0.00,0.9715,19,None
2385,-13.06,4.55,5.05,0.00,0.9715,19,None
2386,-13.06,4.55,5.05,0.00,0.9715,19,None
2387,-13.06,4.55,5.05,0.00,0.9715,19,None
2388,-13.06,4.55,5.05,0.00,0.9715,19,None
2389,-13.06,4.55,5.05,0.00,0.9715,19,None
2390,-13.06,4.55,5.05,0.00,0.9714,19,None
2391,-13.06,4.55,5.05,0.00,0.9714,19,None
2392,-13.06,4.55,5.05,0.00,0.9714,19,None
2393,-13.06,4.55,5.05,0.00,0.9714,19,None
2394,-13.06,4.55,5.05,0.00,0.9714,19,None
2395,-13.06,4.55,5.05,0.00,0.9714,19,None
2396,-13.06,4.55,5.05,0.00,0.9714,19,None
2397,-13.06,4.55,5.05,0.00,0.9714,19,None
2398,-13.06,4.55,5.05,0.00,0.9714,19,None
2399,-13.06,4.55,5.05,0.00,0.9714,19,None
2400,-13.06,4.55,5.05,0.00,0.9714,19,None
2401,-13.06,4.55,5.05,0.00,0.9713,19,None
2402,-13.06,4.55,5.05,0.00,0.9713,19,None
2403,-13.06,4.55,5.05,0.00,0.9713,19,None
2404,-13.06,4.55,5.05,0.00,0.9713,19,None
2405,-13.06,4.55,5.05,0.00,0.9713,19,None
2406,-13.06,4.55,5.05,0.00,0.9713,19,None
2407,-13.06,4.55,5.05,0.00,0.9712,19,None
2408,-13.06,4.55,5.05,0.00,0.9712,19,None
2409,-13.06,4.55,5.05,0.00,0.9712,19,None
2410,-13.06,4.55,5.05,0.00,0.9712,19,None
2411,-13.06,4.55,5.05,0.00,0.9712,19,None
2412,-13.06,4.55,5.05,0.00,0.9712,19,None
2413,-13.06,4.55,5.05,0.00,0.9712,19,None
2414,-13.06,4.55,5.05,0.00,0.9712,19,None
2415,-13.06,4.55,5.05,0.00,0.9712,19,None
2416,-13.06,4.55,5.05,0.00,0.9712,19,None
2417,-13.06,4.55,5.05,0.00,0.9712,19,None
2418,-13.06,4.55,5.05,0.00,0.9712,19,None
2419,-13.06,4.55,5.05,0.00,0.9712,19,None
2420,-13.06,4.55,5.05,0.00,0.9711,19,None
2421,-13.06,4.55,5.05,0.00,0.9711,19,None
2422,-13.06,4.55,5.05,0.00,0.9711,19,None
2423,-13.06,4.55,5.05,0.00,0.9711,19,None
2424,-13.06,4.55,5.05,0.00,0.9711,19,None
2425,-13.06,4.55,5.05,0.00,0.9711,19,None
2426,-13.06,4.55,5.05,0.00,0.9710,19,None
2427,-13.06,4.55,5.05,0.00,0.9710,19,None
2428,-13.06,4.55,5.05,0.00,0.9710,19,None
2429,-13.06,4.55,5.05,0.00,0.9710,19,None
2430,-13.06,4.55,5.05,0.00,0.9710,19,None
2431,-13.06,4.55,5.05,0.00,0.9710,19,None
2432,-13.06,4.55,5.05,0.00,0.9710,19,None
2433,-13.06,4.55,5.05,0.00,0.9710,19,None
2434,-13.06,4.55,5.05,0.00,0.9709,19,None
2435,-13.06,4.55,5.05,0.00,0.9709,19,None
2436,-13.06,4.55,5.05,0.00,0.9709,19,None
2437,-13.06,4.55,5.05,0.00,0.9709,19,None
2438,-13.06,4.55,5.05,0.00,0.9709,19,None
2439,-13.06,4.55,5.05,0.00,0.9709,19,None
2440,-13.06,4.55,5.05,0.00,0.9709,19,None
2441,-13.06,4.55,5.05,0.00,0.9709,19,None
2442,-13.06,4.55,5.05,0.00,0.9709,19,None
2443,-13.06,4.55,5.05,0.00,0.9709,19,None
2444,-13.01,4.55,5.05,0.54,0.9708,19,None
2445,-13.01,4.55,5.05,0.54,0.9708,19,None
2446,-13.01,4.55,5.05,0.54,0.9708,19,None
2447,-13.01,4.55,5.05,0.54,0.9708,19,None
2448,-12.90,4.55,5.05,1.53,0.9708,19,None
2449,-12.90,4.55,5.05,1.53,0.9708,19,None
2450,-12.79,4.56,5.04,2.19,0.9708,19,None
2451,-12.79,4.56,5.04,2.19,0.9708,19,None
2452,-12.68,4.56,5.04,2.73,0.9707,19,None
2453,-12.68,4.56,5.04,2.73,0.9707,19,None
2454,-12.68,4.56,5.04,2.73,0.9707,19,None
2455,-12.50,4.57,5.04,3.14,0.9707,19,None
2456,-12.50,4.57,5.04,3.14,0.9707,19,None
2457,-12.50,4.57,5.04,3.14,0.9707,19,None
2458,-12.25,4.57,5.04,3.70,0.9707,19,None
2459,-12.25,4.57,5.04,3.70,0.9707,19,None
2460,-12.25,4.57,5.04,3.70,0.9707,19,None
2461,-12.03,4.58,5.04,4.36,0.9706,19,None
2462,-11.90,4.58,5.04,4.88,0.9706,19,None
2463,-11.90,4.58,5.04,4.88,0.9706,19,None
2464,-11.75,4.59,5.03,5.14,0.9706,19,None
2465,-11.75,4.59,5.03,5.14,0.9706,19,None
2466,-11.75,4.59,5.03,5.14,0.9706,19,None
2467,-11.75,4.59,5.03,5.14,0.9706,19,None
2468,-11.75,4.59,5.03,5.14,0.9706,19,None
2469,-11.22,4.61,5.03,5.43,0.9706,19,None
2470,-11.22,4.61,5.03,5.43,0.9706,19,None
2471,-11.22,4.61,5.03,5.43,0.9706,19,None
2472,-10.82,4.62,5.03,6.41,0.9705,19,None
2473,-10.82,4.62,5.03,6.41,0.9705,19,None
2474,-10.82,4.62,5.03,6.41,0.9705,19,None
2475,-10.40,4.63,5.02,7.04,0.9705,19,None
2476,-10.40,4.63,5.02,7.04,0.9705,19,None
2477,-10.09,4.64,5.01,7.63,0.9705,19,None
2478,-9.91,4.64,5.01,8.04,0.9705,19,None
2479,-9.91,4.64,5.01,8.04,0.9705,19,None
2480,-9.51,4.66,5.01,8.26,0.9704,19,None
2481,-9.51,4.66,5.01,8.26,0.9704,19,None
2482,-9.51,4.66,5.01,8.26,0.9704,19,None
2483,-9.51,4.66,5.01,8.26,0.9704,19,None
2484,-9.51,4.66,5.01,8.26,0.9704,19,None
2485,-9.51,4.66,5.01,8.26,0.9704,19,None
2486,-8.54,4.69,5.01,8.75,0.9704,19,None
2487,-8.54,4.69,5.01,8.75,0.9704,19,None
2488,-8.54,4.69,5.01,8.75,0.9704,19,None
2489,-7.94,4.70,5.02,9.86,0.9703,19,None
2490,-7.94,4.70,5.02,9.86,0.9703,19,None
2491,-7.48,4.72,5.02,10.47,0.9703,19,None
2492,-7.48,4.72,5.02,10.47,0.9703,19,None
2493,-7.48,4.72,5.02,10.47,0.9703,19,None
2494,-7.48,4.72,5.02,10.47,0.9703,19,None
2495,-6.65,4.74,5.02,10.91,0.9703,19,None
2496,-6.65,4.74,5.02,10.91,0.9703,19,None
2497,-6.65,4.74,5.02,10.91,0.9703,19,None
2498,-5.95,4.76,5.03,11.67,0.9702,19,None
2499,-5.95,4.76,5.03,11.67,0.9702,19,None
2500,-5.39,4.78,5.03,12.26,0.9702,19,None
2501,-5.39,4.78,5.03,12.26,0.9702,19,None
2502,-5.39,4.78,5.03,12.26,0.9702,19,None
2503,-4.58,4.80,5.03,12.72,0.9702,19,None
2504,-4.58,4.80,5.03,12.72,0.9702,19,None
2505,-4.58,4.80,5.03,12.72,0.9702,19,None
2506,-4.58,4.80,5.03,12.72,0.9702,19,None
2507,-3.69,4.83,5.04,13.36,0.9701,19,None
2508,-3.69,4.83,5.04,13.36,0.9701,19,None
2509,-3.69,4.83,5.04,13.36,0.9701,19,None
2510,-3.69,4.83,5.04,13.36,0.9701,19,None
2511,-3.69,4.83,5.04,13.36,0.9701,19,None
2512,-2.29,4.87,5.04,14.03,0.9701,19,None
2513,-2.29,4.87,5.04,14.03,0.9701,19,None
2514,-2.29,4.87,5.04,14.03,0.9701,19,None
2515,-1.25,4.90,5.04,15.02,0.9700,19,None
2516,-1.25,4.90,5.04,15.02,0.9700,19,None
2517,-1.25,4.90,5.04,15.02,0.9700,19,None
2518,-1.25,4.90,5.04,15.02,0.9700,19,None
2519,-0.18,4.94,5.04,15.72,0.9700,19,None
2520,-0.18,4.94,5.04,15.72,0.9700,19,None
2521,-0.18,4.94,5.04,15.72,0.9700,19,None
2522,0.86,4.97,5.04,16.40,0.9700,19,None
2523,1.16,4.98,5.04,17.03,0.9700,19,None
2524,1.16,4.98,5.04,17.03,0.9700,19,None
2525,2.11,5.00,5.04,17.21,0.9699,19,None
2526,2.11,5.00,5.04,17.21,0.9699,19,None
2527,2.11,5.00,5.04,17.21,0.9699,19,None
2528,2.11,5.00,5.04,17.21,0.9699,19,None
2529,2.11,5.00,5.04,17.21,0.9699,19,None
2530,2.11,5.00,5.04,17.21,0.9699,19,None
2531,2.11,5.00,5.04,17.21,0.9699,19,None
2532,4.62,5.08,5.03,17.76,0.9699,19,None
2533,4.62,5.08,5.03,17.76,0.9699,19,None
2534,4.62,5.08,5.03,17.76,0.9699,19,None
2535,4.62,5.08,5.03,17.76,0.9699,19,None
2536,6.01,5.12,5.02,19.18,0.9698,19,None
2537,6.01,5.12,5.02,19.18,0.9698,19,None
2538,6.01,5.12,5.02,19.18,0.9698,19,None
2539,7.30,5.16,5.01,19.90,0.9698,19,None
2540,7.30,5.16,5.01,19.90,0.9698,19,None
2541,7.30,5.16,5.01,19.90,0.9698,19,None
2542,7.30,5.16,5.01,19.90,0.9698,19,None
2543,9.01,5.21,5.02,21.21,0.9697,19,None
2544,9.01,5.21,5.02,21.21,0.9697,19,None
2545,9.01,5.21,5.02,21.21,0.9697,19,None
2546,9.96,5.24,5.02,21.38,0.9697,19,None
2547,9.96,5.24,5.02,21.38,0.9697,19,None
2548,9.96,5.24,5.02,21.38,0.9697,19,None
2549,9.96,5.24,5.02,21.38,0.9697,19,None
2550,9.96,5.24,5.02,21.38,0.9697,19,None
2551,12.23,5.31,5.04,21.82,0.9696,19,None
2552,12.23,5.31,5.04,21.82,0.9696,19,None
2553,12.23,5.31,5.04,21.82,0.9696,19,None
2554,12.23,5.31,5.04,21.82,0.9696,19,None
2555,13.00,5.33,5.04,0.00,0.9696,19,None
2556,13.00,5.33,5.04,0.00,0.9696,19,None
2557,13.00,5.33,5.04,0.00,0.9696,19,None
2558,13.00,5.33,5.04,0.00,0.9696,19,None
2559,13.00,5.33,5.04,0.00,0.9696,19,None
2560,13.00,5.33,5.04,0.00,0.9696,19,None
2561,13.00,5.33,5.04,0.00,0.9695,19,None
2562,13.00,5.33,5.04,0.00,0.9695,19,None
2563,13.00,5.33,5.04,0.00,0.9695,19,None
2564,13.00,5.33,5.04,0.00,0.9695,19,None
2565,13.00,5.33,5.04,0.00,0.9695,19,None
2566,13.00,5.33,5.04,0.00,0.9695,19,None
2567,13.00,5.33,5.04,0.00,0.9695,19,None
2568,13.00,5.33,5.04,0.00,0.9695,19,None
2569,13.00,5.33,5.04,0.00,0.9695,19,None
2570,13.00,5.33,5.04,0.00,0.9695,19,None
2571,13.00,5.33,5.04,0.00,0.9694,19,None
2572,13.00,5.33,5.04,0.00,0.9694,19,None
2573,13.00,5.33,5.04,0.00,0.9694,19,None
2574,13.00,5.33,5.04,0.00,0.9694,19,None
2575,13.00,5.33,5.04,0.00,0.9694,19,None
2576,13.00,5.33,5.04,0.00,0.9694,19,None
2577,13.00,5.33,5.04,0.00,0.9694,19,None
2578,13.00,5.33,5.04,0.00,0.9694,19,None
2579,13.00,5.33,5.04,0.00,0.9693,19,None
2580,13.00,5.33,5.04,0.00,0.9693,19,None
2581,13.00,5.33,5.04,0.00,0.9693,19,None
2582,13.00,5.33,5.04,0.00,0.9693,19,None
2583,13.00,5.33,5.04,0.00,0.9693,19,None
2584,13.00,5.33,5.04,0.00,0.9693,19,None
2585,13.00,5.33,5.04,0.00,0.9693,19,None
2586,13.00,5.33,5.04,0.00,0.9693,19,None
2587,13.00,5.33,5.04,0.00,0.9692,19,None
2588,13.00,5.33,5.04,0.00,0.9692,19,None
2589,13.00,5.33,5.04,0.00,0.9692,19,None
2590,13.00,5.33,5.04,0.00,0.9692,19,None
2591,13.00,5.33,5.04,0.00,0.9692,19,None
2592,13.00,5.33,5.04,0.00,0.9692,19,None
2593,13.00,5.33,5.04,0.00,0.9692,19,None
2594,13.00,5.33,5.04,0.00,0.9692,19,None
2595,13.00,5.33,5.04,0.00,0.9692,19,None
2596,13.00,5.33,5.04,0.00,0.9692,19,None
2597,13.00,5.33,5.04,0.00,0.9692,19,None
2598,13.00,5.33,5.04,0.00,0.9691,19,None
2599,13.00,5.33,5.04,0.00,0.9691,19,None
2600,13.00,5.33,5.04,0.00,0.9691,19,None
2601,13.00,5.33,5.04,0.00,0.9691,19,None
2602,13.00,5.33,5.04,0.00,0.9691,19,None
2603,13.00,5.33,5.04,0.00,0.9691,19,None
2604,13.00,5.33,5.04,0.00,0.9691,19,None
2605,13.00,5.33,5.04,0.00,0.9691,19,None
2606,13.00,5.33,5.04,0.00,0.9690,19,None
2607,13.00,5.33,5.04,0.00,0.9690,19,None
2608,13.00,5.33,5.04,0.00,0.9690,19,None
2609,13.00,5.33,5.04,0.00,0.9690,19,None
2610,13.00,5.33,5.04,0.00,0.9690,19,None
2611,13.00,5.33,5.04,0.00,0.9690,19,None
2612,13.00,5.33,5.04,0.00,0.9690,19,None
2613,13.00,5.33,5.04,0.00,0.9690,19,None
2614,13.00,5.33,5.04,0.00,0.9689,19,None
2615,13.00,5.33,5.04,0.00,0.9689,19,None
2616,13.00,5.33,5.04,0.00,0.9689,19,None
2617,13.00,5.33,5.04,0.00,0.9689,19,None
2618,13.00,5.33,5.04,0.00,0.9689,19,None
2619,13.00,5.33,5.04,0.00,0.9689,19,None
2620,13.00,5.33,5.04,0.00,0.9689,19,None
2621,13.00,5.33,5.04,0.00,0.9689,19,None
2622,13.00,5.33,5.04,0.00,0.9689,19,None
2623,13.00,5.33,5.04,0.00,0.9689,19,None
2624,13.00,5.33,5.04,0.00,0.9689,19,None
2625,13.00,5.33,5.04,0.00,0.9688,19,None
2626,13.00,5.33,5.04,0.00,0.9688,19,None
2627,12.97,5.33,5.04,0.55,0.9688,19,None
2628,12.97,5.33,5.04,0.55,0.9688,19,None
2629,12.97,5.33,5.04,0.55,0.9688,19,None
2630,12.97,5.33,5.04,0.55,0.9688,19,None
2631,12.97,5.33,5.04,0.55,0.9688,19,None
2632,12.87,5.33,5.04,1.08,0.9687,19,None
2633,12.87,5.33,5.04,1.08,0.9687,19,None
2634,12.87,5.33,5.04,1.08,0.9687,19,None
2635,12.76,5.34,5.04,2.05,0.9687,19,None
2636,12.70,5.34,5.04,2.58,0.9687,19,None
2637,12.70,5.34,5.04,2.58,0.9687,19,None
2638,12.70,5.34,5.04,2.58,0.9687,19,None
2639,12.70,5.34,5.04,2.58,0.9687,19,None
2640,12.70,5.34,5.04,2.58,0.9687,19,None
2641,12.45,5.35,5.04,2.79,0.9687,19,None
2642,12.45,5.35,5.04,2.79,0.9687,19,None
2643,12.45,5.35,5.04,2.79,0.9687,19,None
2644,12.20,5.35,5.04,3.70,0.9686,19,None
2645,12.20,5.35,5.04,3.70,0.9686,19,None
2646,12.20,5.35,5.04,3.70,0.9686,19,None
2647,11.93,5.36,5.03,4.37,0.9686,19,None
2648,11.93,5.36,5.03,4.37,0.9686,19,None
2649,11.73,5.37,5.03,4.99,0.9686,19,None
2650,11.59,5.37,5.03,5.40,0.9685,19,None
2651,11.59,5.37,5.03,5.40,0.9685,19,None
2652,11.59,5.37,5.03,5.40,0.9685,19,None
2653,11.30,5.38,5.03,5.65,0.9685,19,None
2654,11.30,5.38,5.03,5.65,0.9685,19,None
2655,11.30,5.38,5.03,5.65,0.9685,19,None
2656,11.30,5.38,5.03,5.65,0.9685,19,None
2657,11.30,5.38,5.03,5.65,0.9685,19,None
2658,11.30,5.38,5.03,5.65,0.9685,19,None
2659,10.56,5.40,5.03,6.16,0.9684,19,None
2660,10.56,5.40,5.03,6.16,0.9684,19,None
2661,10.56,5.40,5.03,6.16,0.9684,19,None
2662,10.10,5.42,5.02,7.36,0.9684,19,None
2663,10.10,5.42,5.02,7.36,0.9684,19,None
2664,9.74,5.43,5.02,7.99,0.9684,19,None
2665,9.74,5.43,5.02,7.99,0.9684,19,None
2666,9.74,5.43,5.02,7.99,0.9684,19,None
2667,9.74,5.43,5.02,7.99,0.9684,19,None
2668,9.12,5.45,5.02,8.44,0.9683,19,None
2669,9.12,5.45,5.02,8.44,0.9683,19,None
2670,8.71,5.46,5.02,9.17,0.9683,19,None
2671,8.71,5.46,5.02,9.17,0.9683,19,None
2672,8.71,5.46,5.02,9.17,0.9683,19,None
2673,8.12,5.48,5.01,9.63,0.9683,19,None
2674,8.12,5.48,5.01,9.63,0.9683,19,None
2675,8.12,5.48,5.01,9.63,0.9683,19,None
2676,7.51,5.49,5.01,10.23,0.9683,19,None
2677,7.51,5.49,5.01,10.23,0.9683,19,None
2678,7.51,5.49,5.01,10.23,0.9683,19,None
2679,6.88,5.51,5.01,10.83,0.9682,19,None
2680,6.88,5.51,5.01,10.83,0.9682,19,None
2681,6.88,5.51,5.01,10.83,0.9682,19,None
2682,6.88,5.51,5.01,10.83,0.9682,19,None
2683,5.95,5.54,5.02,11.42,0.9682,19,None
2684,5.95,5.54,5.02,11.42,0.9682,19,None
2685,5.44,5.56,5.02,12.23,0.9682,19,None
2686,5.44,5.56,5.02,12.23,0.9682,19,None
2687,5.09,5.57,5.03,12.65,0.9681,19,None
2688,5.09,5.57,5.03,12.65,0.9681,19,None
2689,5.09,5.57,5.03,12.65,0.9681,19,None
2690,5.09,5.57,5.03,12.65,0.9681,19,None
2691,5.09,5.57,5.03,12.65,0.9681,19,None
2692,5.09,5.57,5.03,12.65,0.9681,19,None
2693,3.55,5.61,5.03,12.92,0.9681,19,None
2694,3.55,5.61,5.03,12.92,0.9681,19,None
2695,3.55,5.61,5.03,12.92,0.9681,19,None
2696,2.57,5.64,5.04,14.12,0.9680,19,None
2697,2.57,5.64,5.04,14.12,0.9680,19,None
2698,1.87,5.66,5.04,14.81,0.9680,19,None
2699,1.87,5.66,5.04,14.81,0.9680,19,None
2700,1.87,5.66,5.04,14.81,0.9680,19,None
2701,1.87,5.66,5.04,14.81,0.9680,19,None
2702,1.87,5.66,5.04,14.81,0.9680,19,None
2703,0.48,5.70,5.04,15.28,0.9680,19,None
2704,0.48,5.70,5.04,15.28,0.9680,19,None
2705,-0.30,5.73,5.04,16.19,0.9679,19,None
2706,-0.30,5.73,5.04,16.19,0.9679,19,None
2707,-0.30,5.73,5.04,16.19,0.9679,19,None
2708,-0.30,5.73,5.04,16.19,0.9679,19,None
2709,-1.53,5.76,5.04,16.67,0.9679,19,None
2710,-1.53,5.76,5.04,16.67,0.9679,19,None
2711,-1.53,5.76,5.04,16.67,0.9679,19,None
2712,-1.53,5.76,5.04,16.67,0.9679,19,None
2713,-1.53,5.76,5.04,16.67,0.9679,19,None
2714,-3.18,5.81,5.04,17.41,0.9678,19,None
2715,-3.18,5.81,5.04,17.41,0.9678,19,None
2716,-3.18,5.81,5.04,17.41,0.9678,19,None
2717,-4.48,5.85,5.03,18.36,0.9678,19,None
2718,-4.48,5.85,5.03,18.36,0.9678,19,None
2719,-4.48,5.85,5.03,18.36,0.9678,19,None
2720,-5.33,5.88,5.03,19.07,0.9678,19,None
2721,-5.33,5.88,5.03,19.07,0.9678,19,None
2722,-5.33,5.88,5.03,19.07,0.9678,19,None
2723,-6.66,5.92,5.02,19.52,0.9677,19,None
2724,-6.66,5.92,5.02,19.52,0.9677,19,None
2725,-6.66,5.92,5.02,19.52,0.9677,19,None
2726,-6.66,5.92,5.02,19.52,0.9677,19,None
2727,-6.66,5.92,5.02,19.52,0.9677,19,None
2728,-8.67,5.98,5.01,20.20,0.9677,19,None
2729,-8.67,5.98,5.01,20.20,0.9677,19,None
2730,-9.59,6.01,5.01,21.20,0.9677,19,None
2731,-9.59,6.01,5.01,21.20,0.9677,19,None
2732,-9.59,6.01,5.01,21.20,0.9677,19,None
2733,-10.92,6.05,5.02,21.63,0.9676,19,None
2734,-10.92,6.05,5.02,21.63,0.9676,19,None
2735,-10.92,6.05,5.02,21.63,0.9676,19,None
2736,-10.92,6.05,5.02,21.63,0.9676,19,None
2737,-12.66,6.10,5.05,22.25,0.9676,19,None
2738,-12.66,6.10,5.05,22.25,0.9676,19,None
2739,-13.06,6.11,5.05,0.00,0.9676,19,None
2740,-13.06,6.11,5.05,0.00,0.9675,19,None
2741,-13.06,6.11,5.05,0.00,0.9675,19,None
2742,-13.06,6.11,5.05,0.00,0.9675,19,None
2743,-13.06,6.11,5.05,0.00,0.9675,19,None
2744,-13.06,6.11,5.05,0.00,0.9675,19,None
2745,-13.06,6.11,5.05,0.00,0.9675,19,None
2746,-13.06,6.11,5.05,0.00,0.9675,19,None
2747,-13.06,6.11,5.05,0.00,0.9675,19,None
2748,-13.06,6.11,5.05,0.00,0.9675,19,None
2749,-13.06,6.11,5.05,0.00,0.9675,19,None
2750,-13.06,6.11,5.05,0.00,0.9674,19,None
2751,-13.06,6.11,5.05,0.00,0.9674,19,None
2752,-13.06,6.11,5.05,0.00,0.9674,19,None
2753,-13.06,6.11,5.05,0.00,0.9674,19,None
2754,-13.06,6.11,5.05,0.00,0.9674,19,None
2755,-13.06,6.11,5.05,0.00,0.9674,19,None
2756,-13.06,6.11,5.05,0.00,0.9674,19,None
2757,-13.06,6.11,5.05,0.00,0.9674,19,None
2758,-13.06,6.11,5.05,0.00,0.9674,19,None
2759,-13.06,6.11,5.05,0.00,0.9673,19,None
2760,-13.06,6.11,5.05,0.00,0.9673,19,None
2761,-13.06,6.11,5.05,0.00,0.9673,19,None
2762,-13.06,6.11,5.05,0.00,0.9673,19,None
2763,-13.06,6.11,5.05,0.00,0.9673,19,None
2764,-13.06,6.11,5.05,0.00,0.9673,19,None
2765,-13.06,6.11,5.05,0.00,0.9673,19,None
2766,-13.06,6.11,5.05,0.00,0.9673,19,None
2767,-13.06,6.11,5.05,0.00,0.9672,19,None
2768,-13.06,6.11,5.05,0.00,0.9672,19,None
2769,-13.06,6.11,5.05,0.00,0.9672,19,None
2770,-13.06,6.11,5.05,0.00,0.9672,19,None
2771,-13.06,6.11,5.05,0.00,0.9672,19,None
2772,-13.06,6.11,5.05,0.00,0.9672,19,None
2773,-13.06,6.11,5.05,0.00,0.9672,19,None
2774,-13.06,6.11,5.05,0.00,0.9672,19,None
2775,-13.06,6.11,5.05,0.00,0.9672,19,None
2776,-13.06,6.11,5.05,0.00,0.9672,19,None
2777,-13.06,6.11,5.05,0.00,0.9672,19,None
2778,-13.06,6.11,5.05,0.00,0.9671,19,None
2779,-13.06,6.11,5.05,0.00,0.9671,19,None
2780,-13.06,6.11,5.05,0.00,0.9671,19,None
2781,-13.06,6.11,5.05,0.00,0.9671,19,None
2782,-13.06,6.11,5.05,0.00,0.9671,19,None
2783,-13.06,6.11,5.05,0.00,0.9671,19,None
2784,-13.06,6.11,5.05,0.00,0.9671,19,None
2785,-13.06,6.11,5.05,0.00,0.9671,19,None
2786,-13.06,6.11,5.05,0.00,0.9670,19,None
2787,-13.06,6.11,5.05,0.00,0.9670,19,None
2788,-13.06,6.11,5.05,0.00,0.9670,19,None
2789,-13.06,6.11,5.05,0.00,0.9670,19,None
2790,-13.06,6.11,5.05,0.00,0.9670,19,None
2791,-13.06,6.11,5.05,0.00,0.9670,19,None
2792,-13.06,6.11,5.05,0.00,0.9670,19,None
2793,-13.06,6.11,5.05,0.00,0.9670,19,None
2794,-13.06,6.11,5.05,0.00,0.9669,19,None
2795,-13.06,6.11,5.05,0.00,0.9669,19,None
2796,-13.06,6.11,5.05,0.00,0.9669,19,None
2797,-13.06,6.11,5.05,0.00,0.9669,19,None
2798,-13.06,6.11,5.05,0.00,0.9669,19,None
2799,-13.06,6.11,5.05,0.00,0.9669,19,None
2800,-13.06,6.11,5.05,0.00,0.9669,19,None
2801,-13.06,6.11,5.05,0.00,0.9669,19,None
2802,-13.06,6.11,5.05,0.00,0.9669,19,None
2803,-13.06,6.11,5.05,0.00,0.9669,19,None
2804,-13.06,6.11,5.05,0.00,0.9669,19,None
2805,-13.06,6.11,5.05,0.00,0.9668,19,None
2806,-13.06,6.11,5.05,0.00,0.9668,19,None
2807,-13.06,6.11,5.05,0.00,0.9668,19,None
2808,-13.06,6.11,5.05,0.00,0.9668,19,None
2809,-13.06,6.11,5.05,0.00,0.9668,19,None
2810,-13.06,6.11,5.05,0.00,0.9668,19,None
2811,-13.06,6.11,5.05,0.00,0.9668,19,None
2812,-13.06,6.11,5.05,0.00,0.9668,19,None
2813,-13.03,6.11,5.05,0.55,0.9667,19,None
2814,-13.03,6.11,5.05,0.55,0.9667,19,None
2815,-13.03,6.11,5.05,0.55,0.9667,19,None
2816,-12.97,6.11,5.05,1.09,0.9667,19,None
2817,-12.97,6.11,5.05,1.09,0.9667,19,None
2818,-12.97,6.11,5.05,1.09,0.9667,19,None
2819,-12.88,6.12,5.05,1.64,0.9667,19,None
2820,-12.88,6.12,5.05,1.64,0.9667,19,None
2821,-12.88,6.12,5.05,1.64,0.9667,19,None
2822,-12.88,6.12,5.05,1.64,0.9667,19,None
2823,-12.67,6.12,5.05,2.18,0.9666,19,None
2824,-12.67,6.12,5.05,2.18,0.9666,19,None
2825,-12.67,6.12,5.05,2.18,0.9666,19,None
2826,-12.51,6.13,5.04,3.15,0.9666,19,None
2827,-12.51,6.13,5.04,3.15,0.9666,19,None
2828,-12.51,6.13,5.04,3.15,0.9666,19,None
2829,-12.31,6.13,5.04,3.67,0.9666,19,None
2830,-12.31,6.13,5.04,3.67,0.9666,19,None
2831,-12.31,6.13,5.04,3.67,0.9666,19,None
2832,-12.02,6.14,5.04,4.19,0.9665,19,None
2833,-12.02,6.14,5.04,4.19,0.9665,19,None
2834,-11.82,6.15,5.04,4.90,0.9665,19,None
2835,-11.71,6.15,5.04,5.30,0.9665,19,None
2836,-11.71,6.15,5.04,5.30,0.9665,19,None
2837,-11.46,6.16,5.03,5.51,0.9665,19,None
2838,-11.46,6.16,5.03,5.51,0.9665,19,None
2839,-11.46,6.16,5.03,5.51,0.9665,19,None
2840,-11.46,6.16,5.03,5.51,0.9665,19,None
2841,-11.46,6.16,5.03,5.51,0.9665,19,None
2842,-11.46,6.16,5.03,5.51,0.9665,19,None
2843,-10.83,6.18,5.02,5.96,0.9664,19,None
2844,-10.83,6.18,5.02,5.96,0.9664,19,None
2845,-10.83,6.18,5.02,5.96,0.9664,19,None
2846,-10.43,6.19,5.02,7.03,0.9664,19,None
2847,-10.43,6.19,5.02,7.03,0.9664,19,None
2848,-10.10,6.20,5.01,7.60,0.9663,19,None
2849,-10.10,6.20,5.01,7.60,0.9663,19,None
2850,-10.10,6.20,5.01,7.60,0.9663,19,None
2851,-9.56,6.21,5.01,8.03,0.9663,19,None
2852,-9.56,6.21,5.01,8.03,0.9663,19,None
2853,-9.17,6.23,5.01,8.71,0.9663,19,None
2854,-9.17,6.23,5.01,8.71,0.9663,19,None
2855,-9.17,6.23,5.01,8.71,0.9663,19,None
2856,-8.63,6.24,5.01,9.15,0.9663,19,None
2857,-8.63,6.24,5.01,9.15,0.9663,19,None
2858,-8.63,6.24,5.01,9.15,0.9663,19,None
2859,-8.08,6.26,5.02,9.74,0.9662,19,None
2860,-8.08,6.26,5.02,9.74,0.9662,19,None
2861,-8.08,6.26,5.02,9.74,0.9662,19,None
2862,-7.49,6.28,5.02,10.30,0.9662,19,None
2863,-7.49,6.28,5.02,10.30,0.9662,19,None
2864,-7.49,6.28,5.02,10.30,0.9662,19,None
2865,-7.49,6.28,5.02,10.30,0.9662,19,None
2866,-6.63,6.30,5.02,10.87,0.9661,19,None
2867,-6.63,6.30,5.02,10.87,0.9661,19,None
2868,-6.14,6.32,5.03,11.67,0.9661,19,None
2869,-5.83,6.33,5.03,12.09,0.9661,19,None
2870,-5.83,6.33,5.03,12.09,0.9661,19,None
2871,-5.83,6.33,5.03,12.09,0.9661,19,None
2872,-5.83,6.33,5.03,12.09,0.9661,19,None
2873,-5.83,6.33,5.03,12.09,0.9661,19,None
2874,-4.60,6.36,5.03,12.35,0.9661,19,None
2875,-4.60,6.36,5.03,12.35,0.9661,19,None
2876,-4.60,6.36,5.03,12.35,0.9661,19,None
2877,-4.60,6.36,5.03,12.35,0.9661,19,None
2878,-4.60,6.36,5.03,12.35,0.9661,19,None
2879,-3.36,6.40,5.04,13.34,0.9660,19,None
2880,-3.36,6.40,5.04,13.34,0.9660,19,None
2881,-2.71,6.42,5.04,14.27,0.9660,19,None
2882,-2.71,6.42,5.04,14.27,0.9660,19,None
2883,-2.71,6.42,5.04,14.27,0.9660,19,None
2884,-2.71,6.42,5.04,14.27,0.9660,19,None
2885,-1.68,6.45,5.04,14.73,0.9659,19,None
2886,-1.68,6.45,5.04,14.73,0.9659,19,None
2887,-1.68,6.45,5.04,14.73,0.9659,19,None
2888,-1.68,6.45,5.04,14.73,0.9659,19,None
2889,-1.68,6.45,5.04,14.73,0.9659,19,None
2890,-0.20,6.49,5.04,15.43,0.9659,19,None
2891,-0.20,6.49,5.04,15.43,0.9659,19,None
2892,0.51,6.52,5.04,16.38,0.9659,19,None
2893,0.51,6.52,5.04,16.38,0.9659,19,None
2894,0.51,6.52,5.04,16.38,0.9659,19,None
2895,1.66,6.55,5.04,16.82,0.9658,19,None
2896,1.66,6.55,5.04,16.82,0.9658,19,None
2897,1.66,6.55,5.04,16.82,0.9658,19,None
2898,1.66,6.55,5.04,16.82,0.9658,19,None
2899,1.66,6.55,5.04,16.82,0.9658,19,None
2900,3.45,6.60,5.04,17.50,0.9658,19,None
2901,3.45,6.60,5.04,17.50,0.9658,19,None
2902,4.26,6.63,5.03,18.53,0.9657,19,None
2903,4.26,6.63,5.03,18.53,0.9657,19,None
2904,4.26,6.63,5.03,18.53,0.9657,19,None
2905,4.26,6.63,5.03,18.53,0.9657,19,None
2906,5.57,6.67,5.02,18.97,0.9657,19,None
2907,5.57,6.67,5.02,18.97,0.9657,19,None
2908,5.57,6.67,5.02,18.97,0.9657,19,None
2909,5.57,6.67,5.02,18.97,0.9657,19,None
2910,5.57,6.67,5.02,18.97,0.9657,19,None
2911,7.43,6.72,5.01,19.65,0.9657,19,None
2912,7.43,6.72,5.01,19.65,0.9657,19,None
2913,8.33,6.75,5.01,20.60,0.9656,19,None
2914,8.33,6.75,5.01,20.60,0.9656,19,None
2915,8.33,6.75,5.01,20.60,0.9656,19,None
2916,9.65,6.79,5.02,21.04,0.9656,19,None
2917,9.65,6.79,5.02,21.04,0.9656,19,None
2918,9.65,6.79,5.02,21.04,0.9656,19,None
2919,9.65,6.79,5.02,21.04,0.9656,19,None
2920,11.43,6.84,5.03,21.67,0.9655,19,None
2921,11.43,6.84,5.03,21.67,0.9655,19,None
2922,12.37,6.87,5.04,22.49,0.9655,19,None
2923,12.93,6.89,5.04,22.91,0.9655,19,None
2924,12.93,6.89,5.04,22.91,0.9655,19,None
2925,12.93,6.89,5.04,22.91,0.9655,19,None
2926,12.93,6.89,5.04,22.91,0.9655,19,None
2927,12.93,6.89,5.04,22.91,0.9655,19,None
2928,13.00,6.89,5.04,0.00,0.9655,19,None
2929,13.00,6.89,5.04,0.00,0.9655,19,None
2930,13.00,6.89,5.04,0.00,0.9655,19,None
2931,13.00,6.89,5.04,0.00,0.9655,19,None
2932,13.00,6.89,5.04,0.00,0.9654,19,None
2933,13.00,6.89,5.04,0.00,0.9654,19,None
2934,13.00,6.89,5.04,0.00,0.9654,19,None
2935,13.00,6.89,5.04,0.00,0.9654,19,None
2936,13.00,6.89,5.04,0.00,0.9654,19,None
2937,13.00,6.89,5.04,0.00,0.9654,19,None
2938,13.00,6.89,5.04,0.00,0.9654,19,None
2939,13.00,6.89,5.04,0.00,0.9654,19,None
2940,13.00,6.89,5.04,0.00,0.9654,19,None
2941,13.00,6.89,5.04,0.00,0.9653,19,None
2942,13.00,6.89,5.04,0.00,0.9653,19,None
2943,13.00,6.89,5.04,0.00,0.9653,19,None
2944,13.00,6.89,5.04,0.00,0.9653,19,None
2945,13.00,6.89,5.04,0.00,0.9653,19,None
2946,13.00,6.89,5.04,0.00,0.9653,19,None
2947,13.00,6.89,5.04,0.00,0.9652,19,None
2948,13.00,6.89,5.04,0.00,0.9652,19,None
2949,13.00,6.89,5.04,0.00,0.9652,19,None
2950,13.00,6.89,5.04,0.00,0.9652,19,None
2951,13.00,6.89,5.04,0.00,0.9652,19,None
2952,13.00,6.89,5.04,0.00,0.9652,19,None
2953,13.00,6.89,5.04,0.00,0.9652,19,None
2954,13.00,6.89,5.04,0.00,0.9652,19,None
2955,13.00,6.89,5.04,0.00,0.9652,19,None
2956,13.00,6.89,5.04,0.00,0.9651,19,None
2957,13.00,6.89,5.04,0.00,0.9651,19,None
2958,13.00,6.89,5.04,0.00,0.9651,19,None
2959,13.00,6.89,5.04,0.00,0.9651,19,None
2960,13.00,6.89,5.04,0.00,0.9651,19,None
2961,13.00,6.89,5.04,0.00,0.9651,19,None
2962,13.00,6.89,5.04,0.00,0.9651,19,None
2963,13.00,6.89,5.04,0.00,0.9651,19,None
2964,13.00,6.89,5.04,0.00,0.9651,19,None
2965,13.00,6.89,5.04,0.00,0.9650,19,None
2966,13.00,6.89,5.04,0.00,0.9650,19,None
2967,13.00,6.89,5.04,0.00,0.9650,19,None
2968,13.00,6.89,5.04,0.00,0.9650,19,None
2969,13.00,6.89,5.04,0.00,0.9650,19,None
2970,13.00,6.89,5.04,0.00,0.9650,19,None
2971,13.00,6.89,5.04,0.00,0.9650,19,None
2972,13.00,6.89,5.04,0.00,0.9650,19,None
2973,13.00,6.89,5.04,0.00,0.9650,19,None
2974,13.00,6.89,5.04,0.00,0.9649,19,None
2975,13.00,6.89,5.04,0.00,0.9649,19,None
2976,13.00,6.89,5.04,0.00,0.9649,19,None
2977,13.00,6.89,5.04,0.00,0.9649,19,None
2978,13.00,6.89,5.04,0.00,0.9649,19,None
2979,13.00,6.89,5.04,0.00,0.9649,19,None
2980,13.00,6.89,5.04,0.00,0.9649,19,None
2981,13.00,6.89,5.04,0.00,0.9649,19,None
2982,13.00,6.89,5.04,0.00,0.9649,19,None
2983,13.00,6.89,5.04,0.00,0.9648,19,None
2984,13.00,6.89,5.04,0.00,0.9648,19,None
2985,13.00,6.89,5.04,0.00,0.9648,19,None
2986,13.00,6.89,5.04,0.00,0.9648,19,None
2987,13.00,6.89,5.04,0.00,0.9648,19,None
2988,13.00,6.89,5.04,0.00,0.9648,19,None
2989,13.00,6.89,5.04,0.00,0.9648,19,None
2990,13.00,6.89,5.04,0.00,0.9648,19,None
2991,13.00,6.89,5.04,0.00,0.9648,19,None
2992,13.00,6.89,5.04,0.00,0.9647,19,None
2993,13.00,6.89,5.04,0.00,0.9647,19,None
2994,13.00,6.89,5.04,0.00,0.9647,19,None
2995,12.96,6.89,5.04,0.60,0.9647,19,None
2996,12.96,6.89,5.04,0.60,0.9647,19,None
2997,12.96,6.89,5.04,0.60,0.9647,19,None
2998,12.89,6.89,5.04,1.19,0.9647,19,None
2999,12.89,6.89,5.04,1.19,0.9647,19,None
3000,12.89,6.89,5.04,1.19,0.9647,19,None
3001,12.79,6.90,5.04,1.79,0.9646,19,None
3002,12.79,6.90,5.04,1.79,0.9646,19,None
3003,12.79,6.90,5.04,1.79,0.9646,19,None
3004,12.79,6.90,5.04,1.79,0.9646,19,None
3005,12.79,6.90,5.04,1.79,0.9646,19,None
3006,12.54,6.90,5.04,2.39,0.9646,19,None
3007,12.54,6.90,5.04,2.39,0.9646,19,None
3008,12.54,6.90,5.04,2.39,0.9646,19,None
3009,12.54,6.90,5.04,2.39,0.9646,19,None
3010,12.29,6.91,5.04,3.42,0.9646,19,None
3011,12.29,6.91,5.04,3.42,0.9646,19,None
3012,12.29,6.91,5.04,3.42,0.9646,19,None
3013,12.02,6.92,5.03,4.15,0.9645,19,None
3014,12.02,6.92,5.03,4.15,0.9645,19,None
3015,11.82,6.93,5.03,4.80,0.9645,19,None
3016,11.68,6.93,5.03,5.22,0.9645,19,None
3017,11.68,6.93,5.03,5.22,0.9645,19,None
3018,11.68,6.93,5.03,5.22,0.9645,19,None
3019,11.68,6.93,5.03,5.22,0.9645,19,None
3020,11.68,6.93,5.03,5.22,0.9645,19,None
3021,11.17,6.94,5.03,5.48,0.9644,19,None
3022,11.17,6.94,5.03,5.48,0.9644,19,None
3023,11.17,6.94,5.03,5.48,0.9644,19,None
3024,11.17,6.94,5.03,5.48,0.9644,19,None
3025,10.64,6.96,5.03,6.42,0.9644,19,None
3026,10.64,6.96,5.03,6.42,0.9644,19,None
3027,10.34,6.97,5.03,7.24,0.9644,19,None
3028,10.34,6.97,5.03,7.24,0.9644,19,None
3029,10.34,6.97,5.03,7.24,0.9644,19,None
3030,9.89,6.98,5.02,7.66,0.9643,19,None
3031,9.89,6.98,5.02,7.66,0.9643,19,None
3032,9.89,6.98,5.02,7.66,0.9643,19,None
3033,9.89,6.98,5.02,7.66,0.9643,19,None
3034,9.22,7.00,5.02,8.25,0.9643,19,None
3035,9.22,7.00,5.02,8.25,0.9643,19,None
3036,8.84,7.01,5.02,9.06,0.9643,19,None
3037,8.61,7.02,5.02,9.48,0.9642,19,None
3038,8.61,7.02,5.02,9.48,0.9642,19,None
3039,8.61,7.02,5.02,9.48,0.9642,19,None
3040,8.61,7.02,5.02,9.48,0.9642,19,None
3041,8.61,7.02,5.02,9.48,0.9642,19,None
3042,7.71,7.05,5.01,9.72,0.9642,19,None
3043,7.71,7.05,5.01,9.72,0.9642,19,None
3044,7.71,7.05,5.01,9.72,0.9642,19,None
3045,7.71,7.05,5.01,9.72,0.9642,19,None
3046,6.83,7.07,5.02,10.65,0.9641,19,None
3047,6.83,7.07,5.02,10.65,0.9641,19,None
3048,6.34,7.09,5.02,11.47,0.9641,19,None
3049,6.34,7.09,5.02,11.47,0.9641,19,None
3050,6.34,7.09,5.02,11.47,0.9641,19,None
3051,5.63,7.11,5.02,11.90,0.9641,19,None
3052,5.63,7.11,5.02,11.90,0.9641,19,None
3053,5.63,7.11,5.02,11.90,0.9641,19,None
3054,5.63,7.11,5.02,11.90,0.9641,19,None
3055,5.63,7.11,5.02,11.90,0.9641,19,None
3056,4.55,7.14,5.03,12.50,0.9640,19,None
3057,4.55,7.14,5.03,12.50,0.9640,19,None
3058,3.97,7.16,5.03,13.37,0.9640,19,None
3059,3.56,7.17,5.04,13.79,0.9640,19,None
3060,3.56,7.17,5.04,13.79,0.9640,19,None
3061,3.56,7.17,5.04,13.79,0.9640,19,None
3062,3.56,7.17,5.04,13.79,0.9640,19,None
3063,3.56,7.17,5.04,13.79,0.9640,19,None
3064,3.56,7.17,5.04,13.79,0.9640,19,None
3065,3.56,7.17,5.04,13.79,0.9640,19,None
3066,1.78,7.23,5.04,14.10,0.9639,19,None
3067,1.78,7.23,5.04,14.10,0.9639,19,None
3068,1.78,7.23,5.04,14.10,0.9639,19,None
3069,0.68,7.26,5.04,15.36,0.9639,19,None
3070,0.68,7.26,5.04,15.36,0.9639,19,None
3071,0.68,7.26,5.04,15.36,0.9639,19,None
3072,-0.09,7.28,5.04,16.08,0.9639,19,None
3073,-0.09,7.28,5.04,16.08,0.9639,19,None
3074,-0.09,7.28,5.04,16.08,0.9639,19,None
3075,-0.09,7.28,5.04,16.08,0.9639,19,None
3076,-1.66,7.33,5.04,16.56,0.9638,19,None
3077,-1.66,7.33,5.04,16.56,0.9638,19,None
3078,-1.66,7.33,5.04,16.56,0.9638,19,None
3079,-2.52,7.35,5.04,17.50,0.9638,19,None
3080,-2.52,7.35,5.04,17.50,0.9638,19,None
3081,-2.52,7.35,5.04,17.50,0.9638,19,None
3082,-3.82,7.39,5.04,18.00,0.9637,19,None
3083,-3.82,7.39,5.04,18.00,0.9637,19,None
3084,-3.82,7.39,5.04,18.00,0.9637,19,None
3085,-3.82,7.39,5.04,18.00,0.9637,19,None
3086,-3.82,7.39,5.04,18.00,0.9637,19,None
3087,-5.48,7.44,5.03,18.72,0.9637,19,None
3088,-5.48,7.44,5.03,18.72,0.9637,19,None
3089,-5.48,7.44,5.03,18.72,0.9637,19,None
3090,-5.48,7.44,5.03,18.72,0.9637,19,None
3091,-6.93,7.49,5.02,19.60,0.9637,19,None
3092,-6.93,7.49,5.02,19.60,0.9637,19,None
3093,-7.86,7.51,5.02,20.35,0.9636,19,None
3094,-7.86,7.51,5.02,20.35,0.9636,19,None
3095,-7.86,7.51,5.02,20.35,0.9636,19,None
3096,-9.22,7.55,5.01,20.80,0.9636,19,None
3097,-9.22,7.55,5.01,20.80,0.9636,19,None
3098,-9.22,7.55,5.01,20.80,0.9636,19,None
3099,-9.22,7.55,5.01,20.80,0.9636,19,None
3100,-10.98,7.61,5.02,21.45,0.9635,19,None
3101,-10.98,7.61,5.02,21.45,0.9635,19,None
3102,-11.91,7.64,5.04,22.28,0.9635,19,None
3103,-12.45,7.65,5.05,22.69,0.9635,19,None
3104,-12.45,7.65,5.05,22.69,0.9635,19,None
3105,-12.45,7.65,5.05,22.69,0.9635,19,None
3106,-12.45,7.65,5.05,22.69,0.9635,19,None
3107,-12.45,7.65,5.05,22.69,0.9635,19,None
3108,-13.06,7.67,5.05,0.00,0.9635,19,None
3109,-13.06,7.67,5.05,0.00,0.9635,19,None
3110,-13.06,7.67,5.05,0.00,0.9635,19,None
3111,-13.06,7.67,5.05,0.00,0.9634,19,None
3112,-13.06,7.67,5.05,0.00,0.9634,19,None
3113,-13.06,7.67,5.05,0.00,0.9634,19,None
3114,-13.06,7.67,5.05,0.00,0.9634,19,None
3115,-13.06,7.67,5.05,0.00,0.9634,19,None
3116,-13.06,7.67,5.05,0.00,0.9634,19,None
3117,-13.06,7.67,5.05,0.00,0.9634,19,None
3118,-13.06,7.67,5.05,0.00,0.9634,19,None
3119,-13.06,7.67,5.05,0.00,0.9633,19,None
3120,-13.06,7.67,5.05,0.00,0.9633,19,None
3121,-13.06,7.67,5.05,0.00,0.9633,19,None
3122,-13.06,7.67,5.05,0.00,0.9633,19,None
3123,-13.06,7.67,5.05,0.00,0.9633,19,None
3124,-13.06,7.67,5.05,0.00,0.9633,19,None
3125,-13.06,7.67,5.05,0.00,0.9633,19,None
3126,-13.06,7.67,5.05,0.00,0.9633,19,None
3127,-13.06,7.67,5.05,0.00,0.9632,19,None
3128,-13.06,7.67,5.05,0.00,0.9632,19,None
3129,-13.06,7.67,5.05,0.00,0.9632,19,None
3130,-13.06,7.67,5.05,0.00,0.9632,19,None
3131,-13.06,7.67,5.05,0.00,0.9632,19,None
3132,-13.06,7.67,5.05,0.00,0.9632,19,None
3133,-13.06,7.67,5.05,0.00,0.9632,19,None
3134,-13.06,7.67,5.05,0.00,0.9632,19,None
3135,-13.06,7.67,5.05,0.00,0.9632,19,None
3136,-13.06,7.67,5.05,0.00,0.9632,19,None
3137,-13.06,7.67,5.05,0.00,0.9632,19,None
3138,-13.06,7.67,5.05,0.00,0.9631,19,None
3139,-13.06,7.67,5.05,0.00,0.9631,19,None
3140,-13.06,7.67,5.05,0.00,0.9631,19,None
3141,-13.06,7.67,5.05,0.00,0.9631,19,None
3142,-13.06,7.67,5.05,0.00,0.9631,19,None
3143,-13.06,7.67,5.05,0.00,0.9631,19,None
3144,-13.06,7.67,5.05,0.00,0.9631,19,None
3145,-13.06,7.67,5.05,0.00,0.9631,19,None
3146,-13.06,7.67,5.05,0.00,0.9630,19,None
3147,-13.06,7.67,5.05,0.00,0.9630,19,None
3148,-13.06,7.67,5.05,0.00,0.9630,19,None
3149,-13.06,7.67,5.05,0.00,0.9630,19,None
3150,-13.06,7.67,5.05,0.00,0.9630,19,None
3151,-13.06,7.67,5.05,0.00,0.9630,19,None
3152,-13.06,7.67,5.05,0.00,0.9630,19,None
3153,-13.06,7.67,5.05,0.00,0.9630,19,None
3154,-13.06,7.67,5.05,0.00,0.9629,19,None
3155,-13.06,7.67,5.05,0.00,0.9629,19,None
3156,-13.06,7.67,5.05,0.00,0.9629,19,None
3157,-13.06,7.67,5.05,0.00,0.9629,19,None
3158,-13.06,7.67,5.05,0.00,0.9629,19,None
3159,-13.06,7.67,5.05,0.00,0.9629,19,None
3160,-13.06,7.67,5.05,0.00,0.9629,19,None
3161,-13.06,7.67,5.05,0.00,0.9629,19,None
3162,-13.06,7.67,5.05,0.00,0.9629,19,None
3163,-13.06,7.67,5.05,0.00,0.9629,19,None
3164,-13.06,7.67,5.05,0.00,0.9629,19,None
3165,-13.06,7.67,5.05,0.00,0.9628,19,None
3166,-13.06,7.67,5.05,0.00,0.9628,19,None
3167,-13.06,7.67,5.05,0.00,0.9628,19,None
3168,-13.06,7.67,5.05,0.00,0.9628,19,None
3169,-13.06,7.67,5.05,0.00,0.9628,19,None
3170,-13.06,7.67,5.05,0.00,0.9628,19,None
3171,-13.06,7.67,5.05,0.00,0.9628,19,None
3172,-13.06,7.67,5.05,0.00,0.9628,19,None
3173,-13.06,7.67,5.05,0.00,0.9627,19,None
3174,-13.06,7.67,5.05,0.00,0.9627,19,None
3175,-13.06,7.67,5.05,0.00,0.9627,19,None
3176,-13.06,7.67,5.05,0.00,0.9627,19,None
3177,-13.06,7.67,5.05,0.00,0.9627,19,None
3178,-13.06,7.67,5.05,0.00,0.9627,19,None
3179,-13.06,7.67,5.05,0.00,0.9627,19,None
3180,-13.06,7.67,5.05,0.00,0.9627,19,None
3181,-13.03,7.67,5.05,0.53,0.9626,19,None
3182,-13.03,7.67,5.05,0.53,0.9626,19,None
3183,-13.03,7.67,5.05,0.53,0.9626,19,None
3184,-12.98,7.67,5.05,1.06,0.9626,19,None
3185,-12.98,7.67,5.05,1.06,0.9626,19,None
3186,-12.98,7.67,5.05,1.06,0.9626,19,None
3187,-12.98,7.67,5.05,1.06,0.9626,19,None
3188,-12.82,7.68,5.05,1.59,0.9626,19,None
3189,-12.82,7.68,5.05,1.59,0.9626,19,None
3190,-12.82,7.68,5.05,1.59,0.9626,19,None
3191,-12.82,7.68,5.05,1.59,0.9626,19,None
3192,-12.66,7.68,5.05,2.56,0.9625,19,None
3193,-12.66,7.68,5.05,2.56,0.9625,19,None
3194,-12.48,7.69,5.05,3.19,0.9625,19,None
3195,-12.48,7.69,5.05,3.19,0.9625,19,None
3196,-12.33,7.69,5.05,3.77,0.9625,19,None
3197,-12.33,7.69,5.05,3.77,0.9625,19,None
3198,-12.24,7.69,5.04,4.17,0.9625,19,None
3199,-12.24,7.69,5.04,4.17,0.9625,19,None
3200,-12.04,7.70,5.04,4.37,0.9624,19,None
3201,-12.04,7.70,5.04,4.37,0.9624,19,None
3202,-12.04,7.70,5.04,4.37,0.9624,19,None
3203,-12.04,7.70,5.04,4.37,0.9624,19,None
3204,-12.04,7.70,5.04,4.37,0.9624,19,None
3205,-11.53,7.72,5.03,4.84,0.9624,19,None
3206,-11.53,7.72,5.03,4.84,0.9624,19,None
3207,-11.53,7.72,5.03,4.84,0.9624,19,None
3208,-11.20,7.73,5.02,5.89,0.9623,19,None
3209,-11.20,7.73,5.02,5.89,0.9623,19,None
3210,-10.92,7.73,5.02,6.45,0.9623,19,None
3211,-10.92,7.73,5.02,6.45,0.9623,19,None
3212,-10.92,7.73,5.02,6.45,0.9623,19,None
3213,-10.47,7.75,5.02,6.88,0.9623,19,None
3214,-10.47,7.75,5.02,6.88,0.9623,19,None
3215,-10.47,7.75,5.02,6.88,0.9623,19,None
3216,-10.14,7.76,5.02,7.53,0.9623,19,None
3217,-10.14,7.76,5.02,7.53,0.9623,19,None
3218,-9.68,7.77,5.01,7.98,0.9622,19,None
3219,-9.68,7.77,5.01,7.98,0.9622,19,None
3220,-9.68,7.77,5.01,7.98,0.9622,19,None
3221,-9.21,7.79,5.01,8.55,0.9622,19,None
3222,-9.21,7.79,5.01,8.55,0.9622,19,None
3223,-9.21,7.79,5.01,8.55,0.9622,19,None
3224,-8.71,7.80,5.01,9.10,0.9622,19,None
3225,-8.71,7.80,5.01,9.10,0.9622,19,None
3226,-8.71,7.80,5.01,9.10,0.9622,19,None
3227,-8.71,7.80,5.01,9.10,0.9622,19,None
3228,-7.98,7.82,5.02,9.65,0.9621,19,None
3229,-7.98,7.82,5.02,9.65,0.9621,19,None
3230,-7.54,7.84,5.02,10.41,0.9621,19,None
3231,-7.28,7.84,5.02,10.83,0.9621,19,None
3232,-7.28,7.84,5.02,10.83,0.9621,19,None
3233,-7.28,7.84,5.02,10.83,0.9621,19,None
3234,-6.71,7.86,5.02,11.07,0.9621,19,None
3235,-6.71,7.86,5.02,11.07,0.9621,19,None
3236,-6.71,7.86,5.02,11.07,0.9621,19,None
3237,-6.71,7.86,5.02,11.07,0.9621,19,None
3238,-6.71,7.86,5.02,11.07,0.9621,19,None
3239,-6.71,7.86,5.02,11.07,0.9621,19,None
3240,-5.33,7.90,5.03,11.58,0.9620,19,None
3241,-5.33,7.90,5.03,11.58,0.9620,19,None
3242,-5.33,7.90,5.03,11.58,0.9620,19,None
3243,-4.48,7.93,5.03,12.78,0.9620,19,None
3244,-4.48,7.93,5.03,12.78,0.9620,19,None
3245,-3.84,7.95,5.04,13.44,0.9619,19,None
3246,-3.84,7.95,5.04,13.44,0.9619,19,None
3247,-3.84,7.95,5.04,13.44,0.9619,19,None
3248,-3.84,7.95,5.04,13.44,0.9619,19,None
3249,-3.84,7.95,5.04,13.44,0.9619,19,None
3250,-2.54,7.98,5.04,13.92,0.9619,19,None
3251,-2.54,7.98,5.04,13.92,0.9619,19,None
3252,-1.82,8.01,5.04,14.85,0.9619,19,None
3253,-1.82,8.01,5.04,14.85,0.9619,19,None
3254,-1.82,8.01,5.04,14.85,0.9619,19,None
3255,-1.82,8.01,5.04,14.85,0.9619,19,None
3256,-0.73,8.04,5.04,15.34,0.9618,19,None
3257,-0.73,8.04,5.04,15.34,0.9618,19,None
3258,-0.73,8.04,5.04,15.34,0.9618,19,None
3259,-0.73,8.04,5.04,15.34,0.9618,19,None
3260,0.68,8.08,5.04,16.05,0.9618,19,None
3261,0.68,8.08,5.04,16.05,0.9618,19,None
3262,0.68,8.08,5.04,16.05,0.9618,19,None
3263,0.68,8.08,5.04,16.05,0.9618,19,None
3264,1.92,8.12,5.04,16.93,0.9617,19,None
3265,1.92,8.12,5.04,16.93,0.9617,19,None
3266,2.73,8.14,5.04,17.66,0.9617,19,None
3267,2.73,8.14,5.04,17.66,0.9617,19,None
3268,2.73,8.14,5.04,17.66,0.9617,19,None
3269,2.73,8.14,5.04,17.66,0.9617,19,None
3270,3.99,8.18,5.03,18.12,0.9617,19,None
3271,3.99,8.18,5.03,18.12,0.9617,19,None
3272,3.99,8.18,5.03,18.12,0.9617,19,None
3273,3.99,8.18,5.03,18.12,0.9617,19,None
3274,3.99,8.18,5.03,18.12,0.9617,19,None
3275,5.82,8.24,5.02,18.81,0.9616,19,None
3276,5.82,8.24,5.02,18.81,0.9616,19,None
3277,6.70,8.26,5.02,19.79,0.9616,19,None
3278,6.70,8.26,5.02,19.79,0.9616,19,None
3279,6.70,8.26,5.02,19.79,0.9616,19,None
3280,8.00,8.30,5.01,20.23,0.9615,19,None
3281,8.00,8.30,5.01,20.23,0.9615,19,None
3282,8.00,8.30,5.01,20.23,0.9615,19,None
3283,8.00,8.30,5.01,20.23,0.9615,19,None
3284,9.82,8.35,5.02,20.88,0.9615,19,None
3285,9.82,8.35,5.02,20.88,0.9615,19,None
3286,10.73,8.38,5.03,21.75,0.9615,19,None
3287,10.73,8.38,5.03,21.75,0.9615,19,None
3288,11.33,8.40,5.03,22.17,0.9615,19,None
3289,11.33,8.40,5.03,22.17,0.9615,19,None
3290,11.33,8.40,5.03,22.17,0.9615,19,None
3291,11.33,8.40,5.03,22.17,0.9615,19,None
3292,11.33,8.40,5.03,22.17,0.9615,19,None
3293,13.00,8.45,5.04,0.00,0.9614,19,None
3294,13.00,8.45,5.04,0.00,0.9614,19,None
3295,13.00,8.45,5.04,0.00,0.9614,19,None
3296,13.00,8.45,5.04,0.00,0.9614,19,None
3297,13.00,8.45,5.04,0.00,0.9614,19,None
3298,13.00,8.45,5.04,0.00,0.9614,19,None
3299,13.00,8.45,5.04,0.00,0.9613,19,None
3300,13.00,8.45,5.04,0.00,0.9613,19,None
3301,13.00,8.45,5.04,0.00,0.9613,19,None
3302,13.00,8.45,5.04,0.00,0.9613,19,None
3303,13.00,8.45,5.04,0.00,0.9613,19,None
3304,13.00,8.45,5.04,0.00,0.9613,19,None
3305,13.00,8.45,5.04,0.00,0.9613,19,None
3306,13.00,8.45,5.04,0.00,0.9613,19,None
3307,13.00,8.45,5.04,0.00,0.9613,19,None
3308,13.00,8.45,5.04,0.00,0.9612,19,None
3309,13.00,8.45,5.04,0.00,0.9612,19,None
3310,13.00,8.45,5.04,0.00,0.9612,19,None
3311,13.00,8.45,5.04,0.00,0.9612,19,None
3312,13.00,8.45,5.04,0.00,0.9612,19,None
3313,13.00,8.45,5.04,0.00,0.9612,19,None
3314,13.00,8.45,5.04,0.00,0.9612,19,None
3315,13.00,8.45,5.04,0.00,0.9612,19,None
3316,13.00,8.45,5.04,0.00,0.9612,19,None
3317,13.00,8.45,5.04,0.00,0.9611,19,None
3318,13.00,8.45,5.04,0.00,0.9611,19,None
3319,13.00,8.45,5.04,0.00,0.9611,19,None
3320,13.00,8.45,5.04,0.00,0.9611,19,None
3321,13.00,8.45,5.04,0.00,0.9611,19,None
3322,13.00,8.45,5.04,0.00,0.9611,19,None
3323,13.00,8.45,5.04,0.00,0.9611,19,None
3324,13.00,8.45,5.04,0.00,0.9611,19,None
3325,13.00,8.45,5.04,0.00,0.9611,19,None
3326,13.00,8.45,5.04,0.00,0.9610,19,None
3327,13.00,8.45,5.04,0.00,0.9610,19,None
3328,13.00,8.45,5.04,0.00,0.9610,19,None
3329,13.00,8.45,5.04,0.00,0.9610,19,None
3330,13.00,8.45,5.04,0.00,0.9610,19,None
3331,13.00,8.45,5.04,0.00,0.9610,19,None
3332,13.00,8.45,5.04,0.00,0.9610,19,None
3333,13.00,8.45,5.04,0.00,0.9610,19,None
3334,13.00,8.45,5.04,0.00,0.9610,19,None
3335,13.00,8.45,5.04,0.00,0.9609,19,None
3336,13.00,8.45,5.04,0.00,0.9609,19,None
3337,13.00,8.45,5.04,0.00,0.9609,19,None
3338,13.00,8.45,5.04,0.00,0.9609,19,None
3339,13.00,8.45,5.04,0.00,0.9609,19,None
3340,13.00,8.45,5.04,0.00,0.9609,19,None
3341,13.00,8.45,5.04,0.00,0.9609,19,None
3342,13.00,8.45,5.04,0.00,0.9609,19,None
3343,13.00,8.45,5.04,0.00,0.9609,19,None
3344,13.00,8.45,5.04,0.00,0.9608,19,None
3345,13.00,8.45,5.04,0.00,0.9608,19,None
3346,13.00,8.45,5.04,0.00,0.9608,19,None
3347,13.00,8.45,5.04,0.00,0.9608,19,None
3348,13.00,8.45,5.04,0.00,0.9608,19,None
3349,13.00,8.45,5.04,0.00,0.9608,19,None
3350,13.00,8.45,5.04,0.00,0.9608,19,None
3351,13.00,8.45,5.04,0.00,0.9608,19,None
3352,13.00,8.45,5.04,0.00,0.9608,19,None
3353,13.00,8.45,5.04,0.00,0.9607,19,None
3354,13.00,8.45,5.04,0.00,0.9607,19,None
3355,13.00,8.45,5.04,0.00,0.9607,19,None
3356,13.00,8.45,5.04,0.00,0.9607,19,None
3357,13.00,8.45,5.04,0.00,0.9607,19,None
3358,13.00,8.45,5.04,0.00,0.9607,19,None
3359,13.00,8.45,5.04,0.00,0.9607,19,None
3360,13.00,8.45,5.04,0.00,0.9607,19,None
3361,13.00,8.45,5.04,0.00,0.9607,19,None
3362,13.00,8.45,5.04,0.00,0.9606,19,None
3363,13.00,8.45,5.04,0.00,0.9606,19,None
3364,13.00,8.45,5.04,0.00,0.9606,19,None
3365,13.00,8.45,5.04,0.00,0.9606,19,None
3366,13.00,8.45,5.04,0.00,0.9606,19,None
3367,13.00,8.45,5.04,0.00,0.9606,19,None
3368,13.00,8.45,5.04,0.00,0.9606,19,None
3369,13.00,8.45,5.04,0.00,0.9606,19,None
3370,13.00,8.45,5.04,0.00,0.9606,19,None
3371,13.00,8.45,5.04,0.00,0.9605,19,None
3372,13.00,8.45,5.04,0.00,0.9605,19,None
3373,13.00,8.45,5.04,0.00,0.9605,19,None
3374,12.97,8.45,5.04,0.59,0.9605,19,None
3375,12.97,8.45,5.04,0.59,0.9605,19,None
3376,12.97,8.45,5.04,0.59,0.9605,19,None
3377,12.89,8.45,5.04,1.18,0.9605,19,None
3378,12.89,8.45,5.04,1.18,0.9605,19,None
3379,12.89,8.45,5.04,1.18,0.9605,19,None
3380,12.89,8.45,5.04,1.18,0.9605,19,None
3381,12.89,8.45,5.04,1.18,0.9605,19,None
3382,12.71,8.46,5.04,1.78,0.9604,19,None
3383,12.71,8.46,5.04,1.78,0.9604,19,None
3384,12.71,8.46,5.04,1.78,0.9604,19,None
3385,12.51,8.46,5.04,2.81,0.9604,19,None
3386,12.51,8.46,5.04,2.81,0.9604,19,None
3387,12.51,8.46,5.04,2.81,0.9604,19,None
3388,12.28,8.47,5.04,3.53,0.9603,19,None
3389,12.28,8.47,5.04,3.53,0.9603,19,None
3390,12.28,8.47,5.04,3.53,0.9603,19,None
3391,12.11,8.48,5.04,4.17,0.9603,19,None
3392,11.98,8.48,5.03,4.59,0.9603,19,None
3393,11.98,8.48,5.03,4.59,0.9603,19,None
3394,11.98,8.48,5.03,4.59,0.9603,19,None
3395,11.98,8.48,5.03,4.59,0.9603,19,None
3396,11.98,8.48,5.03,4.59,0.9603,19,None
3397,11.54,8.49,5.03,4.87,0.9603,19,None
3398,11.54,8.49,5.03,4.87,0.9603,19,None
3399,11.54,8.49,5.03,4.87,0.9603,19,None
3400,11.54,8.49,5.03,4.87,0.9603,19,None
3401,11.07,8.51,5.03,5.77,0.9602,19,None
3402,11.07,8.51,5.03,5.77,0.9602,19,None
3403,10.79,8.52,5.03,6.59,0.9602,19,None
3404,10.79,8.52,5.03,6.59,0.9602,19,None
3405,10.79,8.52,5.03,6.59,0.9602,19,None
3406,10.37,8.53,5.03,7.01,0.9602,19,None
3407,10.37,8.53,5.03,7.01,0.9602,19,None
3408,10.37,8.53,5.03,7.01,0.9602,19,None
3409,10.37,8.53,5.03,7.01,0.9602,19,None
3410,9.75,8.55,5.02,7.60,0.9601,19,None
3411,9.75,8.55,5.02,7.60,0.9601,19,None
3412,9.41,8.56,5.02,8.42,0.9601,19,None
3413,9.18,8.56,5.02,8.84,0.9601,19,None
3414,9.18,8.56,5.02,8.84,0.9601,19,None
3415,9.18,8.56,5.02,8.84,0.9601,19,None
3416,9.18,8.56,5.02,8.84,0.9601,19,None
3417,9.18,8.56,5.02,8.84,0.9601,19,None
3418,8.35,8.59,5.01,9.09,0.9600,19,None
3419,8.35,8.59,5.01,9.09,0.9600,19,None
3420,8.35,8.59,5.01,9.09,0.9600,19,None
3421,8.35,8.59,5.01,9.09,0.9600,19,None
3422,7.54,8.61,5.01,10.01,0.9600,19,None
3423,7.54,8.61,5.01,10.01,0.9600,19,None
3424,7.09,8.63,5.01,10.82,0.9599,19,None
3425,7.09,8.63,5.01,10.82,0.9599,19,None
3426,7.09,8.63,5.01,10.82,0.9599,19,None
3427,6.41,8.65,5.02,11.24,0.9599,19,None
3428,6.41,8.65,5.02,11.24,0.9599,19,None
3429,6.41,8.65,5.02,11.24,0.9599,19,None
3430,6.41,8.65,5.02,11.24,0.9599,19,None
3431,5.42,8.68,5.03,11.83,0.9599,19,None
3432,5.42,8.68,5.03,11.83,0.9599,19,None
3433,4.88,8.69,5.03,12.67,0.9598,19,None
3434,4.88,8.69,5.03,12.67,0.9598,19,None
3435,4.51,8.70,5.03,13.10,0.9598,19,None
3436,4.51,8.70,5.03,13.10,0.9598,19,None
3437,4.51,8.70,5.03,13.10,0.9598,19,None
3438,4.51,8.70,5.03,13.10,0.9598,19,None
3439,4.51,8.70,5.03,13.10,0.9598,19,None
3440,4.51,8.70,5.03,13.10,0.9598,19,None
3441,2.85,8.75,5.04,13.39,0.9598,19,None
3442,2.85,8.75,5.04,13.39,0.9598,19,None
3443,2.85,8.75,5.04,13.39,0.9598,19,None
3444,1.83,8.78,5.04,14.62,0.9597,19,None
3445,1.83,8.78,5.04,14.62,0.9597,19,None
3446,1.83,8.78,5.04,14.62,0.9597,19,None
3447,1.11,8.81,5.04,15.32,0.9597,19,None
3448,1.11,8.81,5.04,15.32,0.9597,19,None
3449,1.11,8.81,5.04,15.32,0.9597,19,None
3450,1.11,8.81,5.04,15.32,0.9597,19,None
3451,-0.32,8.85,5.04,15.79,0.9596,19,None
3452,-0.32,8.85,5.04,15.79,0.9596,19,None
3453,-0.32,8.85,5.04,15.79,0.9596,19,None
3454,-1.14,8.87,5.04,16.70,0.9596,19,None
3455,-1.14,8.87,5.04,16.70,0.9596,19,None
3456,-1.14,8.87,5.04,16.70,0.9596,19,None
3457,-2.39,8.91,5.04,17.19,0.9596,19,None
3458,-2.39,8.91,5.04,17.19,0.9596,19,None
3459,-2.39,8.91,5.04,17.19,0.9596,19,None
3460,-2.39,8.91,5.04,17.19,0.9596,19,None
3461,-2.39,8.91,5.04,17.19,0.9596,19,None
3462,-4.01,8.96,5.04,17.92,0.9595,19,None
3463,-4.01,8.96,5.04,17.92,0.9595,19,None
3464,-4.01,8.96,5.04,17.92,0.9595,19,None
3465,-5.37,9.00,5.03,18.82,0.9595,19,None
3466,-5.37,9.00,5.03,18.82,0.9595,19,None
3467,-5.37,9.00,5.03,18.82,0.9595,19,None
3468,-6.26,9.03,5.03,19.54,0.9595,19,None
3469,-6.26,9.03,5.03,19.54,0.9595,19,None
3470,-6.26,9.03,5.03,19.54,0.9595,19,None
3471,-7.64,9.07,5.02,20.00,0.9594,19,None
3472,-7.64,9.07,5.02,20.00,0.9594,19,None
3473,-7.64,9.07,5.02,20.00,0.9594,19,None
3474,-7.64,9.07,5.02,20.00,0.9594,19,None
3475,-7.64,9.07,5.02,20.00,0.9594,19,None
3476,-9.55,9.13,5.01,20.69,0.9594,19,None
3477,-9.55,9.13,5.01,20.69,0.9594,19,None
3478,-10.44,9.15,5.02,21.62,0.9593,19,None
3479,-10.44,9.15,5.02,21.62,0.9593,19,None
3480,-10.44,9.15,5.02,21.62,0.9593,19,None
3481,-11.71,9.19,5.03,22.03,0.9593,19,None
3482,-11.71,9.19,5.03,22.03,0.9593,19,None
3483,-11.71,9.19,5.03,22.03,0.9593,19,None
3484,-13.06,9.23,5.05,0.00,0.9593,19,None
3485,-13.06,9.23,5.05,0.00,0.9593,19,None
3486,-13.06,9.23,5.05,0.00,0.9593,19,None
3487,-13.06,9.23,5.05,0.00,0.9593,19,None
3488,-13.06,9.23,5.05,0.00,0.9592,19,None
3489,-13.06,9.23,5.05,0.00,0.9592,19,None
3490,-13.06,9.23,5.05,0.00,0.9592,19,None
3491,-13.06,9.23,5.05,0.00,0.9592,19,None
3492,-13.06,9.23,5.05,0.00,0.9592,19,None
3493,-13.06,9.23,5.05,0.00,0.9592,19,None
3494,-13.06,9.23,5.05,0.00,0.9592,19,None
3495,-13.06,9.23,5.05,0.00,0.9592,19,None
3496,-13.06,9.23,5.05,0.00,0.9592,19,None
3497,-13.06,9.23,5.05,0.00,0.9591,19,None
3498,-13.06,9.23,5.05,0.00,0.9591,19,None
3499,-13.06,9.23,5.05,0.00,0.9591,19,None
3500,-13.06,9.23,5.05,0.00,0.9591,19,None
3501,-13.06,9.23,5.05,0.00,0.9591,19,None
3502,-13.06,9.23,5.05,0.00,0.9591,19,None
3503,-13.06,9.23,5.05,0.00,0.9591,19,None
3504,-13.06,9.23,5.05,0.00,0.9591,19,None
3505,-13.06,9.23,5.05,0.00,0.9591,19,None
3506,-13.06,9.23,5.05,0.00,0.9590,19,None
3507,-13.06,9.23,5.05,0.00,0.9590,19,None
3508,-13.06,9.23,5.05,0.00,0.9590,19,None
3509,-13.06,9.23,5.05,0.00,0.9590,19,None
3510,-13.06,9.23,5.05,0.00,0.9590,19,None
3511,-13.06,9.23,5.05,0.00,0.9590,19,None
3512,-13.06,9.23,5.05,0.00,0.9590,19,None
3513,-13.06,9.23,5.05,0.00,0.9590,19,None
3514,-13.06,9.23,5.05,0.00,0.9589,19,None
3515,-13.06,9.23,5.05,0.00,0.9589,19,None
3516,-13.06,9.23,5.05,0.00,0.9589,19,None
3517,-13.06,9.23,5.05,0.00,0.9589,19,None
3518,-13.06,9.23,5.05,0.00,0.9589,19,None
3519,-13.06,9.23,5.05,0.00,0.9589,19,None
3520,-13.06,9.23,5.05,0.00,0.9589,19,None
3521,-13.06,9.23,5.05,0.00,0.9589,19,None
3522,-13.06,9.23,5.05,0.00,0.9589,19,None
3523,-13.06,9.23,5.05,0.00,0.9589,19,None
3524,-13.06,9.23,5.05,0.00,0.9589,19,None
3525,-13.06,9.23,5.05,0.00,0.9588,19,None
3526,-13.06,9.23,5.05,0.00,0.9588,19,None
3527,-13.06,9.23,5.05,0.00,0.9588,19,None
3528,-13.06,9.23,5.05,0.00,0.9588,19,None
3529,-13.06,9.23,5.05,0.00,0.9588,19,None
3530,-13.06,9.23,5.05,0.00,0.9588,19,None
3531,-13.06,9.23,5.05,0.00,0.9588,19,None
3532,-13.06,9.23,5.05,0.00,0.9588,19,None
3533,-13.06,9.23,5.05,0.00,0.9587,19,None
3534,-13.06,9.23,5.05,0.00,0.9587,19,None
3535,-13.06,9.23,5.05,0.00,0.9587,19,None
3536,-13.06,9.23,5.05,0.00,0.9587,19,None
3537,-13.06,9.23,5.05,0.00,0.9587,19,None
3538,-13.06,9.23,5.05,0.00,0.9587,19,None
3539,-13.06,9.23,5.05,0.00,0.9587,19,None
3540,-13.06,9.23,5.05,0.00,0.9587,19,None
3541,-13.06,9.23,5.05,0.00,0.9586,19,None
3542,-13.06,9.23,5.05,0.00,0.9586,19,None
3543,-13.06,9.23,5.05,0.00,0.9586,19,None
3544,-13.06,9.23,5.05,0.00,0.9586,19,None
3545,-13.06,9.23,5.05,0.00,0.9586,19,None
3546,-13.06,9.23,5.05,0.00,0.9586,19,None
3547,-13.06,9.23,5.05,0.00,0.9586,19,None
3548,-13.06,9.23,5.05,0.00,0.9586,19,None
3549,-13.06,9.23,5.05,0.00,0.9586,19,None
3550,-13.06,9.23,5.05,0.00,0.9586,19,None
3551,-13.06,9.23,5.05,0.00,0.9586,19,None
3552,-13.06,9.23,5.05,0.00,0.9585,19,None
3553,-13.06,9.23,5.05,0.00,0.9585,19,None
3554,-13.06,9.23,5.05,0.00,0.9585,19,None
3555,-13.06,9.23,5.05,0.00,0.9585,19,None
3556,-13.06,9.23,5.05,0.00,0.9585,19,None
3557,-13.06,9.23,5.05,0.00,0.9585,19,None
3558,-13.06,9.23,5.05,0.00,0.9585,19,None
3559,-13.06,9.23,5.05,0.00,0.9585,19,None
3560,-13.06,9.23,5.05,0.00,0.9584,19,None
3561,-13.06,9.23,5.05,0.00,0.9584,19,None
3562,-13.06,9.23,5.05,0.00,0.9584,19,None
3563,-13.06,9.23,5.05,0.00,0.9584,19,None
3564,-13.06,9.23,5.05,0.00,0.9584,19,None
3565,-13.06,9.23,5.05,0.00,0.9584,19,None
3566,-13.06,9.23,5.05,0.00,0.9584,19,None
3567,-13.06,9.23,5.05,0.00,0.9584,19,None
3568,-13.06,9.23,5.05,0.00,0.9583,19,None
3569,-13.06,9.23,5.05,0.00,0.9583,19,None
3570,-13.06,9.23,5.05,0.00,0.9583,19,None
3571,-13.06,9.23,5.05,0.00,0.9583,19,None
3572,-13.06,9.23,5.05,0.00,0.9583,19,None
3573,-13.06,9.23,5.05,0.00,0.9583,19,None
3574,-13.06,9.23,5.05,0.00,0.9583,19,None
3575,-13.06,9.23,5.05,0.00,0.9583,19,None
3576,-13.06,9.23,5.05,0.00,0.9583,19,None
3577,-13.06,9.23,5.05,0.00,0.9583,19,None
3578,-13.06,9.23,5.05,0.00,0.9583,19,None
3579,-13.06,9.23,5.05,0.00,0.9582,19,None
3580,-13.06,9.23,5.05,0.00,0.9582,19,None
3581,-13.06,9.23,5.05,0.00,0.9582,19,None
3582,-13.06,9.23,5.05,0.00,0.9582,19,None
3583,-13.06,9.23,5.05,0.00,0.9582,19,None
3584,-13.06,9.23,5.05,0.00,0.9582,19,None
3585,-13.06,9.23,5.05,0.00,0.9582,19,None
3586,-13.06,9.23,5.05,0.00,0.9582,19,None
3587,-13.06,9.23,5.05,0.00,0.9581,19,None
3588,-13.06,9.23,5.05,0.00,0.9581,19,None
3589,-13.06,9.23,5.05,0.00,0.9581,19,None
3590,-13.03,9.23,5.05,0.55,0.9581,19,None
3591,-13.03,9.23,5.05,0.55,0.9581,19,None
3592,-13.03,9.23,5.05,0.55,0.9581,19,None
3593,-13.03,9.23,5.05,0.55,0.9581,19,None
3594,-13.03,9.23,5.05,0.55,0.9581,19,None
3595,-12.93,9.23,5.05,1.09,0.9580,19,None
3596,-12.93,9.23,5.05,1.09,0.9580,19,None
3597,-12.82,9.24,5.05,2.06,0.9580,19,None
3598,-12.76,9.24,5.05,2.59,0.9580,19,None
3599,-12.76,9.24,5.05,2.59,0.9580,19,None
3600,-12.76,9.24,5.05,2.59,0.9580,19,None
3601,-12.76,9.24,5.05,2.59,0.9580,19,None
3602,-12.76,9.24,5.05,2.59,0.9580,19,None
3603,-12.51,9.25,5.04,2.80,0.9580,19,None
3604,-12.51,9.25,5.04,2.80,0.9580,19,None
3605,-12.51,9.25,5.04,2.80,0.9580,19,None
3606,-12.32,9.25,5.04,3.69,0.9579,19,None
3607,-12.32,9.25,5.04,3.69,0.9579,19,None
3608,-12.10,9.26,5.03,4.22,0.9579,19,None
3609,-12.10,9.26,5.03,4.22,0.9579,19,None
3610,-12.10,9.26,5.03,4.22,0.9579,19,None
3611,-12.10,9.26,5.03,4.22,0.9579,19,None
3612,-11.76,9.27,5.03,4.74,0.9579,19,None
3613,-11.76,9.27,5.03,4.74,0.9579,19,None
3614,-11.55,9.28,5.03,5.45,0.9578,19,None
3615,-11.41,9.28,5.03,5.85,0.9578,19,None
3616,-11.41,9.28,5.03,5.85,0.9578,19,None
3617,-11.14,9.29,5.02,6.07,0.9578,19,None
3618,-11.14,9.29,5.02,6.07,0.9578,19,None
3619,-11.14,9.29,5.02,6.07,0.9578,19,None
3620,-11.14,9.29,5.02,6.07,0.9578,19,None
3621,-11.14,9.29,5.02,6.07,0.9578,19,None
3622,-10.44,9.31,5.02,6.53,0.9577,19,None
3623,-10.44,9.31,5.02,6.53,0.9577,19,None
3624,-10.44,9.31,5.02,6.53,0.9577,19,None
3625,-10.00,9.32,5.01,7.60,0.9577,19,None
3626,-10.00,9.32,5.01,7.60,0.9577,19,None
3627,-10.00,9.32,5.01,7.60,0.9577,19,None
3628,-9.64,9.33,5.01,8.17,0.9577,19,None
3629,-9.64,9.33,5.01,8.17,0.9577,19,None
3630,-9.64,9.33,5.01,8.17,0.9577,19,None
3631,-9.07,9.35,5.01,8.62,0.9576,19,None
3632,-9.07,9.35,5.01,8.62,0.9576,19,None
3633,-8.65,9.36,5.01,9.28,0.9576,19,None
3634,-8.65,9.36,5.01,9.28,0.9576,19,None
3635,-8.65,9.36,5.01,9.28,0.9576,19,None
3636,-8.08,9.38,5.02,9.73,0.9576,19,None
3637,-8.08,9.38,5.02,9.73,0.9576,19,None
3638,-8.08,9.38,5.02,9.73,0.9576,19,None
3639,-7.50,9.40,5.02,10.32,0.9576,19,None
3640,-7.50,9.40,5.02,10.32,0.9576,19,None
3641,-7.50,9.40,5.02,10.32,0.9576,19,None
3642,-6.89,9.41,5.02,10.88,0.9575,19,None
3643,-6.89,9.41,5.02,10.88,0.9575,19,None
3644,-6.89,9.41,5.02,10.88,0.9575,19,None
3645,-6.89,9.41,5.02,10.88,0.9575,19,None
3646,-5.98,9.44,5.03,11.44,0.9575,19,None
3647,-5.98,9.44,5.03,11.44,0.9575,19,None
3648,-5.47,9.46,5.03,12.23,0.9575,19,None
3649,-5.14,9.47,5.03,12.65,0.9574,19,None
3650,-5.14,9.47,5.03,12.65,0.9574,19,None
3651,-5.14,9.47,5.03,12.65,0.9574,19,None
3652,-5.14,9.47,5.03,12.65,0.9574,19,None
3653,-5.14,9.47,5.03,12.65,0.9574,19,None
3654,-3.86,9.51,5.04,12.91,0.9574,19,None
3655,-3.86,9.51,5.04,12.91,0.9574,19,None
3656,-3.86,9.51,5.04,12.91,0.9574,19,None
3657,-3.86,9.51,5.04,12.91,0.9574,19,None
3658,-3.86,9.51,5.04,12.91,0.9574,19,None
3659,-2.59,9.54,5.04,13.91,0.9573,19,None
3660,-2.59,9.54,5.04,13.91,0.9573,19,None
3661,-1.94,9.56,5.04,14.82,0.9573,19,None
3662,-1.94,9.56,5.04,14.82,0.9573,19,None
3663,-1.94,9.56,5.04,14.82,0.9573,19,None
3664,-0.96,9.59,5.04,15.26,0.9573,19,None
3665,-0.96,9.59,5.04,15.26,0.9573,19,None
3666,-0.96,9.59,5.04,15.26,0.9573,19,None
3667,-0.96,9.59,5.04,15.26,0.9573,19,None
3668,0.46,9.63,5.04,15.90,0.9572,19,None
3669,0.46,9.63,5.04,15.90,0.9572,19,None
3670,0.46,9.63,5.04,15.90,0.9572,19,None
3671,1.19,9.66,5.04,16.79,0.9572,19,None
3672,1.71,9.67,5.04,17.23,0.9572,19,None
3673,1.71,9.67,5.04,17.23,0.9572,19,None
3674,1.71,9.67,5.04,17.23,0.9572,19,None
3675,1.71,9.67,5.04,17.23,0.9572,19,None
3676,1.71,9.67,5.04,17.23,0.9572,19,None
3677,1.71,9.67,5.04,17.23,0.9572,19,None
3678,3.92,9.74,5.04,17.53,0.9571,19,None
3679,3.92,9.74,5.04,17.53,0.9571,19,None
3680,3.92,9.74,5.04,17.53,0.9571,19,None
3681,3.92,9.74,5.04,17.53,0.9571,19,None
3682,5.20,9.78,5.03,18.79,0.9571,19,None
3683,5.20,9.78,5.03,18.79,0.9571,19,None
3684,6.10,9.80,5.02,19.48,0.9571,19,None
3685,6.10,9.80,5.02,19.48,0.9571,19,None
3686,6.10,9.80,5.02,19.48,0.9571,19,None
3687,6.10,9.80,5.02,19.48,0.9571,19,None
3688,7.66,9.85,5.01,19.93,0.9570,19,None
3689,7.66,9.85,5.01,19.93,0.9570,19,None
3690,8.61,9.88,5.02,20.72,0.9570,19,None
3691,8.61,9.88,5.02,20.72,0.9570,19,None
3692,8.61,9.88,5.02,20.72,0.9570,19,None
3693,9.93,9.92,5.02,21.18,0.9570,19,None
3694,9.93,9.92,5.02,21.18,0.9570,19,None
3695,9.93,9.92,5.02,21.18,0.9570,19,None
3696,11.19,9.96,5.03,21.80,0.9569,19,None
3697,11.19,9.96,5.03,21.80,0.9569,19,None
3698,11.19,9.96,5.03,21.80,0.9569,19,None
3699,12.46,9.99,5.04,22.38,0.9569,19,None
3700,12.46,9.99,5.04,22.38,0.9569,19,None
3701,12.46,9.99,5.04,22.38,0.9569,19,None
3702,12.46,9.99,5.04,22.38,0.9569,19,None
3703,13.00,10.01,5.04,0.00,0.9568,19,None
3704,13.00,10.01,5.04,0.00,0.9568,19,None
3705,13.00,10.01,5.04,0.00,0.9568,19,None
3706,13.00,10.01,5.04,0.00,0.9568,19,None
3707,13.00,10.01,5.04,0.00,0.9568,19,None
3708,13.00,10.01,5.04,0.00,0.9568,19,None
3709,13.00,10.01,5.04,0.00,0.9568,19,None
3710,13.00,10.01,5.04,0.00,0.9568,19,None
3711,13.00,10.01,5.04,0.00,0.9568,19,None
3712,13.00,10.01,5.04,0.00,0.9568,19,None
3713,13.00,10.01,5.04,0.00,0.9568,19,None
3714,13.00,10.01,5.04,0.00,0.9568,19,None
3715,13.00,10.01,5.04,0.00,0.9567,19,None
3716,13.00,10.01,5.04,0.00,0.9567,19,None
3717,13.00,10.01,5.04,0.00,0.9567,19,None
3718,13.00,10.01,5.04,0.00,0.9567,19,None
3719,13.00,10.01,5.04,0.00,0.9567,19,None
3720,13.00,10.01,5.04,0.00,0.9567,19,None
3721,13.00,10.01,5.04,0.00,0.9567,19,None
3722,13.00,10.01,5.04,0.00,0.9567,19,None
3723,13.00,10.01,5.04,0.00,0.9566,19,None
3724,13.00,10.01,5.04,0.00,0.9566,19,None
3725,13.00,10.01,5.04,0.00,0.9566,19,None
3726,13.00,10.01,5.04,0.00,0.9566,19,None
3727,13.00,10.01,5.04,0.00,0.9566,19,None
3728,13.00,10.01,5.04,0.00,0.9566,19,None
3729,13.00,10.01,5.04,0.00,0.9566,19,None
3730,13.00,10.01,5.04,0.00,0.9566,19,None
3731,13.00,10.01,5.04,0.00,0.9566,19,None
3732,13.00,10.01,5.04,0.00,0.9565,19,None
3733,13.00,10.01,5.04,0.00,0.9565,19,None
3734,13.00,10.01,5.04,0.00,0.9565,19,None
3735,13.00,10.01,5.04,0.00,0.9565,19,None
3736,13.00,10.01,5.04,0.00,0.9565,19,None
3737,13.00,10.01,5.04,0.00,0.9565,19,None
3738,13.00,10.01,5.04,0.00,0.9565,19,None
3739,13.00,10.01,5.04,0.00,0.9565,19,None
3740,13.00,10.01,5.04,0.00,0.9565,19,None
3741,13.00,10.01,5.04,0.00,0.9564,19,None
3742,13.00,10.01,5.04,0.00,0.9564,19,None
3743,13.00,10.01,5.04,0.00,0.9564,19,None
3744,13.00,10.01,5.04,0.00,0.9564,19,None
3745,13.00,10.01,5.04,0.00,0.9564,19,None
3746,13.00,10.01,5.04,0.00,0.9564,19,None
3747,13.00,10.01,5.04,0.00,0.9564,19,None
3748,13.00,10.01,5.04,0.00,0.9564,19,None
3749,13.00,10.01,5.04,0.00,0.9563,19,None
3750,13.00,10.01,5.04,0.00,0.9563,19,None
3751,13.00,10.01,5.04,0.00,0.9563,19,None
3752,13.00,10.01,5.04,0.00,0.9563,19,None
3753,13.00,10.01,5.04,0.00,0.9563,19,None
3754,13.00,10.01,5.04,0.00,0.9563,19,None
3755,13.00,10.01,5.04,0.00,0.9563,19,None
3756,13.00,10.01,5.04,0.00,0.9563,19,None
3757,13.00,10.01,5.04,0.00,0.9563,19,None
3758,13.00,10.01,5.04,0.00,0.9562,19,None
3759,13.00,10.01,5.04,0.00,0.9562,19,None
3760,13.00,10.01,5.04,0.00,0.9562,19,None
3761,13.00,10.01,5.04,0.00,0.9562,19,None
3762,13.00,10.01,5.04,0.00,0.9562,19,None
3763,13.00,10.01,5.04,0.00,0.9562,19,None
3764,13.00,10.01,5.04,0.00,0.9562,19,None
3765,13.00,10.01,5.04,0.00,0.9562,19,None
3766,13.00,10.01,5.04,0.00,0.9562,19,None
3767,13.00,10.01,5.04,0.00,0.9561,19,None
3768,13.00,10.01,5.04,0.00,0.9561,19,None
3769,13.00,10.01,5.04,0.00,0.9561,19,None
3770,13.00,10.01,5.04,0.00,0.9561,19,None
3771,13.00,10.01,5.04,0.00,0.9561,19,None
3772,13.00,10.01,5.04,0.00,0.9561,19,None
3773,13.00,10.01,5.04,0.00,0.9561,19,None
3774,13.00,10.01,5.04,0.00,0.9561,19,None
3775,12.97,10.01,5.04,0.58,0.9560,19,None
3776,12.97,10.01,5.04,0.58,0.9560,19,None
3777,12.97,10.01,5.04,0.58,0.9560,19,None
3778,12.90,10.01,5.04,1.15,0.9560,19,None
3779,12.90,10.01,5.04,1.15,0.9560,19,None
3780,12.90,10.01,5.04,1.15,0.9560,19,None
3781,12.80,10.02,5.04,1.72,0.9560,19,None
3782,12.80,10.02,5.04,1.72,0.9560,19,None
3783,12.80,10.02,5.04,1.72,0.9560,19,None
3784,12.80,10.02,5.04,1.72,0.9560,19,None
3785,12.80,10.02,5.04,1.72,0.9560,19,None
3786,12.57,10.02,5.04,2.30,0.9559,19,None
3787,12.57,10.02,5.04,2.30,0.9559,19,None
3788,12.57,10.02,5.04,2.30,0.9559,19,None
3789,12.34,10.03,5.04,3.32,0.9559,19,None
3790,12.34,10.03,5.04,3.32,0.9559,19,None
3791,12.34,10.03,5.04,3.32,0.9559,19,None
3792,12.34,10.03,5.04,3.32,0.9559,19,None
3793,12.09,10.04,5.04,4.01,0.9559,19,None
3794,12.09,10.04,5.04,4.01,0.9559,19,None
3795,11.90,10.04,5.03,4.62,0.9558,19,None
3796,11.78,10.05,5.03,5.04,0.9558,19,None
3797,11.78,10.05,5.03,5.04,0.9558,19,None
3798,11.51,10.05,5.03,5.28,0.9558,19,None
3799,11.51,10.05,5.03,5.28,0.9558,19,None
3800,11.51,10.05,5.03,5.28,0.9558,19,None
3801,11.51,10.05,5.03,5.28,0.9558,19,None
3802,11.51,10.05,5.03,5.28,0.9558,19,None
3803,11.51,10.05,5.03,5.28,0.9558,19,None
3804,10.85,10.07,5.03,5.78,0.9557,19,None
3805,10.85,10.07,5.03,5.78,0.9557,19,None
3806,10.85,10.07,5.03,5.78,0.9557,19,None
3807,10.43,10.09,5.03,6.93,0.9557,19,None
3808,10.43,10.09,5.03,6.93,0.9557,19,None
3809,10.10,10.10,5.02,7.54,0.9557,19,None
3810,10.10,10.10,5.02,7.54,0.9557,19,None
3811,10.10,10.10,5.02,7.54,0.9557,19,None
3812,10.10,10.10,5.02,7.54,0.9557,19,None
3813,9.53,10.11,5.02,7.98,0.9556,19,None
3814,9.53,10.11,5.02,7.98,0.9556,19,None
3815,9.14,10.13,5.02,8.68,0.9556,19,None
3816,9.14,10.13,5.02,8.68,0.9556,19,None
3817,9.14,10.13,5.02,8.68,0.9556,19,None
3818,8.60,10.14,5.02,9.14,0.9556,19,None
3819,8.60,10.14,5.02,9.14,0.9556,19,None
3820,8.60,10.14,5.02,9.14,0.9556,19,None
3821,8.05,10.16,5.01,9.72,0.9555,19,None
3822,8.05,10.16,5.01,9.72,0.9555,19,None
3823,8.05,10.16,5.01,9.72,0.9555,19,None
3824,7.46,10.18,5.01,10.30,0.9555,19,None
3825,7.46,10.18,5.01,10.30,0.9555,19,None
3826,7.46,10.18,5.01,10.30,0.9555,19,None
3827,7.46,10.18,5.01,10.30,0.9555,19,None
3828,6.60,10.20,5.02,10.87,0.9555,19,None
3829,6.60,10.20,5.02,10.87,0.9555,19,None
3830,6.12,10.22,5.02,11.66,0.9554,19,None
3831,5.82,10.22,5.02,12.07,0.9554,19,None
3832,5.82,10.22,5.02,12.07,0.9554,19,None
3833,5.82,10.22,5.02,12.07,0.9554,19,None
3834,5.82,10.22,5.02,12.07,0.9554,19,None
3835,5.82,10.22,5.02,12.07,0.9554,19,None
3836,4.68,10.26,5.03,12.32,0.9554,19,None
3837,4.68,10.26,5.03,12.32,0.9554,19,None
3838,4.68,10.26,5.03,12.32,0.9554,19,None
3839,4.68,10.26,5.03,12.32,0.9554,19,None
3840,3.60,10.29,5.04,13.25,0.9553,19,None
3841,3.60,10.29,5.04,13.25,0.9553,19,None
3842,3.01,10.31,5.04,14.06,0.9553,19,None
3843,3.01,10.31,5.04,14.06,0.9553,19,None
3844,3.01,10.31,5.04,14.06,0.9553,19,None
3845,2.15,10.33,5.04,14.48,0.9553,19,None
3846,2.15,10.33,5.04,14.48,0.9553,19,None
3847,2.15,10.33,5.04,14.48,0.9553,19,None
3848,2.15,10.33,5.04,14.48,0.9553,19,None
3849,0.87,10.37,5.04,15.08,0.9552,19,None
3850,0.87,10.37,5.04,15.08,0.9552,19,None
3851,0.20,10.39,5.04,15.92,0.9552,19,None
3852,0.20,10.39,5.04,15.92,0.9552,19,None
3853,-0.25,10.41,5.04,16.35,0.9552,19,None
3854,-0.25,10.41,5.04,16.35,0.9552,19,None
3855,-0.25,10.41,5.04,16.35,0.9552,19,None
3856,-0.25,10.41,5.04,16.35,0.9552,19,None
3857,-0.25,10.41,5.04,16.35,0.9552,19,None
3858,-0.25,10.41,5.04,16.35,0.9552,19,None
3859,-2.24,10.47,5.04,16.62,0.9551,19,None
3860,-2.24,10.47,5.04,16.62,0.9551,19,None
3861,-2.24,10.47,5.04,16.62,0.9551,19,None
3862,-3.40,10.50,5.04,17.82,0.9551,19,None
3863,-3.40,10.50,5.04,17.82,0.9551,19,None
3864,-4.24,10.53,5.04,18.47,0.9551,19,None
3865,-4.24,10.53,5.04,18.47,0.9551,19,None
3866,-4.24,10.53,5.04,18.47,0.9551,19,None
3867,-4.24,10.53,5.04,18.47,0.9551,19,None
3868,-5.64,10.57,5.03,18.92,0.9550,19,None
3869,-5.64,10.57,5.03,18.92,0.9550,19,None
3870,-6.55,10.60,5.03,19.67,0.9550,19,None
3871,-6.55,10.60,5.03,19.67,0.9550,19,None
3872,-6.55,10.60,5.03,19.67,0.9550,19,None
3873,-7.79,10.63,5.02,20.13,0.9550,19,None
3874,-7.79,10.63,5.02,20.13,0.9550,19,None
3875,-7.79,10.63,5.02,20.13,0.9550,19,None
3876,-8.98,10.67,5.01,20.75,0.9549,19,None
3877,-8.98,10.67,5.01,20.75,0.9549,19,None
3878,-8.98,10.67,5.01,20.75,0.9549,19,None
3879,-10.15,10.70,5.02,21.32,0.9549,19,None
3880,-10.15,10.70,5.02,21.32,0.9549,19,None
3881,-10.15,10.70,5.02,21.32,0.9549,19,None
3882,-10.15,10.70,5.02,21.32,0.9549,19,None
3883,-11.80,10.75,5.03,21.87,0.9549,19,None
3884,-11.80,10.75,5.03,21.87,0.9549,19,None
3885,-12.73,10.78,5.04,22.62,0.9548,19,None
3886,-13.06,10.79,5.05,0.00,0.9548,19,None
3887,-13.06,10.79,5.05,0.00,0.9548,19,None
3888,-13.06,10.79,5.05,0.00,0.9548,19,None
3889,-13.06,10.79,5.05,0.00,0.9548,19,None
3890,-13.06,10.79,5.05,0.00,0.9548,19,None
3891,-13.06,10.79,5.05,0.00,0.9548,19,None
3892,-13.06,10.79,5.05,0.00,0.9548,19,None
3893,-13.06,10.79,5.05,0.00,0.9548,19,None
3894,-13.06,10.79,5.05,0.00,0.9547,19,None
3895,-13.06,10.79,5.05,0.00,0.9547,19,None
3896,-13.06,10.79,5.05,0.00,0.9547,19,None
3897,-13.06,10.79,5.05,0.00,0.9547,19,None
3898,-13.06,10.79,5.05,0.00,0.9547,19,None
3899,-13.06,10.79,5.05,0.00,0.9547,19,None
3900,-13.06,10.79,5.05,0.00,0.9547,19,None
3901,-13.06,10.79,5.05,0.00,0.9547,19,None
3902,-13.06,10.79,5.05,0.00,0.9546,19,None
3903,-13.06,10.79,5.05,0.00,0.9546,19,None
3904,-13.06,10.79,5.05,0.00,0.9546,19,None
3905,-13.06,10.79,5.05,0.00,0.9546,19,None
3906,-13.06,10.79,5.05,0.00,0.9546,19,None
3907,-13.06,10.79,5.05,0.00,0.9546,19,None
3908,-13.06,10.79,5.05,0.00,0.9546,19,None
3909,-13.06,10.79,5.05,0.00,0.9546,19,None
3910,-13.06,10.79,5.05,0.00,0.9545,19,None
3911,-13.06,10.79,5.05,0.00,0.9545,19,None
3912,-13.06,10.79,5.05,0.00,0.9545,19,None
3913,-13.06,10.79,5.05,0.00,0.9545,19,None
3914,-13.06,10.79,5.05,0.00,0.9545,19,None
3915,-13.06,10.79,5.05,0.00,0.9545,19,None
3916,-13.06,10.79,5.05,0.00,0.9545,19,None
3917,-13.06,10.79,5.05,0.00,0.9545,19,None
3918,-13.06,10.79,5.05,0.00,0.9545,19,None
3919,-13.06,10.79,5.05,0.00,0.9545,19,None
3920,-13.06,10.79,5.05,0.00,0.9545,19,None
3921,-13.06,10.79,5.05,0.00,0.9544,19,None
3922,-13.06,10.79,5.05,0.00,0.9544,19,None
3923,-13.06,10.79,5.05,0.00,0.9544,19,None
3924,-13.06,10.79,5.05,0.00,0.9544,19,None
3925,-13.06,10.79,5.05,0.00,0.9544,19,None
3926,-13.06,10.79,5.05,0.00,0.9544,19,None
3927,-13.06,10.79,5.05,0.00,0.9544,19,None
3928,-13.06,10.79,5.05,0.00,0.9544,19,None
3929,-13.06,10.79,5.05,0.00,0.9544,19,None
3930,-13.06,10.79,5.05,0.00,0.9543,19,None
3931,-13.06,10.79,5.05,0.00,0.9543,19,None
3932,-13.06,10.79,5.05,0.00,0.9543,19,None
3933,-13.06,10.79,5.05,0.00,0.9543,19,None
3934,-13.06,10.79,5.05,0.00,0.9543,19,None
3935,-13.06,10.79,5.05,0.00,0.9543,19,None
3936,-13.06,10.79,5.05,0.00,0.9543,19,None
3937,-13.06,10.79,5.05,0.00,0.9543,19,None
3938,-13.06,10.79,5.05,0.00,0.9542,19,None
3939,-13.06,10.79,5.05,0.00,0.9542,19,None
3940,-13.06,10.79,5.05,0.00,0.9542,19,None
3941,-13.06,10.79,5.05,0.00,0.9542,19,None
3942,-13.06,10.79,5.05,0.00,0.9542,19,None
3943,-13.06,10.79,5.05,0.00,0.9542,19,None
3944,-13.06,10.79,5.05,0.00,0.9542,19,None
3945,-13.06,10.79,5.05,0.00,0.9542,19,None
3946,-13.06,10.79,5.05,0.00,0.9541,19,None
3947,-13.06,10.79,5.05,0.00,0.9541,19,None
3948,-13.06,10.79,5.05,0.00,0.9541,19,None
3949,-13.06,10.79,5.05,0.00,0.9541,19,None
3950,-13.06,10.79,5.05,0.00,0.9541,19,None
3951,-13.06,10.79,5.05,0.00,0.9541,19,None
3952,-13.06,10.79,5.05,0.00,0.9541,19,None
3953,-13.06,10.79,5.05,0.00,0.9541,19,None
3954,-13.06,10.79,5.05,0.00,0.9541,19,None
3955,-13.06,10.79,5.05,0.00,0.9540,19,None
3956,-13.06,10.79,5.05,0.00,0.9540,19,None
3957,-13.06,10.79,5.05,0.00,0.9540,19,None
3958,-13.06,10.79,5.05,0.00,0.9540,19,None
3959,-13.06,10.79,5.05,0.00,0.9540,19,None
3960,-13.06,10.79,5.05,0.00,0.9540,19,None
3961,-13.06,10.79,5.05,0.00,0.9540,19,None
3962,-13.06,10.79,5.05,0.00,0.9540,19,None
3963,-13.03,10.79,5.05,0.56,0.9540,19,None
3964,-13.03,10.79,5.05,0.56,0.9540,19,None
3965,-13.03,10.79,5.05,0.56,0.9540,19,None
3966,-13.03,10.79,5.05,0.56,0.9540,19,None
3967,-13.03,10.79,5.05,0.56,0.9540,19,None
3968,-12.92,10.79,5.05,1.11,0.9539,19,None
3969,-12.92,10.79,5.05,1.11,0.9539,19,None
3970,-12.92,10.79,5.05,1.11,0.9539,19,None
3971,-12.78,10.80,5.04,2.10,0.9539,19,None
3972,-12.78,10.80,5.04,2.10,0.9539,19,None
3973,-12.78,10.80,5.04,2.10,0.9539,19,None
3974,-12.62,10.80,5.04,2.76,0.9538,19,None
3975,-12.62,10.80,5.04,2.76,0.9538,19,None
3976,-12.48,10.81,5.04,3.35,0.9538,19,None
3977,-12.48,10.81,5.04,3.35,0.9538,19,None
3978,-12.39,10.81,5.03,3.76,0.9538,19,None
3979,-12.39,10.81,5.03,3.76,0.9538,19,None
3980,-12.21,10.82,5.03,4.00,0.9538,19,None
3981,-12.21,10.82,5.03,4.00,0.9538,19,None
3982,-12.21,10.82,5.03,4.00,0.9538,19,None
3983,-12.21,10.82,5.03,4.00,0.9538,19,None
3984,-12.21,10.82,5.03,4.00,0.9538,19,None
3985,-11.72,10.83,5.03,4.46,0.9537,19,None
3986,-11.72,10.83,5.03,4.46,0.9537,19,None
3987,-11.72,10.83,5.03,4.46,0.9537,19,None
3988,-11.40,10.84,5.03,5.54,0.9537,19,None
3989,-11.40,10.84,5.03,5.54,0.9537,19,None
3990,-11.14,10.85,5.02,6.12,0.9537,19,None
3991,-11.14,10.85,5.02,6.12,0.9537,19,None
3992,-11.14,10.85,5.02,6.12,0.9537,19,None
3993,-11.14,10.85,5.02,6.12,0.9537,19,None
3994,-10.70,10.86,5.02,6.56,0.9536,19,None
3995,-10.70,10.86,5.02,6.56,0.9536,19,None
3996,-10.39,10.87,5.02,7.22,0.9536,19,None
3997,-10.39,10.87,5.02,7.22,0.9536,19,None
3998,-10.39,10.87,5.02,7.22,0.9536,19,None
3999,-9.95,10.88,5.01,7.66,0.9536,19,None
4000,-9.95,10.88,5.01,7.66,0.9536,19,None
4001,-9.50,10.90,5.01,8.23,0.9535,19,None
4002,-9.50,10.90,5.01,8.23,0.9535,19,None
4003,-9.50,10.90,5.01,8.23,0.9535,19,None
4004,-9.03,10.91,5.01,8.77,0.9535,19,None
4005,-9.03,10.91,5.01,8.77,0.9535,19,None
4006,-9.03,10.91,5.01,8.77,0.9535,19,None
4007,-9.03,10.91,5.01,8.77,0.9535,19,None
4008,-8.35,10.93,5.02,9.31,0.9535,19,None
4009,-8.35,10.93,5.02,9.31,0.9535,19,None
4010,-7.94,10.94,5.02,10.05,0.9534,19,None
4011,-7.70,10.95,5.02,10.45,0.9534,19,None
4012,-7.70,10.95,5.02,10.45,0.9534,19,None
4013,-7.18,10.97,5.02,10.68,0.9534,19,None
4014,-7.18,10.97,5.02,10.68,0.9534,19,None
4015,-7.18,10.97,5.02,10.68,0.9534,19,None
4016,-7.18,10.97,5.02,10.68,0.9534,19,None
4017,-7.18,10.97,5.02,10.68,0.9534,19,None
4018,-7.18,10.97,5.02,10.68,0.9534,19,None
4019,-5.93,11.00,5.03,11.17,0.9533,19,None
4020,-5.93,11.00,5.03,11.17,0.9533,19,None
4021,-5.93,11.00,5.03,11.17,0.9533,19,None
4022,-5.23,11.02,5.03,12.29,0.9533,19,None
4023,-5.23,11.02,5.03,12.29,0.9533,19,None
4024,-4.67,11.04,5.03,12.86,0.9533,19,None
4025,-4.67,11.04,5.03,12.86,0.9533,19,None
4026,-4.67,11.04,5.03,12.86,0.9533,19,None
4027,-3.77,11.07,5.04,13.30,0.9532,19,None
4028,-3.77,11.07,5.04,13.30,0.9532,19,None
4029,-3.77,11.07,5.04,13.30,0.9532,19,None
4030,-3.15,11.09,5.04,13.97,0.9532,19,None
4031,-3.15,11.09,5.04,13.97,0.9532,19,None
4032,-3.15,11.09,5.04,13.97,0.9532,19,None
4033,-2.30,11.11,5.04,14.42,0.9532,19,None
4034,-2.30,11.11,5.04,14.42,0.9532,19,None
4035,-1.47,11.14,5.04,15.01,0.9532,19,None
4036,-1.47,11.14,5.04,15.01,0.9532,19,None
4037,-1.47,11.14,5.04,15.01,0.9532,19,None
4038,-0.59,11.16,5.04,15.56,0.9531,19,None
4039,-0.59,11.16,5.04,15.56,0.9531,19,None
4040,-0.59,11.16,5.04,15.56,0.9531,19,None
4041,-0.59,11.16,5.04,15.56,0.9531,19,None
4042,0.64,11.20,5.04,16.12,0.9531,19,None
4043,0.64,11.20,5.04,16.12,0.9531,19,None
4044,1.34,11.22,5.04,16.88,0.9531,19,None
4045,1.78,11.23,5.04,17.30,0.9530,19,None
4046,1.78,11.23,5.04,17.30,0.9530,19,None
4047,1.78,11.23,5.04,17.30,0.9530,19,None
4048,2.70,11.26,5.04,17.55,0.9530,19,None
4049,2.70,11.26,5.04,17.55,0.9530,19,None
4050,2.70,11.26,5.04,17.55,0.9530,19,None
4051,2.70,11.26,5.04,17.55,0.9530,19,None
4052,2.70,11.26,5.04,17.55,0.9530,19,None
4053,2.70,11.26,5.04,17.55,0.9530,19,None
4054,4.86,11.33,5.03,18.08,0.9529,19,None
4055,4.86,11.33,5.03,18.08,0.9529,19,None
4056,4.86,11.33,5.03,18.08,0.9529,19,None
4057,6.05,11.36,5.02,19.28,0.9529,19,None
4058,6.05,11.36,5.02,19.28,0.9529,19,None
4059,6.92,11.39,5.01,19.89,0.9529,19,None
4060,6.92,11.39,5.01,19.89,0.9529,19,None
4061,6.92,11.39,5.01,19.89,0.9529,19,None
4062,6.92,11.39,5.01,19.89,0.9529,19,None
4063,8.33,11.43,5.01,20.33,0.9529,19,None
4064,8.33,11.43,5.01,20.33,0.9529,19,None
4065,9.28,11.46,5.02,21.03,0.9528,19,None
4066,9.28,11.46,5.02,21.03,0.9528,19,None
4067,9.28,11.46,5.02,21.03,0.9528,19,None
4068,10.53,11.50,5.03,21.48,0.9528,19,None
4069,10.53,11.50,5.03,21.48,0.9528,19,None
4070,10.53,11.50,5.03,21.48,0.9528,19,None
4071,11.77,11.53,5.03,22.06,0.9528,19,None
4072,11.77,11.53,5.03,22.06,0.9528,19,None
4073,13.00,11.57,5.04,0.00,0.9527,19,None
4074,13.00,11.57,5.04,0.00,0.9527,19,None
4075,13.00,11.57,5.04,0.00,0.9527,19,None
4076,13.00,11.57,5.04,0.00,0.9527,19,None
4077,13.00,11.57,5.04,0.00,0.9527,19,None
4078,13.00,11.57,5.04,0.00,0.9527,19,None
4079,13.00,11.57,5.04,0.00,0.9527,19,None
4080,13.00,11.57,5.04,0.00,0.9527,19,None
4081,13.00,11.57,5.04,0.00,0.9527,19,None
4082,13.00,11.57,5.04,0.00,0.9527,19,None
4083,13.00,11.57,5.04,0.00,0.9526,19,None
4084,13.00,11.57,5.04,0.00,0.9526,19,None
4085,13.00,11.57,5.04,0.00,0.9526,19,None
4086,13.00,11.57,5.04,0.00,0.9526,19,None
4087,13.00,11.57,5.04,0.00,0.9526,19,None
4088,13.00,11.57,5.04,0.00,0.9526,19,None
4089,13.00,11.57,5.04,0.00,0.9526,19,None
4090,13.00,11.57,5.04,0.00,0.9526,19,None
4091,13.00,11.57,5.04,0.00,0.9525,19,None
4092,13.00,11.57,5.04,0.00,0.9525,19,None
4093,13.00,11.57,5.04,0.00,0.9525,19,None
4094,13.00,11.57,5.04,0.00,0.9525,19,None
4095,13.00,11.57,5.04,0.00,0.9525,19,None
4096,13.00,11.57,5.04,0.00,0.9525,19,None
4097,13.00,11.57,5.04,0.00,0.9525,19,None
4098,13.00,11.57,5.04,0.00,0.9525,19,None
4099,13.00,11.57,5.04,0.00,0.9524,19,None
4100,13.00,11.57,5.04,0.00,0.9524,19,None
4101,13.00,11.57,5.04,0.00,0.9524,19,None
4102,13.00,11.57,5.04,0.00,0.9524,19,None
4103,13.00,11.57,5.04,0.00,0.9524,19,None
4104,13.00,11.57,5.04,0.00,0.9524,19,None
4105,13.00,11.57,5.04,0.00,0.9524,19,None
4106,13.00,11.57,5.04,0.00,0.9524,19,None
4107,13.00,11.57,5.04,0.00,0.9524,19,None
4108,13.00,11.57,5.04,0.00,0.9523,19,None
4109,13.00,11.57,5.04,0.00,0.9523,19,None
4110,13.00,11.57,5.04,0.00,0.9523,19,None
4111,13.00,11.57,5.04,0.00,0.9523,19,None
4112,13.00,11.57,5.04,0.00,0.9523,19,None
4113,13.00,11.57,5.04,0.00,0.9523,19,None
4114,13.00,11.57,5.04,0.00,0.9523,19,None
4115,13.00,11.57,5.04,0.00,0.9523,19,None
4116,13.00,11.57,5.04,0.00,0.9523,19,None
4117,13.00,11.57,5.04,0.00,0.9523,19,None
4118,13.00,11.57,5.04,0.00,0.9523,19,None
4119,13.00,11.57,5.04,0.00,0.9522,19,None
4120,13.00,11.57,5.04,0.00,0.9522,19,None
4121,13.00,11.57,5.04,0.00,0.9522,19,None
4122,13.00,11.57,5.04,0.00,0.9522,19,None
4123,13.00,11.57,5.04,0.00,0.9522,19,None
4124,13.00,11.57,5.04,0.00,0.9522,19,None
4125,13.00,11.57,5.04,0.00,0.9522,19,None
4126,13.00,11.57,5.04,0.00,0.9522,19,None
4127,13.00,11.57,5.04,0.00,0.9521,19,None
4128,13.00,11.57,5.04,0.00,0.9521,19,None
4129,13.00,11.57,5.04,0.00,0.9521,19,None
4130,13.00,11.57,5.04,0.00,0.9521,19,None
4131,13.00,11.57,5.04,0.00,0.9521,19,None
4132,13.00,11.57,5.04,0.00,0.9521,19,None
4133,13.00,11.57,5.04,0.00,0.9521,19,None
4134,13.00,11.57,5.04,0.00,0.9521,19,None
4135,13.00,11.57,5.04,0.00,0.9521,19,None
4136,13.00,11.57,5.04,0.00,0.9520,19,None
4137,13.00,11.57,5.04,0.00,0.9520,19,None
4138,13.00,11.57,5.04,0.00,0.9520,19,None
4139,13.00,11.57,5.04,0.00,0.9520,19,None
4140,13.00,11.57,5.04,0.00,0.9520,19,None
4141,13.00,11.57,5.04,0.00,0.9520,19,None
4142,13.00,11.57,5.04,0.00,0.9520,19,None
4143,13.00,11.57,5.04,0.00,0.9520,19,None
4144,13.00,11.57,5.04,0.00,0.9519,19,None
4145,13.00,11.57,5.04,0.00,0.9519,19,None
4146,13.00,11.57,5.04,0.00,0.9519,19,None
4147,12.97,11.57,5.04,0.56,0.9519,19,None
4148,12.97,11.57,5.04,0.56,0.9519,19,None
4149,12.91,11.57,5.04,1.11,0.9519,19,None
4150,12.91,11.57,5.04,1.11,0.9519,19,None
4151,12.91,11.57,5.04,1.11,0.9519,19,None
4152,12.91,11.57,5.04,1.11,0.9519,19,None
4153,12.91,11.57,5.04,1.11,0.9519,19,None
4154,12.74,11.58,5.04,1.67,0.9518,19,None
4155,12.74,11.58,5.04,1.67,0.9518,19,None
4156,12.74,11.58,5.04,1.67,0.9518,19,None
4157,12.60,11.58,5.04,2.66,0.9518,19,None
4158,12.60,11.58,5.04,2.66,0.9518,19,None
4159,12.60,11.58,5.04,2.66,0.9518,19,None
4160,12.42,11.59,5.04,3.20,0.9518,19,None
4161,12.42,11.59,5.04,3.20,0.9518,19,None
4162,12.42,11.59,5.04,3.20,0.9518,19,None
4163,12.16,11.60,5.04,3.77,0.9517,19,None
4164,12.16,11.60,5.04,3.77,0.9517,19,None
4165,12.16,11.60,5.04,3.77,0.9517,19,None
4166,11.97,11.60,5.03,4.44,0.9517,19,None
4167,11.97,11.60,5.03,4.44,0.9517,19,None
4168,11.68,11.61,5.03,4.89,0.9517,19,None
4169,11.68,11.61,5.03,4.89,0.9517,19,None
4170,11.68,11.61,5.03,4.89,0.9517,19,None
4171,11.38,11.62,5.03,5.46,0.9516,19,None
4172,11.38,11.62,5.03,5.46,0.9516,19,None
4173,11.38,11.62,5.03,5.46,0.9516,19,None
4174,11.05,11.63,5.03,6.01,0.9516,19,None
4175,11.05,11.63,5.03,6.01,0.9516,19,None
4176,11.05,11.63,5.03,6.01,0.9516,19,None
4177,11.05,11.63,5.03,6.01,0.9516,19,None
4178,10.56,11.64,5.03,6.56,0.9516,19,None
4179,10.56,11.64,5.03,6.56,0.9516,19,None
4180,10.27,11.65,5.03,7.31,0.9515,19,None
4181,10.09,11.66,5.02,7.72,0.9515,19,None
4182,10.09,11.66,5.02,7.72,0.9515,19,None
4183,9.70,11.67,5.02,7.95,0.9515,19,None
4184,9.70,11.67,5.02,7.95,0.9515,19,None
4185,9.70,11.67,5.02,7.95,0.9515,19,None
4186,9.70,11.67,5.02,7.95,0.9515,19,None
4187,9.70,11.67,5.02,7.95,0.9515,19,None
4188,9.70,11.67,5.02,7.95,0.9515,19,None
4189,8.76,11.70,5.02,8.44,0.9514,19,None
4190,8.76,11.70,5.02,8.44,0.9514,19,None
4191,8.76,11.70,5.02,8.44,0.9514,19,None
4192,8.19,11.71,5.01,9.55,0.9514,19,None
4193,8.19,11.71,5.01,9.55,0.9514,19,None
4194,7.74,11.73,5.01,10.15,0.9514,19,None
4195,7.74,11.73,5.01,10.15,0.9514,19,None
4196,7.74,11.73,5.01,10.15,0.9514,19,None
4197,7.74,11.73,5.01,10.15,0.9514,19,None
4198,7.01,11.75,5.01,10.59,0.9514,19,None
4199,7.01,11.75,5.01,10.59,0.9514,19,None
4200,6.50,11.76,5.02,11.29,0.9513,19,None
4201,6.50,11.76,5.02,11.29,0.9513,19,None
4202,6.50,11.76,5.02,11.29,0.9513,19,None
4203,5.80,11.79,5.02,11.73,0.9513,19,None
4204,5.80,11.79,5.02,11.73,0.9513,19,None
4205,5.80,11.79,5.02,11.73,0.9513,19,None
4206,5.11,11.81,5.03,12.33,0.9513,19,None
4207,5.11,11.81,5.03,12.33,0.9513,19,None
4208,4.39,11.83,5.03,12.89,0.9512,19,None
4209,4.39,11.83,5.03,12.89,0.9512,19,None
4210,4.39,11.83,5.03,12.89,0.9512,19,None
4211,4.39,11.83,5.03,12.89,0.9512,19,None
4212,3.36,11.86,5.04,13.45,0.9512,19,None
4213,3.36,11.86,5.04,13.45,0.9512,19,None
4214,2.78,11.88,5.04,14.22,0.9512,19,None
4215,2.44,11.89,5.04,14.63,0.9512,19,None
4216,2.44,11.89,5.04,14.63,0.9512,19,None
4217,2.44,11.89,5.04,14.63,0.9512,19,None
4218,1.69,11.91,5.04,14.86,0.9511,19,None
4219,1.69,11.91,5.04,14.86,0.9511,19,None
4220,1.69,11.91,5.04,14.86,0.9511,19,None
4221,1.69,11.91,5.04,14.86,0.9511,19,None
4222,1.69,11.91,5.04,14.86,0.9511,19,None
4223,1.69,11.91,5.04,14.86,0.9511,19,None
4224,-0.11,11.96,5.04,15.36,0.9511,19,None
4225,-0.11,11.96,5.04,15.36,0.9511,19,None
4226,-0.11,11.96,5.04,15.36,0.9511,19,None
4227,-1.14,11.99,5.04,16.53,0.9510,19,None
4228,-1.14,11.99,5.04,16.53,0.9510,19,None
4229,-1.91,12.02,5.04,17.16,0.9510,19,None
4230,-1.91,12.02,5.04,17.16,0.9510,19,None
4231,-1.91,12.02,5.04,17.16,0.9510,19,None
4232,-1.91,12.02,5.04,17.16,0.9510,19,None
4233,-3.19,12.05,5.04,17.61,0.9510,19,None
4234,-3.19,12.05,5.04,17.61,0.9510,19,None
4235,-4.01,12.08,5.04,18.33,0.9509,19,None
4236,-4.01,12.08,5.04,18.33,0.9509,19,None
4237,-4.01,12.08,5.04,18.33,0.9509,19,None
4238,-5.12,12.11,5.03,18.78,0.9509,19,None
4239,-5.12,12.11,5.03,18.78,0.9509,19,None
4240,-5.12,12.11,5.03,18.78,0.9509,19,None
4241,-6.21,12.15,5.03,19.37,0.9509,19,None
4242,-6.21,12.15,5.03,19.37,0.9509,19,None
4243,-6.21,12.15,5.03,19.37,0.9509,19,None
4244,-7.30,12.18,5.02,19.93,0.9508,19,None
4245,-7.30,12.18,5.02,19.93,0.9508,19,None
4246,-7.30,12.18,5.02,19.93,0.9508,19,None
4247,-8.82,12.22,5.01,20.48,0.9508,19,None
4248,-8.82,12.22,5.01,20.48,0.9508,19,None
4249,-9.69,12.25,5.01,21.22,0.9508,19,None
4250,-10.17,12.26,5.02,21.64,0.9508,19,None
4251,-10.17,12.26,5.02,21.64,0.9508,19,None
4252,-10.17,12.26,5.02,21.64,0.9508,19,None
4253,-11.23,12.30,5.02,21.86,0.9507,19,None
4254,-11.23,12.30,5.02,21.86,0.9507,19,None
4255,-11.23,12.30,5.02,21.86,0.9507,19,None
4256,-11.23,12.30,5.02,21.86,0.9507,19,None
4257,-11.23,12.30,5.02,21.86,0.9507,19,None
4258,-13.06,12.35,5.04,0.00,0.9507,19,None
4259,-13.06,12.35,5.04,0.00,0.9507,19,None
4260,-13.06,12.35,5.04,0.00,0.9507,19,None
4261,-13.06,12.35,5.04,0.00,0.9506,19,None
4262,-13.06,12.35,5.04,0.00,0.9506,19,None
4263,-13.06,12.35,5.04,0.00,0.9506,19,None
4264,-13.06,12.35,5.04,0.00,0.9506,19,None
4265,-13.06,12.35,5.04,0.00,0.9506,19,None
4266,-13.06,12.35,5.04,0.00,0.9506,19,None
4267,-13.06,12.35,5.04,0.00,0.9506,19,None
4268,-13.06,12.35,5.04,0.00,0.9506,19,None
4269,-13.06,12.35,5.04,0.00,0.9506,19,None
4270,-13.06,12.35,5.04,0.00,0.9505,19,None
4271,-13.06,12.35,5.04,0.00,0.9505,19,None
4272,-13.06,12.35,5.04,0.00,0.9505,19,None
4273,-13.06,12.35,5.04,0.00,0.9505,19,None
4274,-13.06,12.35,5.04,0.00,0.9505,19,None
4275,-13.06,12.35,5.04,0.00,0.9505,19,None
4276,-13.06,12.35,5.04,0.00,0.9505,19,None
4277,-13.06,12.35,5.04,0.00,0.9505,19,None
4278,-13.06,12.35,5.04,0.00,0.9505,19,None
4279,-13.06,12.35,5.04,0.00,0.9505,19,None
4280,-13.06,12.35,5.04,0.00,0.9505,19,None
4281,-13.06,12.35,5.04,0.00,0.9504,19,None
4282,-13.06,12.35,5.04,0.00,0.9504,19,None
4283,-13.06,12.35,5.04,0.00,0.9504,19,None
4284,-13.06,12.35,5.04,0.00,0.9504,19,None
4285,-13.06,12.35,5.04,0.00,0.9504,19,None
4286,-13.06,12.35,5.04,0.00,0.9504,19,None
4287,-13.06,12.35,5.04,0.00,0.9504,19,None
4288,-13.06,12.35,5.04,0.00,0.9504,19,None
4289,-13.06,12.35,5.04,0.00,0.9503,19,None
4290,-13.06,12.35,5.04,0.00,0.9503,19,None
4291,-13.06,12.35,5.04,0.00,0.9503,19,None
4292,-13.06,12.35,5.04,0.00,0.9503,19,None
4293,-13.06,12.35,5.04,0.00,0.9503,19,None
4294,-13.06,12.35,5.04,0.00,0.9503,19,None
4295,-13.06,12.35,5.04,0.00,0.9503,19,None
4296,-13.06,12.35,5.04,0.00,0.9503,19,None
4297,-13.06,12.35,5.04,0.00,0.9503,19,None
4298,-13.06,12.35,5.04,0.00,0.9503,19,None
4299,-13.06,12.35,5.04,0.00,0.9502,19,None
4300,-13.06,12.35,5.04,0.00,0.9502,19,None
4301,-13.06,12.35,5.04,0.00,0.9502,19,None
4302,-13.06,12.35,5.04,0.00,0.9502,19,None
4303,-13.06,12.35,5.04,0.00,0.9502,19,None
4304,-13.06,12.35,5.04,0.00,0.9502,19,None
4305,-13.06,12.35,5.04,0.00,0.9502,19,None
4306,-13.06,12.35,5.04,0.00,0.9502,19,None
4307,-13.06,12.35,5.04,0.00,0.9501,19,None
4308,-13.06,12.35,5.04,0.00,0.9501,19,None
4309,-13.06,12.35,5.04,0.00,0.9501,19,None
4310,-13.06,12.35,5.04,0.00,0.9501,19,None
4311,-13.06,12.35,5.04,0.00,0.9501,19,None
4312,-13.06,12.35,5.04,0.00,0.9501,19,None
4313,-13.06,12.35,5.04,0.00,0.9501,19,None
4314,-13.06,12.35,5.04,0.00,0.9501,19,None
4315,-13.06,12.35,5.04,0.00,0.9500,19,None
4316,-13.06,12.35,5.04,0.00,0.9500,19,None
4317,-13.06,12.35,5.04,0.00,0.9500,19,None
4318,-13.06,12.35,5.04,0.00,0.9500,19,None
4319,-13.06,12.35,5.04,0.00,0.9500,19,None
4320,-13.06,12.35,5.04,0.00,0.9500,19,None
4321,-13.06,12.35,5.04,0.00,0.9500,19,None
4322,-13.06,12.35,5.04,0.00,0.9500,19,None
4323,-13.06,12.35,5.04,0.00,0.9500,19,None
4324,-13.06,12.35,5.04,0.00,0.9500,19,None
4325,-13.06,12.35,5.04,0.00,0.9499,19,None
4326,-13.06,12.35,5.04,0.00,0.9499,19,None
4327,-13.06,12.35,5.04,0.00,0.9499,19,None
4328,-13.06,12.35,5.04,0.00,0.9499,19,None
4329,-13.06,12.35,5.04,0.00,0.9499,19,None
4330,-13.06,12.35,5.04,0.00,0.9499,19,None
4331,-13.06,12.35,5.04,0.00,0.9499,19,None
4332,-13.06,12.35,5.04,0.00,0.9499,19,None
4333,-13.03,12.35,5.04,0.52,0.9498,19,None
4334,-13.03,12.35,5.04,0.52,0.9498,19,None
4335,-13.03,12.35,5.04,0.52,0.9498,19,None
4336,-13.03,12.35,5.04,0.52,0.9498,19,None
4337,-13.03,12.35,5.04,0.52,0.9498,19,None
4338,-12.94,12.35,5.04,1.04,0.9498,19,None
4339,-12.94,12.35,5.04,1.04,0.9498,19,None
4340,-12.83,12.36,5.04,1.98,0.9498,19,None
4341,-12.83,12.36,5.04,1.98,0.9498,19,None
4342,-12.83,12.36,5.04,1.98,0.9498,19,None
4343,-12.71,12.36,5.04,2.50,0.9497,19,None
4344,-12.71,12.36,5.04,2.50,0.9497,19,None
4345,-12.71,12.36,5.04,2.50,0.9497,19,None
4346,-12.51,12.37,5.04,3.00,0.9497,19,None
4347,-12.51,12.37,5.04,3.00,0.9497,19,None
4348,-12.36,12.37,5.03,3.67,0.9497,19,None
4349,-12.28,12.37,5.03,4.07,0.9497,19,None
4350,-12.28,12.37,5.03,4.07,0.9497,19,None
4351,-12.10,12.38,5.03,4.26,0.9496,19,None
4352,-12.10,12.38,5.03,4.26,0.9496,19,None
4353,-12.10,12.38,5.03,4.26,0.9496,19,None
4354,-12.10,12.38,5.03,4.26,0.9496,19,None
4355,-12.10,12.38,5.03,4.26,0.9496,19,None
4356,-11.62,12.39,5.03,4.70,0.9496,19,None
4357,-11.62,12.39,5.03,4.70,0.9496,19,None
4358,-11.62,12.39,5.03,4.70,0.9496,19,None
4359,-11.31,12.40,5.03,5.72,0.9496,19,None
4360,-11.31,12.40,5.03,5.72,0.9496,19,None
4361,-11.04,12.41,5.02,6.26,0.9495,19,None
4362,-11.04,12.41,5.02,6.26,0.9495,19,None
4363,-11.04,12.41,5.02,6.26,0.9495,19,None
4364,-10.70,12.42,5.02,6.69,0.9495,19,None
4365,-10.70,12.42,5.02,6.69,0.9495,19,None
4366,-10.33,12.43,5.02,7.20,0.9495,19,None
4367,-10.33,12.43,5.02,7.20,0.9495,19,None
4368,-10.33,12.43,5.02,7.20,0.9495,19,None
4369,-9.90,12.44,5.01,7.71,0.9494,19,None
4370,-9.90,12.44,5.01,7.71,0.9494,19,None
4371,-9.90,12.44,5.01,7.71,0.9494,19,None
4372,-9.44,12.46,5.01,8.27,0.9494,19,None
4373,-9.44,12.46,5.01,8.27,0.9494,19,None
4374,-8.97,12.47,5.01,8.82,0.9494,19,None
4375,-8.97,12.47,5.01,8.82,0.9494,19,None
4376,-8.97,12.47,5.01,8.82,0.9494,19,None
4377,-8.48,12.49,5.02,9.35,0.9494,19,None
4378,-8.48,12.49,5.02,9.35,0.9494,19,None
4379,-8.48,12.49,5.02,9.35,0.9494,19,None
4380,-8.48,12.49,5.02,9.35,0.9494,19,None
4381,-7.76,12.51,5.02,9.89,0.9493,19,None
4382,-7.76,12.51,5.02,9.89,0.9493,19,None
4383,-7.32,12.52,5.02,10.61,0.9493,19,None
4384,-7.07,12.53,5.02,11.03,0.9493,19,None
4385,-7.07,12.53,5.02,11.03,0.9493,19,None
4386,-6.53,12.55,5.03,11.25,0.9493,19,None
4387,-6.53,12.55,5.03,11.25,0.9493,19,None
4388,-6.53,12.55,5.03,11.25,0.9493,19,None
4389,-6.53,12.55,5.03,11.25,0.9493,19,None
4390,-6.53,12.55,5.03,11.25,0.9493,19,None
4391,-6.53,12.55,5.03,11.25,0.9493,19,None
4392,-5.25,12.58,5.03,11.73,0.9492,19,None
4393,-5.25,12.58,5.03,11.73,0.9492,19,None
4394,-5.25,12.58,5.03,11.73,0.9492,19,None
4395,-4.51,12.61,5.04,12.82,0.9492,19,None
4396,-4.51,12.61,5.04,12.82,0.9492,19,None
4397,-3.93,12.62,5.04,13.40,0.9491,19,None
4398,-3.93,12.62,5.04,13.40,0.9491,19,None
4399,-3.93,12.62,5.04,13.40,0.9491,19,None
4400,-2.99,12.65,5.04,13.84,0.9491,19,None
4401,-2.99,12.65,5.04,13.84,0.9491,19,None
4402,-2.33,12.67,5.26,15.29,0.9491,19,None
4403,-2.33,12.67,5.26,15.29,0.9491,19,None
4404,-2.33,12.67,5.26,15.29,0.9491,19,None
4405,-1.47,12.70,5.28,14.97,0.9490,19,None
4406,-1.47,12.70,5.28,14.97,0.9490,19,None
4407,-1.47,12.70,5.28,14.97,0.9490,19,None
4408,-0.60,12.72,5.28,15.55,0.9490,19,None
4409,-0.60,12.72,5.28,15.55,0.9490,19,None
4410,-0.60,12.72,5.28,15.55,0.9490,19,None
4411,0.30,12.75,5.28,16.11,0.9490,19,None
4412,0.30,12.75,5.28,16.11,0.9490,19,None
4413,0.30,12.75,5.28,16.11,0.9490,19,None
4414,0.30,12.75,5.28,16.11,0.9490,19,None
4415,1.63,12.79,5.28,16.66,0.9489,19,None
4416,1.63,12.79,5.28,16.66,0.9489,19,None
4417,2.38,12.81,5.27,17.46,0.9489,19,None
4418,2.84,12.83,5.07,19.55,0.9489,19,None
4419,2.84,12.83,5.07,19.55,0.9489,19,None
4420,2.84,12.83,5.07,19.55,0.9489,19,None
4421,2.84,12.83,5.07,19.55,0.9489,19,None
4422,2.84,12.83,5.07,19.55,0.9489,19,None
4423,4.53,12.88,5.03,18.15,0.9488,19,None
4424,4.53,12.88,5.03,18.15,0.9488,19,None
4425,4.53,12.88,5.03,18.15,0.9488,19,None
4426,4.53,12.88,5.03,18.15,0.9488,19,None
4427,6.02,12.92,5.02,19.08,0.9488,19,None
4428,6.02,12.92,5.02,19.08,0.9488,19,None
4429,6.84,12.95,5.01,19.86,0.9488,19,None
4430,6.84,12.95,5.01,19.86,0.9488,19,None
4431,6.84,12.95,5.01,19.86,0.9488,19,None
4432,7.96,12.98,5.01,20.27,0.9487,19,None
4433,7.96,12.98,5.01,20.27,0.9487,19,None
4434,7.96,12.98,5.01,20.27,0.9487,19,None
4435,7.96,12.98,5.01,20.27,0.9487,19,None
4436,9.54,13.03,5.02,20.82,0.9487,19,None
4437,9.54,13.03,5.02,20.82,0.9487,19,None
4438,10.41,13.05,5.03,21.58,0.9487,19,None
4439,10.90,13.07,5.03,21.99,0.9487,19,None
4440,10.90,13.07,5.03,21.99,0.9487,19,None
4441,12.00,13.10,5.03,22.21,0.9486,19,None
4442,12.00,13.10,5.03,22.21,0.9486,19,None
4443,12.00,13.10,5.03,22.21,0.9486,19,None
4444,12.00,13.10,5.03,22.21,0.9486,19,None
4445,12.00,13.10,5.03,22.21,0.9486,19,None
4446,12.00,13.10,5.03,22.21,0.9486,19,None
4447,13.00,13.13,5.05,0.00,0.9486,19,None
4448,13.00,13.13,5.05,0.00,0.9486,19,None
4449,13.00,13.13,5.05,0.00,0.9486,19,None
4450,13.00,13.13,5.05,0.00,0.9486,19,None
4451,13.00,13.13,5.05,0.00,0.9486,19,None
4452,13.00,13.13,5.05,0.00,0.9485,19,None
4453,13.00,13.13,5.05,0.00,0.9485,19,None
4454,13.00,13.13,5.05,0.00,0.9485,19,None
4455,13.00,13.13,5.05,0.00,0.9485,19,None
4456,13.00,13.13,5.05,0.00,0.9485,19,None
4457,13.00,13.13,5.05,0.00,0.9485,19,None
4458,13.00,13.13,5.05,0.00,0.9485,19,None
4459,13.00,13.13,5.05,0.00,0.9485,19,None
4460,13.00,13.13,5.05,0.00,0.9485,19,None
4461,13.00,13.13,5.05,0.00,0.9484,19,None
4462,13.00,13.13,5.05,0.00,0.9484,19,None
4463,13.00,13.13,5.05,0.00,0.9484,19,None
4464,13.00,13.13,5.05,0.00,0.9484,19,None
4465,13.00,13.13,5.05,0.00,0.9484,19,None
4466,13.00,13.13,5.05,0.00,0.9484,19,None
4467,13.00,13.13,5.05,0.00,0.9484,19,None
4468,12.98,13.08,5.05,0.55,0.9483,19,None
4469,12.98,13.08,5.05,0.55,0.9483,19,None
4470,12.98,13.08,5.05,0.55,0.9483,19,None
4471,12.98,13.08,5.05,0.55,0.9483,19,None
4472,12.96,12.98,5.05,1.47,0.9483,19,None
4473,12.96,12.98,5.05,1.47,0.9483,19,None
4474,12.94,12.89,5.05,2.19,0.9483,19,None
4475,12.94,12.89,5.05,2.19,0.9483,19,None
4476,12.94,12.89,5.05,2.19,0.9483,19,None
4477,12.92,12.75,5.04,2.60,0.9483,19,None
4478,12.92,12.75,5.04,2.60,0.9483,19,None
4479,12.92,12.75,5.04,2.60,0.9483,19,None
4480,12.90,12.52,5.04,3.13,0.9482,19,None
4481,12.90,12.52,5.04,3.13,0.9482,19,None
4482,12.88,12.37,5.04,3.86,0.9482,19,None
4483,12.87,12.27,5.04,4.27,0.9482,19,None
4484,12.87,12.27,5.04,4.27,0.9482,19,None
4485,12.87,12.27,5.04,4.27,0.9482,19,None
4486,12.85,12.06,5.04,4.49,0.9481,19,None
4487,12.85,12.06,5.04,4.49,0.9481,19,None
4488,12.85,12.06,5.04,4.49,0.9481,19,None
4489,12.85,12.06,5.04,4.49,0.9481,19,None
4490,12.85,12.06,5.04,4.49,0.9481,19,None
4491,12.81,11.52,5.04,4.97,0.9481,19,None
4492,12.81,11.52,5.04,4.97,0.9481,19,None
4493,12.81,11.52,5.04,4.97,0.9481,19,None
4494,12.78,11.17,5.04,6.06,0.9481,19,None
4495,12.78,11.17,5.04,6.06,0.9481,19,None
4496,12.76,10.88,5.04,6.64,0.9480,19,None
4497,12.76,10.88,5.04,6.64,0.9480,19,None
4498,12.76,10.88,5.04,6.64,0.9480,19,None
4499,12.76,10.88,5.04,6.64,0.9480,19,None
4500,12.73,10.41,5.04,7.07,0.9480,19,None
4501,12.73,10.41,5.04,7.07,0.9480,19,None
4502,12.70,10.07,5.04,7.74,0.9480,19,None
4503,12.70,10.07,5.04,7.74,0.9480,19,None
4504,12.70,10.07,5.04,7.74,0.9480,19,None
4505,12.67,9.59,5.04,8.18,0.9479,19,None
4506,12.67,9.59,5.04,8.18,0.9479,19,None
4507,12.67,9.59,5.04,8.18,0.9479,19,None
4508,12.64,9.10,5.04,8.76,0.9479,19,None
4509,12.64,9.10,5.04,8.76,0.9479,19,None
4510,12.61,8.58,5.04,9.32,0.9479,19,None
4511,12.61,8.58,5.04,9.32,0.9479,19,None
4512,12.61,8.58,5.04,9.32,0.9479,19,None
4513,12.61,8.58,5.04,9.32,0.9479,19,None
4514,12.56,7.79,5.04,9.89,0.9478,19,None
4515,12.56,7.79,5.04,9.89,0.9478,19,None
4516,12.56,7.79,5.04,9.89,0.9478,19,None
4517,12.53,7.34,5.04,10.69,0.9478,19,None
4518,12.51,7.06,5.04,11.11,0.9478,19,None
4519,12.51,7.06,5.04,11.11,0.9478,19,None
4520,12.51,7.06,5.04,11.11,0.9478,19,None
4521,12.51,7.06,5.04,11.11,0.9478,19,None
4522,12.45,6.00,5.04,11.36,0.9477,19,None
4523,12.45,6.00,5.04,11.36,0.9477,19,None
4524,12.45,6.00,5.04,11.36,0.9477,19,None
4525,12.45,6.00,5.04,11.36,0.9477,19,None
4526,12.45,6.00,5.04,11.36,0.9477,19,None
4527,12.39,4.99,5.04,12.30,0.9477,19,None
4528,12.39,4.99,5.04,12.30,0.9477,19,None
4529,12.36,4.44,5.04,13.12,0.9477,19,None
4530,12.36,4.44,5.04,13.12,0.9477,19,None
4531,12.36,4.44,5.04,13.12,0.9477,19,None
4532,12.32,3.64,5.04,13.54,0.9476,19,None
4533,12.32,3.64,5.04,13.54,0.9476,19,None
4534,12.32,3.64,5.04,13.54,0.9476,19,None
4535,12.32,3.64,5.04,13.54,0.9476,19,None
4536,12.26,2.47,5.04,14.13,0.9476,19,None
4537,12.26,2.47,5.04,14.13,0.9476,19,None
4538,12.22,1.83,5.04,14.96,0.9476,19,None
4539,12.20,1.43,5.04,15.38,0.9476,19,None
4540,12.20,1.43,5.04,15.38,0.9476,19,None
4541,12.20,1.43,5.04,15.38,0.9476,19,None
4542,12.20,1.43,5.04,15.38,0.9476,19,None
4543,12.20,1.43,5.04,15.38,0.9476,19,None
4544,12.20,1.43,5.04,15.38,0.9476,19,None
4545,12.11,-0.39,5.04,15.65,0.9475,19,None
4546,12.11,-0.39,5.04,15.65,0.9475,19,None
4547,12.11,-0.39,5.04,15.65,0.9475,19,None
4548,12.05,-1.48,5.04,16.81,0.9475,19,None
4549,12.05,-1.48,5.04,16.81,0.9475,19,None
4550,12.05,-1.48,5.04,16.81,0.9475,19,None
4551,12.01,-2.29,5.04,17.46,0.9474,19,None
4552,12.01,-2.29,5.04,17.46,0.9474,19,None
4553,12.01,-2.29,5.04,17.46,0.9474,19,None
4554,12.01,-2.29,5.04,17.46,0.9474,19,None
4555,11.93,-3.87,5.04,17.92,0.9474,19,None
4556,11.93,-3.87,5.04,17.92,0.9474,19,None
4557,11.89,-4.76,5.04,18.81,0.9474,19,None
4558,11.89,-4.76,5.04,18.81,0.9474,19,None
4559,11.89,-4.76,5.04,18.81,0.9474,19,None
4560,11.89,-4.76,5.04,18.81,0.9474,19,None
4561,11.82,-6.12,5.04,19.28,0.9473,19,None
4562,11.82,-6.12,5.04,19.28,0.9473,19,None
4563,11.82,-6.12,5.04,19.28,0.9473,19,None
4564,11.82,-6.12,5.04,19.28,0.9473,19,None
4565,11.73,-7.89,5.04,19.99,0.9473,19,None
4566,11.73,-7.89,5.04,19.99,0.9473,19,None
4567,11.73,-7.89,5.04,19.99,0.9473,19,None
4568,11.73,-7.89,5.04,19.99,0.9473,19,None
4569,11.66,-9.40,5.04,20.87,0.9472,19,None
4570,11.66,-9.40,5.04,20.87,0.9472,19,None
4571,11.61,-10.35,5.04,21.60,0.9472,19,None
4572,11.61,-10.35,5.04,21.60,0.9472,19,None
4573,11.61,-10.35,5.04,21.60,0.9472,19,None
4574,11.61,-10.35,5.04,21.60,0.9472,19,None
4575,11.55,-11.82,5.04,22.04,0.9472,19,None
4576,11.55,-11.82,5.04,22.04,0.9472,19,None
4577,11.55,-11.82,5.04,22.04,0.9472,19,None
4578,11.55,-11.82,5.04,22.04,0.9472,19,None
4579,11.45,-13.96,5.05,22.71,0.9471,19,None
4580,11.45,-13.96,5.05,22.71,0.9471,19,None
4581,11.40,-14.94,5.07,23.65,0.9471,19,None
4582,11.40,-14.94,5.07,23.65,0.9471,19,None
4583,11.40,-14.94,5.07,23.65,0.9471,19,None
4584,11.33,-16.43,5.06,24.06,0.9471,19,None
4585,11.33,-16.43,5.06,24.06,0.9471,19,None
4586,11.33,-16.43,5.06,24.06,0.9471,19,None
4587,11.33,-16.43,5.06,24.06,0.9471,19,None
4588,11.33,-16.43,5.06,24.06,0.9471,19,None
4589,11.24,-18.51,5.04,24.68,0.9470,19,None
4590,11.24,-18.51,5.04,24.68,0.9470,19,None
4591,11.19,-19.55,5.04,25.53,0.9470,19,None
4592,11.16,-20.25,5.04,25.93,0.9470,19,None
4593,11.16,-20.25,5.04,25.93,0.9470,19,None
4594,11.16,-20.25,5.04,25.93,0.9470,19,None
4595,11.16,-20.25,5.04,25.93,0.9470,19,None
4596,11.16,-20.25,5.04,25.93,0.9470,19,None
4597,11.16,-20.25,5.04,25.93,0.9470,19,None
4598,11.01,-23.40,5.04,26.21,0.9469,19,None
4599,11.01,-23.40,5.04,26.21,0.9469,19,None
4600,11.01,-23.40,5.04,26.21,0.9469,19,None
4601,10.94,-25.15,5.03,27.41,0.9469,19,None
4602,10.94,-25.15,5.03,27.41,0.9469,19,None
4603,10.88,-26.34,5.03,28.05,0.9468,19,None
4604,10.88,-26.34,5.03,28.05,0.9468,19,None
4605,10.88,-26.34,5.03,28.05,0.9468,19,None
4606,10.88,-26.34,5.03,28.05,0.9468,19,None
4607,10.79,-28.52,5.03,28.47,0.9468,19,None
4608,10.79,-28.52,5.03,28.47,0.9468,19,None
4609,10.73,-29.80,5.03,29.24,0.9468,19,None
4610,10.73,-29.80,5.03,29.24,0.9468,19,None
4611,10.73,-29.80,5.03,29.24,0.9468,19,None
4612,10.65,-31.63,5.03,29.68,0.9467,19,None
4613,10.65,-31.63,5.03,29.68,0.9467,19,None
4614,10.65,-31.63,5.03,29.68,0.9467,19,None
4615,10.57,-33.45,5.03,30.29,0.9467,19,None
4616,10.57,-33.45,5.03,30.29,0.9467,19,None
4617,10.57,-33.45,5.03,30.29,0.9467,19,None
4618,10.49,-35.28,5.03,30.90,0.9467,19,None
4619,10.49,-35.28,5.03,30.90,0.9467,19,None
4620,10.49,-35.28,5.03,30.90,0.9467,19,None
4621,10.49,-35.28,5.03,30.90,0.9467,19,None
4622,10.49,-35.28,5.03,30.90,0.9467,19,None
4623,10.38,-37.97,5.03,31.49,0.9466,19,None
4624,10.38,-37.97,5.03,31.49,0.9466,19,None
4625,10.32,-39.30,5.03,32.34,0.9466,19,None
4626,10.28,-40.23,5.03,32.76,0.9466,19,None
4627,10.28,-40.23,5.03,32.76,0.9466,19,None
4628,10.28,-40.23,5.03,32.76,0.9466,19,None
4629,10.28,-40.23,5.03,32.76,0.9466,19,None
4630,10.28,-40.23,5.03,32.76,0.9466,19,None
4631,10.28,-40.23,5.03,32.76,0.9466,19,None
4632,10.12,-44.12,5.02,33.04,0.9465,19,None
4633,10.12,-44.12,5.02,33.04,0.9465,19,None
4634,10.12,-44.12,5.02,33.04,0.9465,19,None
4635,10.12,-44.12,5.02,33.04,0.9465,19,None
4636,10.02,-46.49,5.02,34.22,0.9465,19,None
4637,10.02,-46.49,5.02,34.22,0.9465,19,None
4638,9.95,-48.10,5.02,34.91,0.9465,19,None
4639,9.95,-48.10,5.02,34.91,0.9465,19,None
4640,9.95,-48.10,5.02,34.91,0.9465,19,None
4641,9.95,-48.10,5.02,34.91,0.9465,19,None
4642,9.95,-48.10,5.02,34.91,0.9465,19,None
4643,9.81,-51.37,5.02,35.37,0.9464,19,None
4644,9.81,-51.37,5.02,35.37,0.9464,19,None
4645,9.74,-53.08,5.02,36.30,0.9464,19,None
4646,9.74,-53.08,5.02,36.30,0.9464,19,None
4647,9.74,-53.08,5.02,36.30,0.9464,19,None
4648,9.64,-55.65,5.02,36.77,0.9463,19,None
4649,9.64,-55.65,5.02,36.77,0.9463,19,None
4650,9.64,-55.65,5.02,36.77,0.9463,19,None
4651,9.64,-55.65,5.02,36.77,0.9463,19,None
4652,9.64,-55.65,5.02,36.77,0.9463,19,None
4653,9.51,-58.82,5.02,37.47,0.9463,19,None
4654,9.51,-58.82,5.02,37.47,0.9463,19,None
4655,9.51,-58.82,5.02,37.47,0.9463,19,None
4656,9.40,-61.50,5.02,38.32,0.9463,19,None
4657,9.40,-61.50,5.02,38.32,0.9463,19,None
4658,9.33,-63.12,5.02,39.01,0.9462,19,None
4659,9.33,-63.12,5.02,39.01,0.9462,19,None
4660,9.28,-64.36,5.02,39.43,0.9462,19,None
4661,9.28,-64.36,5.02,39.43,0.9462,19,None
4662,9.28,-64.36,5.02,39.43,0.9462,19,None
4663,9.28,-64.36,5.02,39.43,0.9462,19,None
4664,9.28,-64.36,5.02,39.43,0.9462,19,None
4665,9.12,-68.43,5.02,39.74,0.9462,19,None
4666,9.12,-68.43,5.02,39.74,0.9462,19,None
4667,9.12,-68.43,5.02,39.74,0.9462,19,None
4668,9.12,-68.43,5.02,39.74,0.9462,19,None
4669,9.12,-68.43,5.02,39.74,0.9462,19,None
4670,8.96,-72.50,5.02,40.77,0.9461,19,None
4671,8.96,-72.50,5.02,40.77,0.9461,19,None
4672,8.96,-72.50,5.02,40.77,0.9461,19,None
4673,8.85,-75.29,5.02,41.77,0.9461,19,None
4674,8.85,-75.29,5.02,41.77,0.9461,19,None
4675,8.85,-75.29,5.02,41.77,0.9461,19,None
4676,8.85,-75.29,5.02,41.77,0.9461,19,None
4677,8.72,-78.58,5.02,42.44,0.9460,19,None
4678,8.72,-78.58,5.02,42.44,0.9460,19,None
4679,8.65,-80.43,5.02,43.21,0.9460,19,None
4680,8.65,-80.43,5.02,43.21,0.9460,19,None
4681,8.58,-82.15,5.02,43.64,0.9460,19,None
4682,8.58,-82.15,5.02,43.64,0.9460,19,None
4683,8.58,-82.15,5.02,43.64,0.9460,19,None
4684,8.58,-82.15,5.02,43.64,0.9460,19,None
4685,8.58,-82.15,5.02,43.64,0.9460,19,None
4686,8.58,-82.15,5.02,43.64,0.9460,19,None
4687,8.58,-82.15,5.02,43.64,0.9460,19,None
4688,8.58,-82.15,5.02,43.64,0.9460,19,None
4689,8.34,-88.64,5.01,44.04,0.9459,19,None
4690,8.34,-88.64,5.01,44.04,0.9459,19,None
4691,8.34,-88.64,5.01,44.04,0.9459,19,None
4692,8.34,-88.64,5.01,44.04,0.9459,19,None
4693,8.19,-92.50,5.01,45.51,0.9458,19,None
4694,8.19,-92.50,5.01,45.51,0.9458,19,None
4695,8.19,-92.50,5.01,45.51,0.9458,19,None
4696,8.19,-92.50,5.01,45.51,0.9458,19,None
4697,8.05,-96.27,5.01,46.36,0.9458,19,None
4698,8.05,-96.27,5.01,46.36,0.9458,19,None
4699,8.05,-96.27,5.01,46.36,0.9458,19,None
4700,7.93,-99.52,5.01,47.17,0.9458,19,None
4701,7.93,-99.52,5.01,47.17,0.9458,19,None
4702,7.86,-101.57,5.01,47.86,0.9457,19,None
4703,7.86,-101.57,5.01,47.86,0.9457,19,None
4704,7.86,-101.57,5.01,47.86,0.9457,19,None
4705,7.86,-101.57,5.01,47.86,0.9457,19,None
4706,7.74,-104.81,5.01,48.29,0.9457,19,None
4707,7.74,-104.81,5.01,48.29,0.9457,19,None
4708,7.74,-104.81,5.01,48.29,0.9457,19,None
4709,7.63,-107.96,5.01,48.96,0.9457,19,None
4710,7.63,-107.96,5.01,48.96,0.9457,19,None
4711,7.63,-107.96,5.01,48.96,0.9457,19,None
4712,7.63,-107.96,5.01,48.96,0.9457,19,None
4713,7.63,-107.96,5.01,48.96,0.9457,19,None
4714,7.47,-112.54,5.01,49.60,0.9456,19,None
4715,7.47,-112.54,5.01,49.60,0.9456,19,None
4716,7.40,-114.63,5.01,50.53,0.9456,19,None
4717,7.34,-116.29,5.01,50.94,0.9456,19,None
4718,7.34,-116.29,5.01,50.94,0.9456,19,None
4719,7.34,-116.29,5.01,50.94,0.9456,19,None
4720,7.34,-116.29,5.01,50.94,0.9456,19,None
4721,7.34,-116.29,5.01,50.94,0.9456,19,None
4722,7.34,-116.29,5.01,50.94,0.9456,19,None
