t,p_t_x,p_t_y,h_t,v_t,e_t,|A_t|,|M_t|,o_s_t,Pi,D_t,dt_wait,dt_x,dt_y
1,7.56,-119.25,5.01,0.00,0.9969,19,0,1.00,None,1,0.00,0.00,0.00
2,7.56,-119.25,5.01,0.00,0.9969,19,0,1.00,None,1,0.00,0.00,0.00
3,7.56,-119.25,5.01,0.00,0.9969,19,0,1.00,None,1,0.00,0.00,0.00
4,7.56,-119.25,5.01,0.00,0.9969,19,0,1.00,None,1,0.00,0.00,0.00
5,7.56,-119.25,5.01,0.00,0.9969,19,0,1.00,None,1,0.00,0.00,0.00
6,7.56,-119.25,5.01,0.00,0.9969,19,0,1.00,None,1,0.00,0.00,0.00
7,7.56,-119.25,5.01,0.00,0.9969,19,0,1.00,None,1,0.00,0.00,0.00
8,7.56,-119.25,5.01,0.00,0.9969,19,0,1.00,None,1,0.00,0.00,0.00
9,7.56,-119.25,5.01,0.00,0.9969,19,0,1.00,None,1,0.00,0.00,0.00
10,7.56,-119.25,5.01,0.00,0.9969,19,0,1.00,None,1,0.00,0.00,0.00
11,7.54,-119.21,5.01,0.67,0.9968,19,0,1.00,None,1,0.00,0.00,0.00
12,7.54,-119.21,5.01,0.67,0.9968,19,0,1.00,None,1,0.00,0.00,0.00
13,7.54,-119.21,5.01,0.67,0.9968,19,0,1.00,None,1,0.00,0.00,0.00
14,7.54,-119.21,5.01,0.67,0.9968,19,0,1.00,None,1,0.00,0.00,0.00
15,7.54,-119.21,5.01,0.67,0.9968,19,0,1.00,None,1,0.00,0.00,0.00
16,7.54,-119.21,5.01,0.67,0.9968,19,0,1.00,None,1,0.00,0.00,0.00
17,7.47,-119.05,5.01,1.34,0.9968,19,0,1.00,None,1,0.00,0.00,0.00
18,7.47,-119.05,5.01,1.34,0.9968,19,0,1.00,None,1,0.00,0.00,0.00
19,7.47,-119.05,5.01,1.34,0.9968,19,0,1.00,None,1,0.00,0.00,0.00
20,7.47,-119.05,5.01,1.34,0.9968,19,0,1.00,None,1,0.00,0.00,0.00
21,7.42,-118.92,5.01,2.00,0.9967,19,0,1.00,None,1,0.00,0.00,0.00
22,7.42,-118.92,5.01,2.00,0.9967,19,0,1.00,None,1,0.00,0.00,0.00
23,7.39,-118.85,5.01,2.00,0.9967,19,0,1.00,None,1,0.00,0.00,0.00
24,7.39,-118.85,5.01,2.00,0.9967,19,0,1.00,None,1,0.00,0.00,0.00
25,7.39,-118.85,5.01,2.00,0.9967,19,0,1.00,None,1,0.00,0.00,0.00
26,7.34,-118.72,5.01,2.00,0.9967,19,0,1.00,None,1,0.00,0.00,0.00
27,7.34,-118.72,5.01,2.00,0.9967,19,0,1.00,None,1,0.00,0.00,0.00
28,7.32,-118.66,5.01,2.00,0.9966,19,0,1.00,None,1,0.00,0.00,0.00
29,7.32,-118.66,5.01,2.00,0.9966,19,0,1.00,None,1,0.00,0.00,0.00
30,7.32,-118.66,5.01,2.00,0.9966,19,0,1.00,None,1,0.00,0.00,0.00
31,7.27,-118.54,5.01,2.00,0.9966,19,0,1.00,None,1,0.00,0.00,0.00
32,7.27,-118.54,5.01,2.00,0.9966,19,0,1.00,None,1,0.00,0.00,0.00
33,7.27,-118.54,5.01,2.00,0.9966,19,0,1.00,None,1,0.00,0.00,0.00
34,7.27,-118.54,5.01,2.00,0.9966,19,0,1.00,None,1,0.00,0.00,0.00
35,7.27,-118.54,5.01,2.00,0.9966,19,0,1.00,None,1,0.00,0.00,0.00
36,7.19,-118.35,5.01,2.00,0.9965,19,0,1.00,None,1,0.00,0.00,0.00
37,7.19,-118.35,5.01,2.00,0.9965,19,0,1.00,None,1,0.00,0.00,0.00
38,7.19,-118.35,5.01,2.00,0.9965,19,0,1.00,None,1,0.00,0.00,0.00
39,7.19,-118.35,5.01,2.00,0.9965,19,0,1.00,None,1,0.00,0.00,0.00
40,7.14,-118.23,5.01,2.00,0.9965,19,0,1.00,None,1,0.00,0.00,0.00
41,7.12,-118.16,5.01,2.00,0.9965,19,0,1.00,None,1,0.00,0.00,0.00
42,7.12,-118.16,5.01,2.00,0.9965,19,0,1.00,None,1,0.00,0.00,0.00
43,7.12,-118.16,5.01,2.00,0.9965,19,0,1.00,None,1,0.00,0.00,0.00
44,7.07,-118.05,5.01,2.00,0.9965,19,0,1.00,None,1,0.00,0.00,0.00
45,7.07,-118.05,5.01,2.00,0.9965,19,0,1.00,None,1,0.00,0.00,0.00
46,7.07,-118.05,5.01,2.00,0.9965,19,0,1.00,None,1,0.00,0.00,0.00
47,7.07,-118.05,5.01,2.00,0.9965,19,0,1.00,None,1,0.00,0.00,0.00
48,7.02,-117.92,5.01,2.00,0.9964,19,0,1.00,None,1,0.00,0.00,0.00
49,7.02,-117.92,5.01,2.00,0.9964,19,0,1.00,None,1,0.00,0.00,0.00
50,7.02,-117.92,5.01,2.00,0.9964,19,0,1.00,None,1,0.00,0.00,0.00
51,6.97,-117.80,5.01,2.00,0.9964,19,0,1.00,None,1,0.00,0.00,0.00
52,6.97,-117.80,5.01,2.00,0.9964,19,0,1.00,None,1,0.00,0.00,0.00
53,6.97,-117.80,5.01,2.00,0.9964,19,0,1.00,None,1,0.00,0.00,0.00
54,6.92,-117.68,5.01,2.00,0.9963,19,0,1.00,None,1,0.00,0.00,0.00
55,6.92,-117.68,5.01,2.00,0.9963,19,0,1.00,None,1,0.00,0.00,0.00
56,6.92,-117.68,5.01,2.00,0.9963,19,0,1.00,None,1,0.00,0.00,0.00
57,6.92,-117.68,5.01,2.00,0.9963,19,0,1.00,None,1,0.00,0.00,0.00
58,6.92,-117.68,5.01,2.00,0.9963,19,0,1.00,None,1,0.00,0.00,0.00
59,6.92,-117.68,5.01,2.00,0.9963,19,0,1.00,None,1,0.00,0.00,0.00
60,6.84,-117.48,5.01,2.00,0.9963,19,0,1.00,None,1,0.00,0.00,0.00
61,6.84,-117.48,5.01,2.00,0.9963,19,0,1.00,None,1,0.00,0.00,0.00
62,6.84,-117.48,5.01,2.00,0.9963,19,0,1.00,None,1,0.00,0.00,0.00
63,6.84,-117.48,5.01,2.00,0.9963,19,0,1.00,None,1,0.00,0.00,0.00
64,6.77,-117.31,5.02,2.00,0.9962,19,0,1.00,None,1,0.00,0.00,0.00
65,6.77,-117.31,5.02,2.00,0.9962,19,0,1.00,None,1,0.00,0.00,0.00
66,6.77,-117.31,5.02,2.00,0.9962,19,0,1.00,None,1,0.00,0.00,0.00
67,6.77,-117.31,5.02,2.00,0.9962,19,0,1.00,None,1,0.00,0.00,0.00
68,6.72,-117.19,5.02,2.00,0.9962,19,0,1.00,None,1,0.00,0.00,0.00
69,6.72,-117.19,5.02,2.00,0.9962,19,0,1.00,None,1,0.00,0.00,0.00
70,6.72,-117.19,5.02,2.00,0.9962,19,0,1.00,None,1,0.00,0.00,0.00
71,6.67,-117.06,5.02,2.00,0.9962,19,0,1.00,None,1,0.00,0.00,0.00
72,6.67,-117.06,5.02,2.00,0.9962,19,0,1.00,None,1,0.00,0.00,0.00
73,6.64,-116.99,5.02,2.00,0.9961,19,0,1.00,None,1,0.00,0.00,0.00
74,6.64,-116.99,5.02,2.00,0.9961,19,0,1.00,None,1,0.00,0.00,0.00
75,6.62,-116.93,5.02,2.00,0.9961,19,0,1.00,None,1,0.00,0.00,0.00
76,6.62,-116.93,5.02,2.00,0.9961,19,0,1.00,None,1,0.00,0.00,0.00
77,6.62,-116.93,5.02,2.00,0.9961,19,0,1.00,None,1,0.00,0.00,0.00
78,6.62,-116.93,5.02,2.00,0.9961,19,0,1.00,None,1,0.00,0.00,0.00
79,6.54,-116.75,5.02,2.00,0.9961,19,0,1.00,None,1,0.00,0.00,0.00
80,6.54,-116.75,5.02,2.00,0.9961,19,0,1.00,None,1,0.00,0.00,0.00
81,6.54,-116.75,5.02,2.00,0.9961,19,0,1.00,None,1,0.00,0.00,0.00
82,6.54,-116.75,5.02,2.00,0.9961,19,0,1.00,None,1,0.00,0.00,0.00
83,6.49,-116.62,5.02,2.00,0.9960,19,0,1.00,None,1,0.00,0.00,0.00
84,6.49,-116.62,5.02,2.00,0.9960,19,0,1.00,None,1,0.00,0.00,0.00
85,6.49,-116.62,5.02,2.00,0.9960,19,0,1.00,None,1,0.00,0.00,0.00
86,6.45,-116.50,5.02,2.00,0.9960,19,0,1.00,None,1,0.00,0.00,0.00
87,6.45,-116.50,5.02,2.00,0.9960,19,0,1.00,None,1,0.00,0.00,0.00
88,6.45,-116.50,5.02,2.00,0.9960,19,0,1.00,None,1,0.00,0.00,0.00
89,6.40,-116.38,5.02,2.00,0.9960,19,0,1.00,None,1,0.00,0.00,0.00
90,6.40,-116.38,5.02,2.00,0.9960,19,0,1.00,None,1,0.00,0.00,0.00
91,6.37,-116.31,5.02,2.00,0.9959,19,0,1.00,None,1,0.00,0.00,0.00
92,6.37,-116.31,5.02,2.00,0.9959,19,0,1.00,None,1,0.00,0.00,0.00
93,6.37,-116.31,5.02,2.00,0.9959,19,0,1.00,None,1,0.00,0.00,0.00
94,6.32,-116.20,5.02,2.00,0.9959,19,0,1.00,None,1,0.00,0.00,0.00
95,6.32,-116.20,5.02,2.00,0.9959,19,0,1.00,None,1,0.00,0.00,0.00
96,6.32,-116.20,5.02,2.00,0.9959,19,0,1.00,None,1,0.00,0.00,0.00
97,6.27,-116.08,5.02,2.00,0.9959,19,0,1.00,None,1,0.00,0.00,0.00
98,6.27,-116.08,5.02,2.00,0.9959,19,0,1.00,None,1,0.00,0.00,0.00
99,6.27,-116.08,5.02,2.00,0.9959,19,0,1.00,None,1,0.00,0.00,0.00
100,6.27,-116.08,5.02,2.00,0.9959,19,0,1.00,None,1,0.00,0.00,0.00
101,6.23,-115.96,5.02,2.00,0.9958,19,0,1.00,None,1,0.00,0.00,0.00
102,6.23,-115.96,5.02,2.00,0.9958,19,0,1.00,None,1,0.00,0.00,0.00
103,6.23,-115.96,5.02,2.00,0.9958,19,0,1.00,None,1,0.00,0.00,0.00
104,6.18,-115.84,5.02,2.00,0.9958,19,0,1.00,None,1,0.00,0.00,0.00
105,6.18,-115.84,5.02,2.00,0.9958,19,0,1.00,None,1,0.00,0.00,0.00
106,6.18,-115.84,5.02,2.00,0.9958,19,0,1.00,None,1,0.00,0.00,0.00
107,6.13,-115.72,5.02,2.00,0.9958,19,0,1.00,None,1,0.00,0.00,0.00
108,6.13,-115.72,5.02,2.00,0.9958,19,0,1.00,None,1,0.00,0.00,0.00
109,6.13,-115.72,5.02,2.00,0.9958,19,0,1.00,None,1,0.00,0.00,0.00
110,6.13,-115.72,5.02,2.00,0.9958,19,0,1.00,None,1,0.00,0.00,0.00
111,6.08,-115.59,5.02,2.00,0.9957,19,0,1.00,None,1,0.00,0.00,0.00
112,6.08,-115.59,5.02,2.00,0.9957,19,0,1.00,None,1,0.00,0.00,0.00
113,6.08,-115.59,5.02,2.00,0.9957,19,0,1.00,None,1,0.00,0.00,0.00
114,6.03,-115.47,5.02,2.00,0.9957,19,0,1.00,None,1,0.00,0.00,0.00
115,6.03,-115.47,5.02,2.00,0.9957,19,0,1.00,None,1,0.00,0.00,0.00
116,6.03,-115.47,5.02,2.00,0.9957,19,0,1.00,None,1,0.00,0.00,0.00
117,5.98,-115.35,5.02,2.00,0.9956,19,0,1.00,None,1,0.00,0.00,0.00
118,5.98,-115.35,5.02,2.00,0.9956,19,0,1.00,None,1,0.00,0.00,0.00
119,5.98,-115.35,5.02,2.00,0.9956,19,0,1.00,None,1,0.00,0.00,0.00
120,5.93,-115.23,5.02,2.00,0.9956,19,0,1.00,None,1,0.00,0.00,0.00
121,5.93,-115.23,5.02,2.00,0.9956,19,0,1.00,None,1,0.00,0.00,0.00
122,5.93,-115.23,5.02,2.00,0.9956,19,0,1.00,None,1,0.00,0.00,0.00
123,5.93,-115.23,5.02,2.00,0.9956,19,0,1.00,None,1,0.00,0.00,0.00
124,5.88,-115.11,5.02,2.00,0.9956,19,0,1.00,None,1,0.00,0.00,0.00
125,5.88,-115.11,5.02,2.00,0.9956,19,0,1.00,None,1,0.00,0.00,0.00
126,5.88,-115.11,5.02,2.00,0.9956,19,0,1.00,None,1,0.00,0.00,0.00
127,5.83,-114.98,5.02,2.00,0.9955,19,0,1.00,None,1,0.00,0.00,0.00
128,5.83,-114.98,5.02,2.00,0.9955,19,0,1.00,None,1,0.00,0.00,0.00
129,5.83,-114.98,5.02,2.00,0.9955,19,0,1.00,None,1,0.00,0.00,0.00
130,5.78,-114.86,5.02,2.00,0.9955,19,0,1.00,None,1,0.00,0.00,0.00
131,5.78,-114.86,5.02,2.00,0.9955,19,0,1.00,None,1,0.00,0.00,0.00
132,5.78,-114.86,5.02,2.00,0.9955,19,0,1.00,None,1,0.00,0.00,0.00
133,5.78,-114.86,5.02,2.00,0.9955,19,0,1.00,None,1,0.00,0.00,0.00
134,5.73,-114.74,5.02,2.00,0.9955,19,0,1.00,None,1,0.00,0.00,0.00
135,5.73,-114.74,5.02,2.00,0.9955,19,0,1.00,None,1,0.00,0.00,0.00
136,5.73,-114.74,5.02,2.00,0.9955,19,0,1.00,None,1,0.00,0.00,0.00
137,5.68,-114.62,5.02,2.00,0.9954,19,0,1.00,None,1,0.00,0.00,0.00
138,5.68,-114.62,5.02,2.00,0.9954,19,0,1.00,None,1,0.00,0.00,0.00
139,5.68,-114.62,5.02,2.00,0.9954,19,0,1.00,None,1,0.00,0.00,0.00
140,5.68,-114.62,5.02,2.00,0.9954,19,0,1.00,None,1,0.00,0.00,0.00
141,5.68,-114.62,5.02,2.00,0.9954,19,0,1.00,None,1,0.00,0.00,0.00
142,5.68,-114.62,5.02,2.00,0.9954,19,0,1.00,None,1,0.00,0.00,0.00
143,5.59,-114.38,5.02,2.00,0.9954,19,0,1.00,None,1,0.00,0.00,0.00
144,5.59,-114.38,5.02,2.00,0.9954,19,0,1.00,None,1,0.00,0.00,0.00
145,5.59,-114.38,5.02,2.00,0.9954,19,0,1.00,None,1,0.00,0.00,0.00
146,5.59,-114.38,5.02,2.00,0.9954,19,0,1.00,None,1,0.00,0.00,0.00
147,5.54,-114.25,5.02,2.00,0.9953,19,0,1.00,None,1,0.00,0.00,0.00
148,5.54,-114.25,5.02,2.00,0.9953,19,0,1.00,None,1,0.00,0.00,0.00
149,5.50,-114.17,5.02,2.00,0.9953,19,0,1.00,None,1,0.00,0.00,0.00
150,5.50,-114.17,5.02,2.00,0.9953,19,0,1.00,None,1,0.00,0.00,0.00
151,5.50,-114.17,5.02,2.00,0.9953,19,0,1.00,None,1,0.00,0.00,0.00
152,5.46,-114.06,5.02,2.00,0.9953,19,0,1.00,None,1,0.00,0.00,0.00
153,5.44,-114.01,5.02,2.00,0.9952,19,0,1.00,None,1,0.00,0.00,0.00
154,5.44,-114.01,5.02,2.00,0.9952,19,0,1.00,None,1,0.00,0.00,0.00
155,5.44,-114.01,5.02,2.00,0.9952,19,0,1.00,None,1,0.00,0.00,0.00
156,5.44,-114.01,5.02,2.00,0.9952,19,0,1.00,None,1,0.00,0.00,0.00
157,5.39,-113.88,5.03,2.00,0.9952,19,0,1.00,None,1,0.00,0.00,0.00
158,5.39,-113.88,5.03,2.00,0.9952,19,0,1.00,None,1,0.00,0.00,0.00
159,5.39,-113.88,5.03,2.00,0.9952,19,0,1.00,None,1,0.00,0.00,0.00
160,5.34,-113.76,5.03,2.00,0.9952,19,0,1.00,None,1,0.00,0.00,0.00
161,5.34,-113.76,5.03,2.00,0.9952,19,0,1.00,None,1,0.00,0.00,0.00
162,5.34,-113.76,5.03,2.00,0.9952,19,0,1.00,None,1,0.00,0.00,0.00
163,5.29,-113.64,5.03,2.00,0.9951,19,0,1.00,None,1,0.00,0.00,0.00
164,5.29,-113.64,5.03,2.00,0.9951,19,0,1.00,None,1,0.00,0.00,0.00
165,5.29,-113.64,5.03,2.00,0.9951,19,0,1.00,None,1,0.00,0.00,0.00
166,5.29,-113.64,5.03,2.00,0.9951,19,0,1.00,None,1,0.00,0.00,0.00
167,5.24,-113.52,5.03,2.00,0.9951,19,0,1.00,None,1,0.00,0.00,0.00
168,5.24,-113.52,5.03,2.00,0.9951,19,0,1.00,None,1,0.00,0.00,0.00
169,5.24,-113.52,5.03,2.00,0.9951,19,0,1.00,None,1,0.00,0.00,0.00
170,5.19,-113.39,5.03,2.00,0.9951,19,0,1.00,None,1,0.00,0.00,0.00
171,5.19,-113.39,5.03,2.00,0.9951,19,0,1.00,None,1,0.00,0.00,0.00
172,5.19,-113.39,5.03,2.00,0.9951,19,0,1.00,None,1,0.00,0.00,0.00
173,5.14,-113.27,5.03,2.00,0.9950,19,0,1.00,None,1,0.00,0.00,0.00
174,5.14,-113.27,5.03,2.00,0.9950,19,0,1.00,None,1,0.00,0.00,0.00
175,5.14,-113.27,5.03,2.00,0.9950,19,0,1.00,None,1,0.00,0.00,0.00
176,5.14,-113.27,5.03,2.00,0.9950,19,0,1.00,None,1,0.00,0.00,0.00
177,5.09,-113.15,5.03,2.00,0.9950,19,0,1.00,None,1,0.00,0.00,0.00
178,5.09,-113.15,5.03,2.00,0.9950,19,0,1.00,None,1,0.00,0.00,0.00
179,5.09,-113.15,5.03,2.00,0.9950,19,0,1.00,None,1,0.00,0.00,0.00
180,5.04,-113.03,5.03,2.00,0.9950,19,0,1.00,None,1,0.00,0.00,0.00
181,5.04,-113.03,5.03,2.00,0.9950,19,0,1.00,None,1,0.00,0.00,0.00
182,5.04,-113.03,5.03,2.00,0.9950,19,0,1.00,None,1,0.00,0.00,0.00
183,4.99,-112.90,5.03,2.00,0.9949,19,0,1.00,None,1,0.00,0.00,0.00
184,4.99,-112.90,5.03,2.00,0.9949,19,0,1.00,None,1,0.00,0.00,0.00
185,4.99,-112.90,5.03,2.00,0.9949,19,0,1.00,None,1,0.00,0.00,0.00
186,4.94,-112.78,5.03,2.00,0.9949,19,0,1.00,None,1,0.00,0.00,0.00
187,4.94,-112.78,5.03,2.00,0.9949,19,0,1.00,None,1,0.00,0.00,0.00
188,4.94,-112.78,5.03,2.00,0.9949,19,0,1.00,None,1,0.00,0.00,0.00
189,4.94,-112.78,5.03,2.00,0.9949,19,0,1.00,None,1,0.00,0.00,0.00
190,4.94,-112.78,5.03,2.00,0.9949,19,0,1.00,None,1,0.00,0.00,0.00
191,4.94,-112.78,5.03,2.00,0.9949,19,0,1.00,None,1,0.00,0.00,0.00
192,4.86,-112.59,5.03,2.00,0.9948,19,0,1.00,None,1,0.00,0.00,0.00
193,4.86,-112.59,5.03,2.00,0.9948,19,0,1.00,None,1,0.00,0.00,0.00
194,4.86,-112.59,5.03,2.00,0.9948,19,0,1.00,None,1,0.00,0.00,0.00
195,4.82,-112.47,5.03,2.00,0.9948,19,0,1.00,None,1,0.00,0.00,0.00
196,4.82,-112.47,5.03,2.00,0.9948,19,0,1.00,None,1,0.00,0.00,0.00
197,4.82,-112.47,5.03,2.00,0.9948,19,0,1.00,None,1,0.00,0.00,0.00
198,4.76,-112.34,5.03,2.00,0.9947,19,0,1.00,None,1,0.00,0.00,0.00
199,4.76,-112.34,5.03,2.00,0.9947,19,0,1.00,None,1,0.00,0.00,0.00
200,4.76,-112.34,5.03,2.00,0.9947,19,0,1.00,None,1,0.00,0.00,0.00
201,4.72,-112.22,5.03,2.00,0.9947,19,0,1.00,None,1,0.00,0.00,0.00
202,4.72,-112.22,5.03,2.00,0.9947,19,0,1.00,None,1,0.00,0.00,0.00
203,4.69,-112.17,5.03,2.00,0.9947,19,0,1.00,None,1,0.00,0.00,0.00
204,4.69,-112.17,5.03,2.00,0.9947,19,0,1.00,None,1,0.00,0.00,0.00
205,4.69,-112.17,5.03,2.00,0.9947,19,0,1.00,None,1,0.00,0.00,0.00
206,4.64,-112.05,5.03,2.00,0.9947,19,0,1.00,None,1,0.00,0.00,0.00
207,4.64,-112.05,5.03,2.00,0.9947,19,0,1.00,None,1,0.00,0.00,0.00
208,4.64,-112.05,5.03,2.00,0.9947,19,0,1.00,None,1,0.00,0.00,0.00
209,4.64,-112.05,5.03,2.00,0.9947,19,0,1.00,None,1,0.00,0.00,0.00
210,4.59,-111.92,5.03,2.00,0.9946,19,0,1.00,None,1,0.00,0.00,0.00
211,4.59,-111.92,5.03,2.00,0.9946,19,0,1.00,None,1,0.00,0.00,0.00
212,4.59,-111.92,5.03,2.00,0.9946,19,0,1.00,None,1,0.00,0.00,0.00
213,4.54,-111.79,5.03,2.00,0.9946,19,0,1.00,None,1,0.00,0.00,0.00
214,4.54,-111.79,5.03,2.00,0.9946,19,0,1.00,None,1,0.00,0.00,0.00
215,4.54,-111.79,5.03,2.00,0.9946,19,0,1.00,None,1,0.00,0.00,0.00
216,4.54,-111.79,5.03,2.00,0.9946,19,0,1.00,None,1,0.00,0.00,0.00
217,4.54,-111.79,5.03,2.00,0.9946,19,0,1.00,None,1,0.00,0.00,0.00
218,4.46,-111.60,5.03,2.00,0.9945,19,0,1.00,None,1,0.00,0.00,0.00
219,4.46,-111.60,5.03,2.00,0.9945,19,0,1.00,None,1,0.00,0.00,0.00
220,4.46,-111.60,5.03,2.00,0.9945,19,0,1.00,None,1,0.00,0.00,0.00
221,4.46,-111.60,5.03,2.00,0.9945,19,0,1.00,None,1,0.00,0.00,0.00
222,4.41,-111.48,5.03,2.00,0.9945,19,0,1.00,None,1,0.00,0.00,0.00
223,4.41,-111.48,5.03,2.00,0.9945,19,0,1.00,None,1,0.00,0.00,0.00
224,4.41,-111.48,5.03,2.00,0.9945,19,0,1.00,None,1,0.00,0.00,0.00
225,4.36,-111.35,5.03,2.00,0.9945,19,0,1.00,None,1,0.00,0.00,0.00
226,4.36,-111.35,5.03,2.00,0.9945,19,0,1.00,None,1,0.00,0.00,0.00
227,4.36,-111.35,5.03,2.00,0.9945,19,0,1.00,None,1,0.00,0.00,0.00
228,4.31,-111.23,5.03,2.00,0.9944,19,0,1.00,None,1,0.00,0.00,0.00
229,4.31,-111.23,5.03,2.00,0.9944,19,0,1.00,None,1,0.00,0.00,0.00
230,4.31,-111.23,5.03,2.00,0.9944,19,0,1.00,None,1,0.00,0.00,0.00
231,4.31,-111.23,5.03,2.00,0.9944,19,0,1.00,None,1,0.00,0.00,0.00
232,4.26,-111.11,5.03,2.00,0.9944,19,0,1.00,None,1,0.00,0.00,0.00
233,4.26,-111.11,5.03,2.00,0.9944,19,0,1.00,None,1,0.00,0.00,0.00
234,4.26,-111.11,5.03,2.00,0.9944,19,0,1.00,None,1,0.00,0.00,0.00
235,4.21,-110.98,5.03,2.00,0.9943,19,0,1.00,None,1,0.00,0.00,0.00
236,4.21,-110.98,5.03,2.00,0.9943,19,0,1.00,None,1,0.00,0.00,0.00
237,4.21,-110.98,5.03,2.00,0.9943,19,0,1.00,None,1,0.00,0.00,0.00
238,4.17,-110.86,5.03,2.00,0.9943,19,0,1.00,None,1,0.00,0.00,0.00
239,4.17,-110.86,5.03,2.00,0.9943,19,0,1.00,None,1,0.00,0.00,0.00
240,4.17,-110.86,5.03,2.00,0.9943,19,0,1.00,None,1,0.00,0.00,0.00
241,4.12,-110.75,5.03,2.00,0.9943,19,0,1.00,None,1,0.00,0.00,0.00
242,4.12,-110.75,5.03,2.00,0.9943,19,0,1.00,None,1,0.00,0.00,0.00
243,4.10,-110.69,5.03,2.00,0.9943,19,0,1.00,None,1,0.00,0.00,0.00
244,4.10,-110.69,5.03,2.00,0.9943,19,0,1.00,None,1,0.00,0.00,0.00
245,4.10,-110.69,5.03,2.00,0.9943,19,0,1.00,None,1,0.00,0.00,0.00
246,4.10,-110.69,5.03,2.00,0.9943,19,0,1.00,None,1,0.00,0.00,0.00
247,4.10,-110.69,5.03,2.00,0.9943,19,0,1.00,None,1,0.00,0.00,0.00
248,4.02,-110.50,5.04,2.00,0.9942,19,0,1.00,None,1,0.00,0.00,0.00
249,4.02,-110.50,5.04,2.00,0.9942,19,0,1.00,None,1,0.00,0.00,0.00
250,4.02,-110.50,5.04,2.00,0.9942,19,0,1.00,None,1,0.00,0.00,0.00
251,3.97,-110.37,5.04,2.00,0.9942,19,0,1.00,None,1,0.00,0.00,0.00
252,3.97,-110.37,5.04,2.00,0.9942,19,0,1.00,None,1,0.00,0.00,0.00
253,3.97,-110.37,5.04,2.00,0.9942,19,0,1.00,None,1,0.00,0.00,0.00
254,3.92,-110.26,5.04,2.00,0.9941,19,0,1.00,None,1,0.00,0.00,0.00
255,3.92,-110.26,5.04,2.00,0.9941,19,0,1.00,None,1,0.00,0.00,0.00
256,3.90,-110.20,5.04,2.00,0.9941,19,0,1.00,None,1,0.00,0.00,0.00
257,3.90,-110.20,5.04,2.00,0.9941,19,0,1.00,None,1,0.00,0.00,0.00
258,3.90,-110.20,5.04,2.00,0.9941,19,0,1.00,None,1,0.00,0.00,0.00
259,3.90,-110.20,5.04,2.00,0.9941,19,0,1.00,None,1,0.00,0.00,0.00
260,3.90,-110.20,5.04,2.00,0.9941,19,0,1.00,None,1,0.00,0.00,0.00
261,3.82,-110.01,5.04,2.00,0.9940,19,0,1.00,None,1,0.00,0.00,0.00
262,3.82,-110.01,5.04,2.00,0.9940,19,0,1.00,None,1,0.00,0.00,0.00
263,3.82,-110.01,5.04,2.00,0.9940,19,0,1.00,None,1,0.00,0.00,0.00
264,3.82,-110.01,5.04,2.00,0.9940,19,0,1.00,None,1,0.00,0.00,0.00
265,3.77,-109.88,5.04,2.00,0.9940,19,0,1.00,None,1,0.00,0.00,0.00
266,3.77,-109.88,5.04,2.00,0.9940,19,0,1.00,None,1,0.00,0.00,0.00
267,3.77,-109.88,5.04,2.00,0.9940,19,0,1.00,None,1,0.00,0.00,0.00
268,3.72,-109.76,5.04,2.00,0.9940,19,0,1.00,None,1,0.00,0.00,0.00
269,3.70,-109.71,5.04,2.00,0.9940,19,0,1.00,None,1,0.00,0.00,0.00
270,3.70,-109.71,5.04,2.00,0.9940,19,0,1.00,None,1,0.00,0.00,0.00
271,3.70,-109.71,5.04,2.00,0.9940,19,0,1.00,None,1,0.00,0.00,0.00
272,3.70,-109.71,5.04,2.00,0.9940,19,0,1.00,None,1,0.00,0.00,0.00
273,3.65,-109.59,5.04,2.00,0.9939,19,0,1.00,None,1,0.00,0.00,0.00
274,3.65,-109.59,5.04,2.00,0.9939,19,0,1.00,None,1,0.00,0.00,0.00
275,3.65,-109.59,5.04,2.00,0.9939,19,0,1.00,None,1,0.00,0.00,0.00
276,3.60,-109.46,5.04,2.00,0.9939,19,0,1.00,None,1,0.00,0.00,0.00
277,3.60,-109.46,5.04,2.00,0.9939,19,0,1.00,None,1,0.00,0.00,0.00
278,3.60,-109.46,5.04,2.00,0.9939,19,0,1.00,None,1,0.00,0.00,0.00
279,3.60,-109.46,5.04,2.00,0.9939,19,0,1.00,None,1,0.00,0.00,0.00
280,3.60,-109.46,5.04,2.00,0.9939,19,0,1.00,None,1,0.00,0.00,0.00
281,3.52,-109.27,5.04,2.00,0.9938,19,0,1.00,None,1,0.00,0.00,0.00
282,3.52,-109.27,5.04,2.00,0.9938,19,0,1.00,None,1,0.00,0.00,0.00
283,3.52,-109.27,5.04,2.00,0.9938,19,0,1.00,None,1,0.00,0.00,0.00
284,3.47,-109.14,5.04,2.00,0.9938,19,0,1.00,None,1,0.00,0.00,0.00
285,3.47,-109.14,5.04,2.00,0.9938,19,0,1.00,None,1,0.00,0.00,0.00
286,3.47,-109.14,5.04,2.00,0.9938,19,0,1.00,None,1,0.00,0.00,0.00
287,3.47,-109.14,5.04,2.00,0.9938,19,0,1.00,None,1,0.00,0.00,0.00
288,3.42,-109.03,5.04,2.00,0.9938,19,0,1.00,None,1,0.00,0.00,0.00
289,3.40,-108.97,5.04,2.00,0.9937,19,0,1.00,None,1,0.00,0.00,0.00
290,3.40,-108.97,5.04,2.00,0.9937,19,0,1.00,None,1,0.00,0.00,0.00
291,3.40,-108.97,5.04,2.00,0.9937,19,0,1.00,None,1,0.00,0.00,0.00
292,3.35,-108.85,5.04,2.00,0.9937,19,0,1.00,None,1,0.00,0.00,0.00
293,3.35,-108.85,5.04,2.00,0.9937,19,0,1.00,None,1,0.00,0.00,0.00
294,3.35,-108.85,5.04,2.00,0.9937,19,0,1.00,None,1,0.00,0.00,0.00
295,3.35,-108.85,5.04,2.00,0.9937,19,0,1.00,None,1,0.00,0.00,0.00
296,3.35,-108.85,5.04,2.00,0.9937,19,0,1.00,None,1,0.00,0.00,0.00
297,3.35,-108.85,5.04,2.00,0.9937,19,0,1.00,None,1,0.00,0.00,0.00
298,3.27,-108.65,5.04,2.00,0.9936,19,0,1.00,None,1,0.00,0.00,0.00
299,3.27,-108.65,5.04,2.00,0.9936,19,0,1.00,None,1,0.00,0.00,0.00
300,3.27,-108.65,5.04,2.00,0.9936,19,0,1.00,None,1,0.00,0.00,0.00
301,3.22,-108.53,5.04,2.00,0.9936,19,0,1.00,None,1,0.00,0.00,0.00
302,3.22,-108.53,5.04,2.00,0.9936,19,0,1.00,None,1,0.00,0.00,0.00
303,3.22,-108.53,5.04,2.00,0.9936,19,0,1.00,None,1,0.00,0.00,0.00
304,3.17,-108.41,5.04,2.00,0.9936,19,0,1.00,None,1,0.00,0.00,0.00
305,3.17,-108.41,5.04,2.00,0.9936,19,0,1.00,None,1,0.00,0.00,0.00
306,3.17,-108.41,5.04,2.00,0.9936,19,0,1.00,None,1,0.00,0.00,0.00
307,3.17,-108.41,5.04,2.00,0.9936,19,0,1.00,None,1,0.00,0.00,0.00
308,3.12,-108.28,5.04,2.00,0.9935,19,0,1.00,None,1,0.00,0.00,0.00
309,3.12,-108.28,5.04,2.00,0.9935,19,0,1.00,None,1,0.00,0.00,0.00
310,3.12,-108.28,5.04,2.00,0.9935,19,0,1.00,None,1,0.00,0.00,0.00
311,3.07,-108.16,5.04,2.00,0.9935,19,0,1.00,None,1,0.00,0.00,0.00
312,3.07,-108.16,5.04,2.00,0.9935,19,0,1.00,None,1,0.00,0.00,0.00
313,3.07,-108.16,5.04,2.00,0.9935,19,0,1.00,None,1,0.00,0.00,0.00
314,3.03,-108.04,5.04,2.00,0.9935,19,0,1.00,None,1,0.00,0.00,0.00
315,3.03,-108.04,5.04,2.00,0.9935,19,0,1.00,None,1,0.00,0.00,0.00
316,3.00,-107.99,5.04,2.00,0.9934,19,0,1.00,None,1,0.00,0.00,0.00
317,3.00,-107.99,5.04,2.00,0.9934,19,0,1.00,None,1,0.00,0.00,0.00
318,3.00,-107.99,5.04,2.00,0.9934,19,0,1.00,None,1,0.00,0.00,0.00
319,2.95,-107.86,5.04,2.00,0.9934,19,0,1.00,None,1,0.00,0.00,0.00
320,2.95,-107.86,5.04,2.00,0.9934,19,0,1.00,None,1,0.00,0.00,0.00
321,2.95,-107.86,5.04,2.00,0.9934,19,0,1.00,None,1,0.00,0.00,0.00
322,2.90,-107.74,5.04,2.00,0.9934,19,0,1.00,None,1,0.00,0.00,0.00
323,2.90,-107.74,5.04,2.00,0.9934,19,0,1.00,None,1,0.00,0.00,0.00
324,2.90,-107.74,5.04,2.00,0.9934,19,0,1.00,None,1,0.00,0.00,0.00
325,2.90,-107.74,5.04,2.00,0.9934,19,0,1.00,None,1,0.00,0.00,0.00
326,2.85,-107.61,5.07,2.05,0.9933,19,0,1.00,None,1,0.00,0.00,0.00
327,2.85,-107.61,5.07,2.05,0.9933,19,0,1.00,None,1,0.00,0.00,0.00
328,2.85,-107.61,5.07,2.05,0.9933,19,0,1.00,None,1,0.00,0.00,0.00
329,2.80,-107.49,5.10,2.05,0.9933,19,0,1.00,None,1,0.00,0.00,0.00
330,2.80,-107.49,5.10,2.05,0.9933,19,0,1.00,None,1,0.00,0.00,0.00
331,2.80,-107.49,5.10,2.05,0.9933,19,0,1.00,None,1,0.00,0.00,0.00
332,2.75,-107.36,5.13,2.05,0.9933,19,0,1.00,None,1,0.00,0.00,0.00
333,2.75,-107.36,5.13,2.05,0.9933,19,0,1.00,None,1,0.00,0.00,0.00
334,2.75,-107.36,5.13,2.05,0.9933,19,0,1.00,None,1,0.00,0.00,0.00
335,2.75,-107.36,5.13,2.05,0.9933,19,0,1.00,None,1,0.00,0.00,0.00
336,2.75,-107.36,5.13,2.05,0.9933,19,0,1.00,None,1,0.00,0.00,0.00
337,2.75,-107.36,5.13,2.05,0.9933,19,0,1.00,None,1,0.00,0.00,0.00
338,2.68,-107.18,5.17,2.05,0.9932,19,0,1.00,None,1,0.00,0.00,0.00
339,2.68,-107.18,5.17,2.05,0.9932,19,0,1.00,None,1,0.00,0.00,0.00
340,2.68,-107.18,5.17,2.05,0.9932,19,0,1.00,None,1,0.00,0.00,0.00
341,2.62,-107.05,5.20,2.05,0.9932,19,0,1.00,None,1,0.00,0.00,0.00
342,2.62,-107.05,5.20,2.05,0.9932,19,0,1.00,None,1,0.00,0.00,0.00
343,2.60,-106.98,5.22,2.05,0.9931,19,0,1.00,None,1,0.00,0.00,0.00
344,2.60,-106.98,5.22,2.05,0.9931,19,0,1.00,None,1,0.00,0.00,0.00
345,2.60,-106.98,5.22,2.05,0.9931,19,0,1.00,None,1,0.00,0.00,0.00
346,2.55,-106.87,5.25,2.05,0.9931,19,0,1.00,None,1,0.00,0.00,0.00
347,2.55,-106.87,5.25,2.05,0.9931,19,0,1.00,None,1,0.00,0.00,0.00
348,2.55,-106.87,5.25,2.05,0.9931,19,0,1.00,None,1,0.00,0.00,0.00
349,2.55,-106.87,5.25,2.05,0.9931,19,0,1.00,None,1,0.00,0.00,0.00
350,2.55,-106.87,5.25,2.05,0.9931,19,0,1.00,None,1,0.00,0.00,0.00
351,2.47,-106.67,5.28,2.02,0.9930,19,0,1.00,None,1,0.00,0.00,0.00
352,2.47,-106.67,5.28,2.02,0.9930,19,0,1.00,None,1,0.00,0.00,0.00
353,2.47,-106.67,5.28,2.02,0.9930,19,0,1.00,None,1,0.00,0.00,0.00
354,2.47,-106.67,5.28,2.02,0.9930,19,0,1.00,None,1,0.00,0.00,0.00
355,2.42,-106.55,5.27,2.00,0.9930,19,0,1.00,None,1,0.00,0.00,0.00
356,2.42,-106.55,5.27,2.00,0.9930,19,0,1.00,None,1,0.00,0.00,0.00
357,2.42,-106.55,5.27,2.00,0.9930,19,0,1.00,None,1,0.00,0.00,0.00
358,2.42,-106.55,5.27,2.00,0.9930,19,0,1.00,None,1,0.00,0.00,0.00
359,2.35,-106.38,5.27,2.00,0.9930,19,0,1.00,None,1,0.00,0.00,0.00
360,2.35,-106.38,5.27,2.00,0.9930,19,0,1.00,None,1,0.00,0.00,0.00
361,2.35,-106.38,5.27,2.00,0.9930,19,0,1.00,None,1,0.00,0.00,0.00
362,2.35,-106.38,5.27,2.00,0.9930,19,0,1.00,None,1,0.00,0.00,0.00
363,2.30,-106.25,5.27,2.00,0.9929,19,0,1.00,None,1,0.00,0.00,0.00
364,2.27,-106.18,5.27,2.00,0.9929,19,0,1.00,None,1,0.00,0.00,0.00
365,2.27,-106.18,5.27,2.00,0.9929,19,0,1.00,None,1,0.00,0.00,0.00
366,2.25,-106.13,5.27,2.00,0.9929,19,0,1.00,None,1,0.00,0.00,0.00
367,2.25,-106.13,5.27,2.00,0.9929,19,0,1.00,None,1,0.00,0.00,0.00
368,2.25,-106.13,5.27,2.00,0.9929,19,0,1.00,None,1,0.00,0.00,0.00
369,2.25,-106.13,5.27,2.00,0.9929,19,0,1.00,None,1,0.00,0.00,0.00
370,2.25,-106.13,5.27,2.00,0.9929,19,0,1.00,None,1,0.00,0.00,0.00
371,2.17,-105.93,5.27,2.00,0.9928,19,0,1.00,None,1,0.00,0.00,0.00
372,2.17,-105.93,5.27,2.00,0.9928,19,0,1.00,None,1,0.00,0.00,0.00
373,2.17,-105.93,5.27,2.00,0.9928,19,0,1.00,None,1,0.00,0.00,0.00
374,2.12,-105.81,5.27,2.00,0.9928,19,0,1.00,None,1,0.00,0.00,0.00
375,2.12,-105.81,5.27,2.00,0.9928,19,0,1.00,None,1,0.00,0.00,0.00
376,2.10,-105.75,5.27,2.00,0.9928,19,0,1.00,None,1,0.00,0.00,0.00
377,2.10,-105.75,5.27,2.00,0.9928,19,0,1.00,None,1,0.00,0.00,0.00
378,2.10,-105.75,5.27,2.00,0.9928,19,0,1.00,None,1,0.00,0.00,0.00
379,2.05,-105.63,5.27,2.00,0.9927,19,0,1.00,None,1,0.00,0.00,0.00
380,2.05,-105.63,5.27,2.00,0.9927,19,0,1.00,None,1,0.00,0.00,0.00
381,2.05,-105.63,5.27,2.00,0.9927,19,0,1.00,None,1,0.00,0.00,0.00
382,2.05,-105.63,5.27,2.00,0.9927,19,0,1.00,None,1,0.00,0.00,0.00
383,2.00,-105.51,5.27,2.00,0.9927,19,0,1.00,None,1,0.00,0.00,0.00
384,2.00,-105.51,5.27,2.00,0.9927,19,0,1.00,None,1,0.00,0.00,0.00
385,2.00,-105.51,5.27,2.00,0.9927,19,0,1.00,None,1,0.00,0.00,0.00
386,1.95,-105.38,5.26,2.00,0.9927,19,0,1.00,None,1,0.00,0.00,0.00
387,1.95,-105.38,5.26,2.00,0.9927,19,0,1.00,None,1,0.00,0.00,0.00
388,1.95,-105.38,5.26,2.00,0.9927,19,0,1.00,None,1,0.00,0.00,0.00
389,1.90,-105.26,5.26,2.00,0.9926,19,0,1.00,None,1,0.00,0.00,0.00
390,1.90,-105.26,5.26,2.00,0.9926,19,0,1.00,None,1,0.00,0.00,0.00
391,1.90,-105.26,5.26,2.00,0.9926,19,0,1.00,None,1,0.00,0.00,0.00
392,1.90,-105.26,5.26,2.00,0.9926,19,0,1.00,None,1,0.00,0.00,0.00
393,1.85,-105.13,5.26,2.00,0.9926,19,0,1.00,None,1,0.00,0.00,0.00
394,1.85,-105.13,5.26,2.00,0.9926,19,0,1.00,None,1,0.00,0.00,0.00
395,1.85,-105.13,5.26,2.00,0.9926,19,0,1.00,None,1,0.00,0.00,0.00
396,1.80,-105.01,5.26,2.00,0.9925,19,0,1.00,None,1,0.00,0.00,0.00
397,1.80,-105.01,5.26,2.00,0.9925,19,0,1.00,None,1,0.00,0.00,0.00
398,1.80,-105.01,5.26,2.00,0.9925,19,0,1.00,None,1,0.00,0.00,0.00
399,1.75,-104.88,5.26,2.00,0.9925,19,0,1.00,None,1,0.00,0.00,0.00
400,1.75,-104.88,5.26,2.00,0.9925,19,0,1.00,None,1,0.00,0.00,0.00
401,1.75,-104.88,5.26,2.00,0.9925,19,0,1.00,None,1,0.00,0.00,0.00
402,1.75,-104.88,5.26,2.00,0.9925,19,0,1.00,None,1,0.00,0.00,0.00
403,1.70,-104.76,5.26,2.00,0.9925,19,0,1.00,None,1,0.00,0.00,0.00
404,1.70,-104.76,5.26,2.00,0.9925,19,0,1.00,None,1,0.00,0.00,0.00
405,1.70,-104.76,5.26,2.00,0.9925,19,0,1.00,None,1,0.00,0.00,0.00
406,1.65,-104.63,5.26,2.00,0.9924,19,0,1.00,None,1,0.00,0.00,0.00
407,1.65,-104.63,5.26,2.00,0.9924,19,0,1.00,None,1,0.00,0.00,0.00
408,1.65,-104.63,5.26,2.00,0.9924,19,0,1.00,None,1,0.00,0.00,0.00
409,1.65,-104.63,5.26,2.00,0.9924,19,0,1.00,None,1,0.00,0.00,0.00
410,1.65,-104.63,5.26,2.00,0.9924,19,0,1.00,None,1,0.00,0.00,0.00
411,1.57,-104.44,5.26,2.00,0.9924,19,0,1.00,None,1,0.00,0.00,0.00
412,1.57,-104.44,5.26,2.00,0.9924,19,0,1.00,None,1,0.00,0.00,0.00
413,1.57,-104.44,5.26,2.00,0.9924,19,0,1.00,None,1,0.00,0.00,0.00
414,1.57,-104.44,5.26,2.00,0.9924,19,0,1.00,None,1,0.00,0.00,0.00
415,1.52,-104.31,5.26,2.00,0.9923,19,0,1.00,None,1,0.00,0.00,0.00
416,1.52,-104.31,5.26,2.00,0.9923,19,0,1.00,None,1,0.00,0.00,0.00
417,1.52,-104.31,5.26,2.00,0.9923,19,0,1.00,None,1,0.00,0.00,0.00
418,1.46,-104.18,5.26,2.00,0.9923,19,0,1.00,None,1,0.00,0.00,0.00
419,1.46,-104.18,5.26,2.00,0.9923,19,0,1.00,None,1,0.00,0.00,0.00
420,1.46,-104.18,5.26,2.00,0.9923,19,0,1.00,None,1,0.00,0.00,0.00
421,1.42,-104.07,5.26,2.00,0.9923,19,0,1.00,None,1,0.00,0.00,0.00
422,1.42,-104.07,5.26,2.00,0.9923,19,0,1.00,None,1,0.00,0.00,0.00
423,1.42,-104.07,5.26,2.00,0.9923,19,0,1.00,None,1,0.00,0.00,0.00
424,1.42,-104.07,5.26,2.00,0.9923,19,0,1.00,None,1,0.00,0.00,0.00
425,1.37,-103.94,5.26,2.00,0.9922,19,0,1.00,None,1,0.00,0.00,0.00
426,1.37,-103.94,5.26,2.00,0.9922,19,0,1.00,None,1,0.00,0.00,0.00
427,1.37,-103.94,5.26,2.00,0.9922,19,0,1.00,None,1,0.00,0.00,0.00
428,1.32,-103.82,5.27,2.00,0.9922,19,0,1.00,None,1,0.00,0.00,0.00
429,1.32,-103.82,5.27,2.00,0.9922,19,0,1.00,None,1,0.00,0.00,0.00
430,1.29,-103.76,5.27,2.00,0.9922,19,0,1.00,None,1,0.00,0.00,0.00
431,1.29,-103.76,5.27,2.00,0.9922,19,0,1.00,None,1,0.00,0.00,0.00
432,1.29,-103.76,5.27,2.00,0.9922,19,0,1.00,None,1,0.00,0.00,0.00
433,1.24,-103.63,5.27,2.00,0.9921,19,0,1.00,None,1,0.00,0.00,0.00
434,1.24,-103.63,5.27,2.00,0.9921,19,0,1.00,None,1,0.00,0.00,0.00
435,1.24,-103.63,5.27,2.00,0.9921,19,0,1.00,None,1,0.00,0.00,0.00
436,1.24,-103.63,5.27,2.00,0.9921,19,0,1.00,None,1,0.00,0.00,0.00
437,1.24,-103.63,5.27,2.00,0.9921,19,0,1.00,None,1,0.00,0.00,0.00
438,1.16,-103.44,5.27,2.00,0.9921,19,0,1.00,None,1,0.00,0.00,0.00
439,1.16,-103.44,5.27,2.00,0.9921,19,0,1.00,None,1,0.00,0.00,0.00
440,1.16,-103.44,5.27,2.00,0.9921,19,0,1.00,None,1,0.00,0.00,0.00
441,1.16,-103.44,5.27,2.00,0.9921,19,0,1.00,None,1,0.00,0.00,0.00
442,1.11,-103.31,5.28,2.00,0.9920,19,0,1.00,None,1,0.00,0.00,0.00
443,1.11,-103.31,5.28,2.00,0.9920,19,0,1.00,None,1,0.00,0.00,0.00
444,1.11,-103.31,5.28,2.00,0.9920,19,0,1.00,None,1,0.00,0.00,0.00
445,1.06,-103.19,5.28,2.00,0.9920,19,0,1.00,None,1,0.00,0.00,0.00
446,1.06,-103.19,5.28,2.00,0.9920,19,0,1.00,None,1,0.00,0.00,0.00
447,1.04,-103.13,5.28,2.00,0.9920,19,0,1.00,None,1,0.00,0.00,0.00
448,1.04,-103.13,5.28,2.00,0.9920,19,0,1.00,None,1,0.00,0.00,0.00
449,1.04,-103.13,5.28,2.00,0.9920,19,0,1.00,None,1,0.00,0.00,0.00
450,0.99,-103.01,5.28,2.00,0.9920,19,0,1.00,None,1,0.00,0.00,0.00
451,0.99,-103.01,5.28,2.00,0.9920,19,0,1.00,None,1,0.00,0.00,0.00
452,0.99,-103.01,5.28,2.00,0.9920,19,0,1.00,None,1,0.00,0.00,0.00
453,0.94,-102.89,5.28,2.00,0.9919,19,0,1.00,None,1,0.00,0.00,0.00
454,0.94,-102.89,5.28,2.00,0.9919,19,0,1.00,None,1,0.00,0.00,0.00
455,0.94,-102.89,5.28,2.00,0.9919,19,0,1.00,None,1,0.00,0.00,0.00
456,0.94,-102.89,5.28,2.00,0.9919,19,0,1.00,None,1,0.00,0.00,0.00
457,0.94,-102.89,5.28,2.00,0.9919,19,0,1.00,None,1,0.00,0.00,0.00
458,0.94,-102.89,5.28,2.00,0.9919,19,0,1.00,None,1,0.00,0.00,0.00
459,0.86,-102.69,5.28,2.00,0.9919,19,0,1.00,None,1,0.00,0.00,0.00
460,0.86,-102.69,5.28,2.00,0.9919,19,0,1.00,None,1,0.00,0.00,0.00
461,0.86,-102.69,5.28,2.00,0.9919,19,0,1.00,None,1,0.00,0.00,0.00
462,0.81,-102.56,5.28,2.00,0.9918,19,0,1.00,None,1,0.00,0.00,0.00
463,0.81,-102.56,5.28,2.00,0.9918,19,0,1.00,None,1,0.00,0.00,0.00
464,0.81,-102.56,5.28,2.00,0.9918,19,0,1.00,None,1,0.00,0.00,0.00
465,0.76,-102.45,5.28,2.00,0.9918,19,0,1.00,None,1,0.00,0.00,0.00
466,0.76,-102.45,5.28,2.00,0.9918,19,0,1.00,None,1,0.00,0.00,0.00
467,0.74,-102.39,5.28,2.00,0.9918,19,0,1.00,None,1,0.00,0.00,0.00
468,0.74,-102.39,5.28,2.00,0.9918,19,0,0.80,None,1,0.00,0.00,0.00
469,0.74,-102.39,5.28,2.00,0.9918,19,0,0.80,None,1,0.00,0.00,0.00
470,0.69,-102.27,5.28,2.00,0.9917,19,0,1.00,None,1,0.00,0.00,0.00
471,0.69,-102.27,5.28,2.00,0.9917,19,0,0.80,None,1,0.00,0.00,0.00
472,0.69,-102.27,5.28,2.00,0.9917,19,0,0.80,None,1,0.00,0.00,0.00
473,0.69,-102.27,5.28,2.00,0.9917,19,0,0.80,None,1,0.00,0.00,0.00
474,0.69,-102.27,5.28,2.00,0.9917,19,0,0.80,None,1,0.00,0.00,0.00
475,0.61,-102.07,5.28,2.00,0.9917,19,0,1.00,None,1,0.00,0.00,0.00
476,0.61,-102.07,5.28,2.00,0.9917,19,0,1.00,None,1,0.00,0.00,0.00
477,0.61,-102.07,5.28,2.00,0.9917,19,0,1.00,None,1,0.00,0.00,0.00
478,0.61,-102.07,5.28,2.00,0.9917,19,0,1.00,None,1,0.00,0.00,0.00
479,0.56,-101.94,5.28,2.00,0.9916,19,0,1.00,None,1,0.00,0.00,0.00
480,0.56,-101.94,5.28,2.00,0.9916,19,0,1.00,None,1,0.00,0.00,0.00
481,0.56,-101.94,5.28,2.00,0.9916,19,0,1.00,None,1,0.00,0.00,0.00
482,0.51,-101.82,5.28,2.00,0.9916,19,0,1.00,None,1,0.00,0.00,0.00
483,0.51,-101.82,5.28,2.00,0.9916,19,0,1.00,None,1,0.00,0.00,0.00
484,0.51,-101.82,5.28,2.00,0.9916,19,0,1.00,None,1,0.00,0.00,0.00
485,0.46,-101.70,5.28,2.00,0.9916,19,0,1.00,None,1,0.00,0.00,0.00
486,0.46,-101.70,5.28,2.00,0.9916,19,0,1.00,None,1,0.00,0.00,0.00
487,0.44,-101.65,5.28,2.00,0.9915,19,0,1.00,None,1,0.00,0.00,0.00
488,0.44,-101.65,5.28,2.00,0.9915,19,0,1.00,None,1,0.00,0.00,0.00
489,0.44,-101.65,5.28,2.00,0.9915,19,0,1.00,None,1,0.00,0.00,0.00
490,0.39,-101.53,5.28,2.00,0.9915,19,0,1.00,None,1,0.00,0.00,0.00
491,0.39,-101.53,5.28,2.00,0.9915,19,0,0.80,None,1,0.00,0.00,0.00
492,0.39,-101.53,5.28,2.00,0.9915,19,0,0.80,None,1,0.00,0.00,0.00
493,0.39,-101.53,5.28,2.00,0.9915,19,0,0.80,None,1,0.00,0.00,0.00
494,0.39,-101.53,5.28,2.00,0.9915,19,0,0.80,None,1,0.00,0.00,0.00
495,0.31,-101.34,5.28,2.00,0.9914,19,0,1.00,None,1,0.00,0.00,0.00
496,0.31,-101.34,5.28,2.00,0.9914,19,0,0.80,None,1,0.00,0.00,0.00
497,0.31,-101.34,5.28,2.00,0.9914,19,0,0.80,None,1,0.00,0.00,0.00
498,0.26,-101.21,5.28,2.00,0.9914,19,0,0.80,None,1,0.00,0.00,0.00
499,0.26,-101.21,5.28,2.00,0.9914,19,0,0.80,None,1,0.00,0.00,0.00
500,0.26,-101.21,5.28,2.00,0.9914,19,0,0.80,None,1,0.00,0.00,0.00
501,0.22,-101.10,5.28,2.00,0.9914,19,0,0.80,None,1,0.00,0.00,0.00
502,0.22,-101.10,5.28,2.00,0.9914,19,0,0.80,None,1,0.00,0.00,0.00
503,0.20,-101.04,5.28,2.00,0.9914,19,0,0.80,None,1,0.00,0.00,0.00
504,0.20,-101.04,5.28,2.00,0.9914,19,0,0.80,None,1,0.00,0.00,0.00
505,0.20,-101.04,5.28,2.00,0.9914,19,0,0.80,None,1,0.00,0.00,0.00
506,0.15,-100.92,5.28,2.00,0.9913,19,0,0.80,None,1,0.00,0.00,0.00
507,0.15,-100.92,5.28,2.00,0.9913,19,0,0.80,None,1,0.00,0.00,0.00
508,0.15,-100.92,5.28,2.00,0.9913,19,0,0.80,None,1,0.00,0.00,0.00
509,0.10,-100.80,5.28,2.00,0.9913,19,0,0.80,None,1,0.00,0.00,0.00
510,0.10,-100.80,5.28,2.00,0.9913,19,0,0.80,None,1,0.00,0.00,0.00
511,0.10,-100.80,5.28,2.00,0.9913,19,0,0.80,None,1,0.00,0.00,0.00
512,0.10,-100.80,5.28,2.00,0.9913,19,0,0.80,None,1,0.00,0.00,0.00
513,0.05,-100.68,5.28,2.00,0.9913,19,0,0.80,None,1,0.00,0.00,0.00
514,0.05,-100.68,5.28,2.00,0.9913,19,0,0.80,None,1,0.00,0.00,0.00
515,0.05,-100.68,5.28,2.00,0.9913,19,0,0.80,None,1,0.00,0.00,0.00
516,0.00,-100.56,5.28,2.00,0.9912,19,0,0.80,None,1,0.00,0.00,0.00
517,0.00,-100.56,5.28,2.00,0.9912,19,0,0.80,None,1,0.00,0.00,0.00
518,0.00,-100.56,5.28,2.00,0.9912,19,0,0.80,None,1,0.00,0.00,0.00
519,-0.05,-100.44,5.28,2.00,0.9912,19,0,0.80,None,1,0.00,0.00,0.00
520,-0.05,-100.44,5.28,2.00,0.9912,19,0,0.80,None,1,0.00,0.00,0.00
521,-0.05,-100.44,5.28,2.00,0.9912,19,0,0.80,None,1,0.00,0.00,0.00
522,-0.10,-100.32,5.28,2.00,0.9911,19,0,0.80,None,1,0.00,0.00,0.00
523,-0.10,-100.32,5.28,2.00,0.9911,19,0,0.80,None,1,0.00,0.00,0.00
524,-0.10,-100.32,5.28,2.00,0.9911,19,0,0.80,None,1,0.00,0.00,0.00
525,-0.10,-100.32,5.28,2.00,0.9911,19,0,0.80,None,1,0.00,0.00,0.00
526,-0.10,-100.32,5.28,2.00,0.9911,19,0,0.80,None,1,0.00,0.00,0.00
527,-0.10,-100.32,5.28,2.00,0.9911,19,0,0.80,None,1,0.00,0.00,0.00
528,-0.17,-100.13,5.28,2.00,0.9911,19,0,0.80,None,1,0.00,0.00,0.00
529,-0.17,-100.13,5.28,2.00,0.9911,19,0,0.80,None,1,0.00,0.00,0.00
530,-0.17,-100.13,5.28,2.00,0.9911,19,0,0.80,None,1,0.00,0.00,0.00
531,-0.22,-100.01,5.27,2.00,0.9911,19,0,0.80,None,1,0.00,0.00,0.00
532,-0.24,-99.96,5.27,2.00,0.9910,19,0,0.80,None,1,0.00,0.00,0.00
533,-0.24,-99.96,5.27,2.00,0.9910,19,0,0.80,None,1,0.00,0.00,0.00
534,-0.24,-99.96,5.27,2.00,0.9910,19,0,0.80,None,1,0.00,0.00,0.00
535,-0.29,-99.84,5.27,2.00,0.9910,19,0,0.80,None,1,0.00,0.00,0.00
536,-0.29,-99.84,5.27,2.00,0.9910,19,0,0.80,None,1,0.00,0.00,0.00
537,-0.29,-99.84,5.27,2.00,0.9910,19,0,0.80,None,1,0.00,0.00,0.00
538,-0.29,-99.84,5.27,2.00,0.9910,19,0,0.80,None,1,0.00,0.00,0.00
539,-0.34,-99.72,5.27,1.99,0.9910,19,0,0.80,None,1,0.00,0.00,0.00
540,-0.34,-99.72,5.27,1.99,0.9910,19,0,0.80,None,1,0.00,0.00,0.00
541,-0.34,-99.72,5.27,1.99,0.9910,19,0,0.80,None,1,0.00,0.00,0.00
542,-0.39,-99.60,5.27,1.99,0.9909,19,0,0.80,None,1,0.00,0.00,0.00
543,-0.39,-99.60,5.27,1.99,0.9909,19,0,0.80,None,1,0.00,0.00,0.00
544,-0.39,-99.60,5.27,1.99,0.9909,19,0,0.80,None,1,0.00,0.00,0.00
545,-0.44,-99.48,5.27,1.99,0.9909,19,0,1.00,None,1,0.00,0.00,0.00
546,-0.44,-99.48,5.27,1.99,0.9909,19,0,1.00,None,1,0.00,0.00,0.00
547,-0.44,-99.48,5.27,1.99,0.9909,19,0,1.00,None,1,0.00,0.00,0.00
548,-0.49,-99.36,5.26,1.99,0.9909,19,0,1.00,None,1,0.00,0.00,0.00
549,-0.49,-99.36,5.26,1.99,0.9909,19,0,1.00,None,1,0.00,0.00,0.00
550,-0.49,-99.36,5.26,1.99,0.9909,19,0,1.00,None,1,0.00,0.00,0.00
551,-0.49,-99.36,5.26,1.99,0.9909,19,0,1.00,None,1,0.00,0.00,0.00
552,-0.49,-99.36,5.26,1.99,0.9909,19,0,1.00,None,1,0.00,0.00,0.00
553,-0.56,-99.18,5.26,1.99,0.9908,19,0,1.00,None,1,0.00,0.00,0.00
554,-0.56,-99.18,5.26,1.99,0.9908,19,0,1.00,None,1,0.00,0.00,0.00
555,-0.56,-99.18,5.26,1.99,0.9908,19,0,1.00,None,1,0.00,0.00,0.00
556,-0.56,-99.18,5.26,1.99,0.9908,19,0,1.00,None,1,0.00,0.00,0.00
557,-0.61,-99.05,5.26,1.99,0.9908,19,0,1.00,None,1,0.00,0.00,0.00
558,-0.64,-98.99,5.26,2.00,0.9907,19,0,1.00,None,1,0.00,0.00,0.00
559,-0.64,-98.99,5.26,2.00,0.9907,19,0,1.00,None,1,0.00,0.00,0.00
560,-0.64,-98.99,5.26,2.00,0.9907,19,0,1.00,None,1,0.00,0.00,0.00
561,-0.68,-98.88,5.25,1.99,0.9907,19,0,1.00,None,1,0.00,0.00,0.00
562,-0.68,-98.88,5.25,1.99,0.9907,19,0,1.00,None,1,0.00,0.00,0.00
563,-0.68,-98.88,5.25,1.99,0.9907,19,0,1.00,None,1,0.00,0.00,0.00
564,-0.68,-98.88,5.25,1.99,0.9907,19,0,1.00,None,1,0.00,0.00,0.00
565,-0.73,-98.76,5.25,1.99,0.9907,19,0,1.00,None,1,0.00,0.00,0.00
566,-0.73,-98.76,5.25,1.99,0.9907,19,0,1.00,None,1,0.00,0.00,0.00
567,-0.73,-98.76,5.25,1.99,0.9907,19,0,1.00,None,1,0.00,0.00,0.00
568,-0.78,-98.63,5.25,1.99,0.9906,19,0,1.00,None,1,0.00,0.00,0.00
569,-0.78,-98.63,5.25,1.99,0.9906,19,0,1.00,None,1,0.00,0.00,0.00
570,-0.78,-98.63,5.25,1.99,0.9906,19,0,1.00,None,1,0.00,0.00,0.00
571,-0.83,-98.51,5.25,1.99,0.9906,19,0,1.00,None,1,0.00,0.00,0.00
572,-0.83,-98.51,5.25,1.99,0.9906,19,0,1.00,None,1,0.00,0.00,0.00
573,-0.83,-98.51,5.25,1.99,0.9906,19,0,1.00,None,1,0.00,0.00,0.00
574,-0.83,-98.51,5.25,1.99,0.9906,19,0,1.00,None,1,0.00,0.00,0.00
575,-0.88,-98.39,5.24,2.00,0.9906,19,0,1.00,None,1,0.00,0.00,0.00
576,-0.88,-98.39,5.24,2.00,0.9906,19,0,1.00,None,1,0.00,0.00,0.00
577,-0.88,-98.39,5.24,2.00,0.9906,19,0,1.00,None,1,0.00,0.00,0.00
578,-0.93,-98.27,5.24,1.99,0.9905,19,0,1.00,None,1,0.00,0.00,0.00
579,-0.93,-98.27,5.24,1.99,0.9905,19,0,1.00,None,1,0.00,0.00,0.00
580,-0.93,-98.27,5.24,1.99,0.9905,19,0,1.00,None,1,0.00,0.00,0.00
581,-0.98,-98.15,5.24,1.99,0.9905,19,0,1.00,None,1,0.00,0.00,0.00
582,-0.98,-98.15,5.24,1.99,0.9905,19,0,1.00,None,1,0.00,0.00,0.00
583,-0.98,-98.15,5.24,1.99,0.9905,19,0,1.00,None,1,0.00,0.00,0.00
584,-0.98,-98.15,5.24,1.99,0.9905,19,0,1.00,None,1,0.00,0.00,0.00
585,-1.02,-98.02,5.24,1.99,0.9905,19,0,1.00,None,1,0.00,0.00,0.00
586,-1.02,-98.02,5.24,1.99,0.9905,19,0,1.00,None,1,0.00,0.00,0.00
587,-1.02,-98.02,5.24,1.99,0.9905,19,0,1.00,None,1,0.00,0.00,0.00
588,-1.03,-97.89,5.24,2.00,0.9904,19,0,1.00,None,1,0.00,0.00,0.00
589,-1.03,-97.89,5.24,2.00,0.9904,19,0,1.00,None,1,0.00,0.00,0.00
590,-1.03,-97.89,5.24,2.00,0.9904,19,0,1.00,None,1,0.00,0.00,0.00
591,-1.03,-97.89,5.24,2.00,0.9904,19,0,1.00,None,1,0.00,0.00,0.00
592,-1.03,-97.89,5.24,2.00,0.9904,19,0,1.00,None,1,0.00,0.00,0.00
593,-1.04,-97.68,5.24,2.00,0.9904,19,0,1.00,None,1,0.00,0.00,0.00
594,-1.04,-97.68,5.24,2.00,0.9904,19,0,1.00,None,1,0.00,0.00,0.00
595,-1.04,-97.68,5.24,2.00,0.9904,19,0,1.00,None,1,0.00,0.00,0.00
596,-1.05,-97.55,5.24,2.00,0.9903,19,0,1.00,None,1,0.00,0.00,0.00
597,-1.05,-97.55,5.24,2.00,0.9903,19,0,1.00,None,1,0.00,0.00,0.00
598,-1.05,-97.55,5.24,2.00,0.9903,19,0,1.00,None,1,0.00,0.00,0.00
599,-1.06,-97.43,5.24,2.00,0.9903,19,0,1.00,None,1,0.00,0.00,0.00
600,-1.06,-97.43,5.24,2.00,0.9903,19,0,1.00,None,1,0.00,0.00,0.00
601,-1.06,-97.37,5.24,2.00,0.9903,19,0,1.00,None,1,0.00,0.00,0.00
602,-1.06,-97.37,5.24,2.00,0.9903,19,0,1.00,None,1,0.00,0.00,0.00
603,-1.06,-97.37,5.24,2.00,0.9903,19,0,1.00,None,1,0.00,0.00,0.00
604,-1.07,-97.24,5.25,2.00,0.9902,19,0,1.00,None,1,0.00,0.00,0.00
605,-1.07,-97.24,5.25,2.00,0.9902,19,0,1.00,None,1,0.00,0.00,0.00
606,-1.07,-97.24,5.25,2.00,0.9902,19,0,1.00,None,1,0.00,0.00,0.00
607,-1.08,-97.11,5.25,2.00,0.9902,19,0,1.00,None,1,0.00,0.00,0.00
608,-1.08,-97.11,5.25,2.00,0.9902,19,0,1.00,None,1,0.00,0.00,0.00
609,-1.08,-97.11,5.25,2.00,0.9902,19,0,1.00,None,1,0.00,0.00,0.00
610,-1.08,-97.11,5.25,2.00,0.9902,19,0,1.00,None,1,0.00,0.00,0.00
611,-1.08,-97.11,5.25,2.00,0.9902,19,0,1.00,None,1,0.00,0.00,0.00
612,-1.08,-97.11,5.25,2.00,0.9902,19,0,1.00,None,1,0.00,0.00,0.00
613,-1.09,-96.90,5.25,2.00,0.9901,19,0,1.00,None,1,0.00,0.00,0.00
614,-1.09,-96.90,5.25,2.00,0.9901,19,0,1.00,None,1,0.00,0.00,0.00
615,-1.09,-96.90,5.25,2.00,0.9901,19,0,1.00,None,1,0.00,0.00,0.00
616,-1.10,-96.77,5.25,2.00,0.9901,19,0,1.00,None,1,0.00,0.00,0.00
617,-1.10,-96.77,5.25,2.00,0.9901,19,0,1.00,None,1,0.00,0.00,0.00
618,-1.10,-96.77,5.25,2.00,0.9901,19,0,1.00,None,1,0.00,0.00,0.00
619,-1.11,-96.64,5.25,2.00,0.9901,19,0,1.00,None,1,0.00,0.00,0.00
620,-1.11,-96.64,5.25,2.00,0.9901,19,0,1.00,None,1,0.00,0.00,0.00
621,-1.11,-96.59,5.25,2.00,0.9901,19,0,1.00,None,1,0.00,0.00,0.00
622,-1.11,-96.59,5.25,2.00,0.9901,19,0,1.00,None,1,0.00,0.00,0.00
623,-1.11,-96.59,5.25,2.00,0.9901,19,0,1.00,None,1,0.00,0.00,0.00
624,-1.12,-96.46,5.25,2.00,0.9900,19,0,1.00,None,1,0.00,0.00,0.00
625,-1.12,-96.46,5.25,2.00,0.9900,19,0,1.00,None,1,0.00,0.00,0.00
626,-1.12,-96.46,5.25,2.00,0.9900,19,0,1.00,None,1,0.00,0.00,0.00
627,-1.13,-96.32,5.25,2.00,0.9900,19,0,1.00,None,1,0.00,0.00,0.00
628,-1.13,-96.32,5.25,2.00,0.9900,19,0,1.00,None,1,0.00,0.00,0.00
629,-1.13,-96.32,5.25,2.00,0.9900,19,0,1.00,None,1,0.00,0.00,0.00
630,-1.14,-96.19,5.25,2.00,0.9899,19,0,1.00,None,1,0.00,0.00,0.00
631,-1.14,-96.19,5.25,2.00,0.9899,19,0,1.00,None,1,0.00,0.00,0.00
632,-1.14,-96.19,5.25,2.00,0.9899,19,0,1.00,None,1,0.00,0.00,0.00
633,-1.14,-96.19,5.25,2.00,0.9899,19,0,1.00,None,1,0.00,0.00,0.00
634,-1.14,-96.19,5.25,2.00,0.9899,19,0,1.00,None,1,0.00,0.00,0.00
635,-1.14,-96.19,5.25,2.00,0.9899,19,0,1.00,None,1,0.00,0.00,0.00
636,-1.15,-95.99,5.25,2.00,0.9899,19,0,1.00,None,1,0.00,0.00,0.00
637,-1.15,-95.99,5.25,2.00,0.9899,19,0,1.00,None,1,0.00,0.00,0.00
638,-1.15,-95.99,5.25,2.00,0.9899,19,0,1.00,None,1,0.00,0.00,0.00
639,-1.16,-95.85,5.25,2.00,0.9898,19,0,1.00,None,1,0.00,0.00,0.00
640,-1.16,-95.85,5.25,2.00,0.9898,19,0,1.00,None,1,0.00,0.00,0.00
641,-1.16,-95.85,5.25,2.00,0.9898,19,0,1.00,None,1,0.00,0.00,0.00
642,-1.16,-95.73,5.25,2.00,0.9898,19,0,1.00,None,1,0.00,0.00,0.00
643,-1.16,-95.73,5.25,2.00,0.9898,19,0,1.00,None,1,0.00,0.00,0.00
644,-1.16,-95.73,5.25,2.00,0.9898,19,0,1.00,None,1,0.00,0.00,0.00
645,-1.16,-95.73,5.25,2.00,0.9898,19,0,1.00,None,1,0.00,0.00,0.00
646,-1.16,-95.73,5.25,2.00,0.9898,19,0,1.00,None,1,0.00,0.00,0.00
647,-1.17,-95.54,5.25,2.00,0.9898,19,0,1.00,None,1,0.00,0.00,0.00
648,-1.17,-95.54,5.25,2.00,0.9898,19,0,1.00,None,1,0.00,0.00,0.00
649,-1.17,-95.54,5.25,2.00,0.9898,19,0,1.00,None,1,0.00,0.00,0.00
650,-1.18,-95.41,5.25,2.00,0.9897,19,0,1.00,None,1,0.00,0.00,0.00
651,-1.18,-95.41,5.25,2.00,0.9897,19,0,1.00,None,1,0.00,0.00,0.00
652,-1.19,-95.33,5.25,2.00,0.9897,19,0,1.00,None,1,0.00,0.00,0.00
653,-1.19,-95.33,5.25,2.00,0.9897,19,0,1.00,None,1,0.00,0.00,0.00
654,-1.19,-95.27,5.25,2.00,0.9897,19,0,1.00,None,1,0.00,0.00,0.00
655,-1.19,-95.27,5.25,2.00,0.9897,19,0,1.00,None,1,0.00,0.00,0.00
656,-1.19,-95.27,5.25,2.00,0.9897,19,0,1.00,None,1,0.00,0.00,0.00
657,-1.20,-95.15,5.25,2.00,0.9897,19,0,1.00,None,1,0.00,0.00,0.00
658,-1.20,-95.15,5.25,2.00,0.9897,19,0,1.00,None,1,0.00,0.00,0.00
659,-1.20,-95.15,5.25,2.00,0.9897,19,0,1.00,None,1,0.00,0.00,0.00
660,-1.20,-95.15,5.25,2.00,0.9897,19,0,1.00,None,1,0.00,0.00,0.00
661,-1.20,-95.15,5.25,2.00,0.9897,19,0,1.00,None,1,0.00,0.00,0.00
662,-1.21,-94.95,5.25,2.00,0.9896,19,0,1.00,None,1,0.00,0.00,0.00
663,-1.21,-94.95,5.25,2.00,0.9896,19,0,1.00,None,1,0.00,0.00,0.00
664,-1.21,-94.95,5.25,2.00,0.9896,19,0,1.00,None,1,0.00,0.00,0.00
665,-1.21,-94.95,5.25,2.00,0.9896,19,0,1.00,None,1,0.00,0.00,0.00
666,-1.22,-94.76,5.25,2.00,0.9895,19,0,1.00,None,1,0.00,0.00,0.00
667,-1.22,-94.76,5.25,2.00,0.9895,19,0,1.00,None,1,0.00,0.00,0.00
668,-1.23,-94.67,5.25,2.00,0.9895,19,0,1.00,None,1,0.00,0.00,0.00
669,-1.23,-94.67,5.25,2.00,0.9895,19,0,1.00,None,1,0.00,0.00,0.00
670,-1.23,-94.67,5.25,2.00,0.9895,19,0,1.00,None,1,0.00,0.00,0.00
671,-1.23,-94.67,5.25,2.00,0.9895,19,0,1.00,None,1,0.00,0.00,0.00
672,-1.23,-94.54,5.25,2.00,0.9895,19,0,1.00,None,1,0.00,0.00,0.00
673,-1.23,-94.54,5.25,2.00,0.9895,19,0,1.00,None,1,0.00,0.00,0.00
674,-1.23,-94.54,5.25,2.00,0.9895,19,0,1.00,None,1,0.00,0.00,0.00
675,-1.24,-94.42,5.25,2.00,0.9895,19,0,1.00,None,1,0.00,0.00,0.00
676,-1.24,-94.42,5.25,2.00,0.9895,19,0,1.00,None,1,0.00,0.00,0.00
677,-1.24,-94.42,5.25,2.00,0.9895,19,0,1.00,None,1,0.00,0.00,0.00
678,-1.25,-94.29,5.25,2.00,0.9894,19,0,1.00,None,1,0.00,0.00,0.00
679,-1.25,-94.29,5.25,2.00,0.9894,19,0,1.00,None,1,0.00,0.00,0.00
680,-1.25,-94.29,5.25,2.00,0.9894,19,0,1.00,None,1,0.00,0.00,0.00
681,-1.26,-94.16,5.25,2.00,0.9894,19,0,1.00,None,1,0.00,0.00,0.00
682,-1.26,-94.16,5.25,2.00,0.9894,19,0,1.00,None,1,0.00,0.00,0.00
683,-1.26,-94.10,5.25,2.00,0.9894,19,0,1.00,None,1,0.00,0.00,0.00
684,-1.26,-94.10,5.25,2.00,0.9894,19,0,1.00,None,1,0.00,0.00,0.00
685,-1.26,-94.10,5.25,2.00,0.9894,19,0,1.00,None,1,0.00,0.00,0.00
686,-1.27,-93.97,5.25,2.00,0.9893,19,0,1.00,None,1,0.00,0.00,0.00
687,-1.27,-93.97,5.25,2.00,0.9893,19,0,1.00,None,1,0.00,0.00,0.00
688,-1.27,-93.97,5.25,2.00,0.9893,19,0,1.00,None,1,0.00,0.00,0.00
689,-1.27,-93.97,5.25,2.00,0.9893,19,0,1.00,None,1,0.00,0.00,0.00
690,-1.27,-93.97,5.25,2.00,0.9893,19,0,1.00,None,1,0.00,0.00,0.00
691,-1.28,-93.77,5.25,2.00,0.9893,19,0,1.00,None,1,0.00,0.00,0.00
692,-1.28,-93.77,5.25,2.00,0.9893,19,0,1.00,None,1,0.00,0.00,0.00
693,-1.28,-93.77,5.25,2.00,0.9893,19,0,1.00,None,1,0.00,0.00,0.00
694,-1.28,-93.77,5.25,2.00,0.9893,19,0,1.00,None,1,0.00,0.00,0.00
695,-1.29,-93.63,5.25,2.00,0.9892,19,0,1.00,None,1,0.00,0.00,0.00
696,-1.29,-93.63,5.25,2.00,0.9892,19,0,1.00,None,1,0.00,0.00,0.00
697,-1.29,-93.63,5.25,2.00,0.9892,19,0,1.00,None,1,0.00,0.00,0.00
698,-1.30,-93.51,5.25,2.00,0.9892,19,0,1.00,None,1,0.00,0.00,0.00
699,-1.30,-93.45,5.25,2.00,0.9892,19,0,1.00,None,1,0.00,0.00,0.00
700,-1.30,-93.45,5.25,2.00,0.9892,19,0,1.00,None,1,0.00,0.00,0.00
701,-1.30,-93.45,5.25,2.00,0.9892,19,0,1.00,None,1,0.00,0.00,0.00
702,-1.31,-93.32,5.25,2.00,0.9891,19,0,1.00,None,1,0.00,0.00,0.00
703,-1.31,-93.32,5.25,2.00,0.9891,19,0,1.00,None,1,0.00,0.00,0.00
704,-1.31,-93.32,5.25,2.00,0.9891,19,0,1.00,None,1,0.00,0.00,0.00
705,-1.31,-93.32,5.25,2.00,0.9891,19,0,1.00,None,1,0.00,0.00,0.00
706,-1.32,-93.19,5.25,2.00,0.9891,19,0,1.00,None,1,0.00,0.00,0.00
707,-1.32,-93.19,5.25,2.00,0.9891,19,0,1.00,None,1,0.00,0.00,0.00
708,-1.32,-93.19,5.25,2.00,0.9891,19,0,1.00,None,1,0.00,0.00,0.00
709,-1.32,-93.06,5.25,2.00,0.9891,19,0,1.00,None,1,0.00,0.00,0.00
710,-1.32,-93.06,5.25,2.00,0.9891,19,0,1.00,None,1,0.00,0.00,0.00
711,-1.32,-93.06,5.25,2.00,0.9891,19,0,1.00,None,1,0.00,0.00,0.00
712,-1.33,-92.93,5.25,2.00,0.9890,19,0,1.00,None,1,0.00,0.00,0.00
713,-1.33,-92.93,5.25,2.00,0.9890,19,0,1.00,None,1,0.00,0.00,0.00
714,-1.33,-92.93,5.25,2.00,0.9890,19,0,1.00,None,1,0.00,0.00,0.00
715,-1.33,-92.93,5.25,2.00,0.9890,19,0,1.00,None,1,0.00,0.00,0.00
716,-1.33,-92.93,5.25,2.00,0.9890,19,0,1.00,None,1,0.00,0.00,0.00
717,-1.35,-92.72,5.25,2.00,0.9890,19,0,1.00,None,1,0.00,0.00,0.00
718,-1.35,-92.72,5.25,2.00,0.9890,19,0,1.00,None,1,0.00,0.00,0.00
719,-1.35,-92.72,5.25,2.00,0.9890,19,0,1.00,None,1,0.00,0.00,0.00
720,-1.35,-92.72,5.25,2.00,0.9890,19,0,1.00,None,1,0.00,0.00,0.00
721,-1.35,-92.59,5.25,2.00,0.9889,19,0,1.00,None,1,0.00,0.00,0.00
722,-1.35,-92.59,5.25,2.00,0.9889,19,0,1.00,None,1,0.00,0.00,0.00
723,-1.35,-92.59,5.25,2.00,0.9889,19,0,1.00,None,1,0.00,0.00,0.00
724,-1.36,-92.46,5.25,2.00,0.9889,19,0,1.00,None,1,0.00,0.00,0.00
725,-1.36,-92.41,5.25,2.00,0.9889,19,0,1.00,None,1,0.00,0.00,0.00
726,-1.36,-92.41,5.25,2.00,0.9889,19,0,1.00,None,1,0.00,0.00,0.00
727,-1.36,-92.41,5.25,2.00,0.9889,19,0,1.00,None,1,0.00,0.00,0.00
728,-1.36,-92.41,5.25,2.00,0.9889,19,0,1.00,None,1,0.00,0.00,0.00
729,-1.37,-92.28,5.25,2.00,0.9889,19,0,1.00,None,1,0.00,0.00,0.00
730,-1.37,-92.28,5.25,2.00,0.9889,19,0,1.00,None,1,0.00,0.00,0.00
731,-1.37,-92.28,5.25,2.00,0.9889,19,0,1.00,None,1,0.00,0.00,0.00
732,-1.38,-92.14,5.25,2.00,0.9888,19,0,1.00,None,1,0.00,0.00,0.00
733,-1.38,-92.14,5.25,2.00,0.9888,19,0,1.00,None,1,0.00,0.00,0.00
734,-1.38,-92.14,5.25,2.00,0.9888,19,0,1.00,None,1,0.00,0.00,0.00
735,-1.38,-92.14,5.25,2.00,0.9888,19,0,1.00,None,1,0.00,0.00,0.00
736,-1.38,-92.14,5.25,2.00,0.9888,19,0,1.00,None,1,0.00,0.00,0.00
737,-1.39,-91.94,5.25,2.00,0.9888,19,0,1.00,None,1,0.00,0.00,0.00
738,-1.39,-91.94,5.25,2.00,0.9888,19,0,1.00,None,1,0.00,0.00,0.00
739,-1.39,-91.94,5.25,2.00,0.9888,19,0,1.00,None,1,0.00,0.00,0.00
740,-1.40,-91.81,5.25,2.00,0.9887,19,0,1.00,None,1,0.00,0.00,0.00
741,-1.40,-91.81,5.25,2.00,0.9887,19,0,1.00,None,1,0.00,0.00,0.00
742,-1.40,-91.75,5.25,2.00,0.9887,19,0,1.00,None,1,0.00,0.00,0.00
743,-1.40,-91.75,5.25,2.00,0.9887,19,0,1.00,None,1,0.00,0.00,0.00
744,-1.40,-91.75,5.25,2.00,0.9887,19,0,1.00,None,1,0.00,0.00,0.00
745,-1.41,-91.62,5.25,2.00,0.9887,19,0,1.00,None,1,0.00,0.00,0.00
746,-1.41,-91.62,5.25,2.00,0.9887,19,0,1.00,None,1,0.00,0.00,0.00
747,-1.41,-91.62,5.25,2.00,0.9887,19,0,1.00,None,1,0.00,0.00,0.00
748,-1.42,-91.49,5.25,2.00,0.9886,19,0,1.00,None,1,0.00,0.00,0.00
749,-1.42,-91.49,5.25,2.00,0.9886,19,0,1.00,None,1,0.00,0.00,0.00
750,-1.42,-91.49,5.25,2.00,0.9886,19,0,1.00,None,1,0.00,0.00,0.00
751,-1.43,-91.36,5.25,2.00,0.9886,19,0,1.00,None,1,0.00,0.00,0.00
752,-1.43,-91.36,5.25,2.00,0.9886,19,0,1.00,None,1,0.00,0.00,0.00
753,-1.43,-91.36,5.25,2.00,0.9886,19,0,1.00,None,1,0.00,0.00,0.00
754,-1.43,-91.36,5.25,2.00,0.9886,19,0,1.00,None,1,0.00,0.00,0.00
755,-1.43,-91.36,5.25,2.00,0.9886,19,0,1.00,None,1,0.00,0.00,0.00
756,-1.44,-91.16,5.25,2.00,0.9885,19,0,1.00,None,1,0.00,0.00,0.00
757,-1.44,-91.16,5.25,2.00,0.9885,19,0,1.00,None,1,0.00,0.00,0.00
758,-1.44,-91.16,5.25,2.00,0.9885,19,0,1.00,None,1,0.00,0.00,0.00
759,-1.44,-91.16,5.25,2.00,0.9885,19,0,1.00,None,1,0.00,0.00,0.00
760,-1.45,-91.03,5.25,2.00,0.9885,19,0,1.00,None,1,0.00,0.00,0.00
761,-1.45,-90.97,5.25,2.00,0.9885,19,0,1.00,None,1,0.00,0.00,0.00
762,-1.45,-90.97,5.25,2.00,0.9885,19,0,1.00,None,1,0.00,0.00,0.00
763,-1.45,-90.97,5.25,2.00,0.9885,19,0,1.00,None,1,0.00,0.00,0.00
764,-1.46,-90.84,5.25,2.00,0.9885,19,0,1.00,None,1,0.00,0.00,0.00
765,-1.46,-90.84,5.25,2.00,0.9885,19,0,1.00,None,1,0.00,0.00,0.00
766,-1.46,-90.84,5.25,2.00,0.9885,19,0,1.00,None,1,0.00,0.00,0.00
767,-1.46,-90.84,5.25,2.00,0.9885,19,0,1.00,None,1,0.00,0.00,0.00
768,-1.47,-90.71,5.25,2.00,0.9884,19,0,1.00,None,1,0.00,0.00,0.00
769,-1.47,-90.71,5.25,2.00,0.9884,19,0,1.00,None,1,0.00,0.00,0.00
770,-1.47,-90.71,5.25,2.00,0.9884,19,0,1.00,None,1,0.00,0.00,0.00
771,-1.47,-90.71,5.25,2.00,0.9884,19,0,1.00,None,1,0.00,0.00,0.00
772,-1.47,-90.71,5.25,2.00,0.9884,19,0,1.00,None,1,0.00,0.00,0.00
773,-1.48,-90.50,5.25,2.00,0.9884,19,0,1.00,None,1,0.00,0.00,0.00
774,-1.48,-90.50,5.25,2.00,0.9884,19,0,1.00,None,1,0.00,0.00,0.00
775,-1.48,-90.50,5.25,2.00,0.9884,19,0,1.00,None,1,0.00,0.00,0.00
776,-1.49,-90.37,5.25,2.00,0.9883,19,0,1.00,None,1,0.00,0.00,0.00
777,-1.49,-90.37,5.25,2.00,0.9883,19,0,1.00,None,1,0.00,0.00,0.00
778,-1.49,-90.37,5.25,2.00,0.9883,19,0,1.00,None,1,0.00,0.00,0.00
779,-1.49,-90.37,5.25,2.00,0.9883,19,0,1.00,None,1,0.00,0.00,0.00
780,-1.50,-90.23,5.25,2.00,0.9883,19,0,1.00,None,1,0.00,0.00,0.00
781,-1.50,-90.23,5.25,2.00,0.9883,19,0,1.00,None,1,0.00,0.00,0.00
782,-1.50,-90.23,5.25,2.00,0.9883,19,0,1.00,None,1,0.00,0.00,0.00
783,-1.50,-90.11,5.25,2.00,0.9883,19,0,1.00,None,1,0.00,0.00,0.00
784,-1.50,-90.11,5.25,2.00,0.9883,19,0,1.00,None,1,0.00,0.00,0.00
785,-1.50,-90.11,5.25,2.00,0.9883,19,0,1.00,None,1,0.00,0.00,0.00
786,-1.51,-89.97,5.25,2.00,0.9882,19,0,1.00,None,1,0.00,0.00,0.00
787,-1.51,-89.97,5.25,2.00,0.9882,19,0,1.00,None,1,0.00,0.00,0.00
788,-1.51,-89.97,5.25,2.00,0.9882,19,0,1.00,None,1,0.00,0.00,0.00
789,-1.51,-89.97,5.25,2.00,0.9882,19,0,1.00,None,1,0.00,0.00,0.00
790,-1.52,-89.83,5.25,2.00,0.9882,19,0,1.00,None,1,0.00,0.00,0.00
791,-1.52,-89.76,5.25,2.00,0.9882,19,0,1.00,None,1,0.00,0.00,0.00
792,-1.52,-89.76,5.25,2.00,0.9882,19,0,1.00,None,1,0.00,0.00,0.00
793,-1.52,-89.76,5.25,2.00,0.9882,19,0,1.00,None,1,0.00,0.00,0.00
794,-1.52,-89.76,5.25,2.00,0.9882,19,0,1.00,None,1,0.00,0.00,0.00
795,-1.52,-89.76,5.25,2.00,0.9882,19,0,1.00,None,1,0.00,0.00,0.00
796,-1.52,-89.76,5.25,2.00,0.9882,19,0,1.00,None,1,0.00,0.00,0.00
797,-1.52,-89.76,5.25,2.00,0.9882,19,0,1.00,None,1,0.00,0.00,0.00
798,-1.52,-89.76,5.25,2.00,0.9882,19,0,1.00,None,1,0.00,0.00,0.00
799,-1.52,-89.76,5.25,2.00,0.9882,19,0,1.00,None,1,0.00,0.00,0.00
800,-1.52,-89.76,5.25,2.00,0.9882,19,0,1.00,None,1,0.00,0.00,0.00
801,-1.52,-89.76,5.25,2.00,0.9882,19,0,1.00,None,1,0.00,0.00,0.00
802,-1.52,-89.76,5.25,2.00,0.9882,19,0,1.00,None,1,0.00,0.00,0.00
803,-1.52,-89.76,5.25,2.00,0.9882,19,0,1.00,None,1,0.00,0.00,0.00
804,-1.52,-89.76,5.25,2.00,0.9882,19,0,1.00,None,1,0.00,0.00,0.00
805,-1.52,-89.76,5.25,2.00,0.9882,19,0,1.00,None,1,0.00,0.00,0.00
806,-1.52,-89.76,5.25,2.00,0.9882,19,0,1.00,None,1,0.00,0.00,0.00
807,-1.52,-89.76,5.25,2.00,0.9882,19,0,1.00,None,1,0.00,0.00,0.00
808,-1.56,-89.10,5.25,2.00,0.9880,19,0,1.00,None,1,0.00,0.00,0.00
809,-1.56,-89.10,5.25,2.00,0.9880,19,0,1.00,None,1,0.00,0.00,0.00
810,-1.56,-89.10,5.25,2.00,0.9880,19,0,1.00,None,1,0.00,0.00,0.00
811,-1.56,-89.10,5.25,2.00,0.9880,19,0,1.00,None,1,0.00,0.00,0.00
812,-1.56,-89.10,5.25,2.00,0.9880,19,0,1.00,None,1,0.00,0.00,0.00
813,-1.58,-88.92,5.25,2.00,0.9879,19,0,1.00,None,1,0.00,0.00,0.00
814,-1.58,-88.87,5.25,2.00,0.9879,19,0,1.00,None,1,0.00,0.00,0.00
815,-1.58,-88.87,5.25,2.00,0.9879,19,0,1.00,None,1,0.00,0.00,0.00
816,-1.58,-88.87,5.25,2.00,0.9879,19,0,1.00,None,1,0.00,0.00,0.00
817,-1.59,-88.74,5.25,2.00,0.9879,19,0,1.00,None,1,0.00,0.00,0.00
818,-1.59,-88.74,5.25,2.00,0.9879,19,0,1.00,None,1,0.00,0.00,0.00
819,-1.59,-88.67,5.26,2.00,0.9878,19,0,1.00,None,1,0.00,0.00,0.00
820,-1.59,-88.67,5.26,2.00,0.9878,19,0,1.00,None,1,0.00,0.00,0.00
821,-1.60,-88.59,5.26,2.00,0.9878,19,0,1.00,None,1,0.00,0.00,0.00
822,-1.60,-88.59,5.26,2.00,0.9878,19,0,1.00,None,1,0.00,0.00,0.00
823,-1.60,-88.59,5.26,2.00,0.9878,19,0,1.00,None,1,0.00,0.00,0.00
824,-1.60,-88.59,5.26,2.00,0.9878,19,0,1.00,None,1,0.00,0.00,0.00
825,-1.60,-88.59,5.26,2.00,0.9878,19,0,1.00,None,1,0.00,0.00,0.00
826,-1.61,-88.37,5.26,2.00,0.9878,19,0,1.00,None,1,0.00,0.00,0.00
827,-1.61,-88.37,5.26,2.00,0.9878,19,0,1.00,None,1,0.00,0.00,0.00
828,-1.61,-88.37,5.26,2.00,0.9878,19,0,1.00,None,1,0.00,0.00,0.00
829,-1.61,-88.37,5.26,2.00,0.9878,19,0,1.00,None,1,0.00,0.00,0.00
830,-1.61,-88.37,5.26,2.00,0.9878,19,0,1.00,None,1,0.00,0.00,0.00
831,-1.61,-88.37,5.26,2.00,0.9878,19,0,1.00,None,1,0.00,0.00,0.00
832,-1.62,-88.15,5.26,2.00,0.9877,19,0,1.00,None,1,0.00,0.00,0.00
833,-1.62,-88.15,5.26,2.00,0.9877,19,0,1.00,None,1,0.00,0.00,0.00
834,-1.62,-88.15,5.26,2.00,0.9877,19,0,1.00,None,1,0.00,0.00,0.00
835,-1.63,-88.01,5.26,2.00,0.9877,19,0,1.00,None,1,0.00,0.00,0.00
836,-1.63,-88.01,5.26,2.00,0.9877,19,0,1.00,None,1,0.00,0.00,0.00
837,-1.64,-87.93,5.26,2.00,0.9876,19,0,1.00,None,1,0.00,0.00,0.00
838,-1.64,-87.93,5.26,2.00,0.9876,19,0,1.00,None,1,0.00,0.00,0.00
839,-1.64,-87.93,5.26,2.00,0.9876,19,0,1.00,None,1,0.00,0.00,0.00
840,-1.64,-87.93,5.26,2.00,0.9876,19,0,1.00,None,1,0.00,0.00,0.00
841,-1.64,-87.79,5.26,2.00,0.9876,19,0,1.00,None,1,0.00,0.00,0.00
842,-1.64,-87.79,5.26,2.00,0.9876,19,0,1.00,None,1,0.00,0.00,0.00
843,-1.64,-87.79,5.26,2.00,0.9876,19,0,1.00,None,1,0.00,0.00,0.00
844,-1.64,-87.79,5.26,2.00,0.9876,19,0,1.00,None,1,0.00,0.00,0.00
845,-1.65,-87.62,5.26,2.00,0.9876,19,0,1.00,None,1,0.00,0.00,0.00
846,-1.65,-87.62,5.26,2.00,0.9876,19,0,1.00,None,1,0.00,0.00,0.00
847,-1.66,-87.54,5.26,2.00,0.9875,19,0,1.00,None,1,0.00,0.00,0.00
848,-1.66,-87.54,5.26,2.00,0.9875,19,0,1.00,None,1,0.00,0.00,0.00
849,-1.66,-87.48,5.26,2.00,0.9875,19,0,1.00,None,1,0.00,0.00,0.00
850,-1.66,-87.48,5.26,2.00,0.9875,19,0,1.00,None,1,0.00,0.00,0.00
851,-1.66,-87.48,5.26,2.00,0.9875,19,0,1.00,None,1,0.00,0.00,0.00
852,-1.66,-87.48,5.26,2.00,0.9875,19,0,1.00,None,1,0.00,0.00,0.00
853,-1.66,-87.48,5.26,2.00,0.9875,19,0,1.00,None,1,0.00,0.00,0.00
854,-1.67,-87.28,5.26,2.00,0.9875,19,0,1.00,None,1,0.00,0.00,0.00
855,-1.67,-87.28,5.26,2.00,0.9875,19,0,1.00,None,1,0.00,0.00,0.00
856,-1.67,-87.28,5.26,2.00,0.9875,19,0,1.00,None,1,0.00,0.00,0.00
857,-1.67,-87.28,5.26,2.00,0.9875,19,0,1.00,None,1,0.00,0.00,0.00
858,-1.68,-87.11,5.26,2.00,0.9874,19,0,1.00,None,1,0.00,0.00,0.00
859,-1.68,-87.11,5.26,2.00,0.9874,19,0,1.00,None,1,0.00,0.00,0.00
860,-1.68,-87.11,5.26,2.00,0.9874,19,0,1.00,None,1,0.00,0.00,0.00
861,-1.69,-86.98,5.26,2.00,0.9874,19,0,1.00,None,1,0.00,0.00,0.00
862,-1.69,-86.98,5.26,2.00,0.9874,19,0,1.00,None,1,0.00,0.00,0.00
863,-1.69,-86.98,5.26,2.00,0.9874,19,0,1.00,None,1,0.00,0.00,0.00
864,-1.70,-86.85,5.26,2.00,0.9873,19,0,1.00,None,1,0.00,0.00,0.00
865,-1.70,-86.85,5.26,2.00,0.9873,19,0,1.00,None,1,0.00,0.00,0.00
866,-1.70,-86.85,5.26,2.00,0.9873,19,0,1.00,None,1,0.00,0.00,0.00
867,-1.70,-86.85,5.26,2.00,0.9873,19,0,1.00,None,1,0.00,0.00,0.00
868,-1.71,-86.72,5.26,2.00,0.9873,19,0,1.00,None,1,0.00,0.00,0.00
869,-1.71,-86.72,5.26,2.00,0.9873,19,0,1.00,None,1,0.00,0.00,0.00
870,-1.71,-86.72,5.26,2.00,0.9873,19,0,1.00,None,1,0.00,0.00,0.00
871,-1.72,-86.60,5.26,2.00,0.9873,19,0,1.00,None,1,0.00,0.00,0.00
872,-1.72,-86.60,5.26,2.00,0.9873,19,0,1.00,None,1,0.00,0.00,0.00
873,-1.72,-86.52,5.26,2.00,0.9873,19,0,1.00,None,1,0.00,0.00,0.00
874,-1.72,-86.46,5.26,2.00,0.9872,19,0,1.00,None,1,0.00,0.00,0.00
875,-1.72,-86.46,5.26,2.00,0.9872,19,0,1.00,None,1,0.00,0.00,0.00
876,-1.72,-86.46,5.26,2.00,0.9872,19,0,1.00,None,1,0.00,0.00,0.00
877,-1.72,-86.46,5.26,2.00,0.9872,19,0,1.00,None,1,0.00,0.00,0.00
878,-1.72,-86.46,5.26,2.00,0.9872,19,0,1.00,None,1,0.00,0.00,0.00
879,-1.74,-86.26,5.26,2.00,0.9872,19,0,1.00,None,1,0.00,0.00,0.00
880,-1.74,-86.26,5.26,2.00,0.9872,19,0,1.00,None,1,0.00,0.00,0.00
881,-1.74,-86.26,5.26,2.00,0.9872,19,0,1.00,None,1,0.00,0.00,0.00
882,-1.74,-86.26,5.26,2.00,0.9872,19,0,1.00,None,1,0.00,0.00,0.00
883,-1.74,-86.26,5.26,2.00,0.9872,19,0,1.00,None,1,0.00,0.00,0.00
884,-1.75,-86.09,5.26,2.00,0.9871,19,0,1.00,None,1,0.00,0.00,0.00
885,-1.75,-86.01,5.26,2.00,0.9871,19,0,1.00,None,1,0.00,0.00,0.00
886,-1.75,-86.01,5.26,2.00,0.9871,19,0,1.00,None,1,0.00,0.00,0.00
887,-1.76,-85.94,5.26,2.00,0.9871,19,0,1.00,None,1,0.00,0.00,0.00
888,-1.76,-85.94,5.26,2.00,0.9871,19,0,1.00,None,1,0.00,0.00,0.00
889,-1.76,-85.94,5.26,2.00,0.9871,19,0,1.00,None,1,0.00,0.00,0.00
890,-1.76,-85.94,5.26,2.00,0.9871,19,0,1.00,None,1,0.00,0.00,0.00
891,-1.76,-85.94,5.26,2.00,0.9871,19,0,1.00,None,1,0.00,0.00,0.00
892,-1.77,-85.75,5.26,2.00,0.9870,19,0,1.00,None,1,0.00,0.00,0.00
893,-1.77,-85.75,5.26,2.00,0.9870,19,0,1.00,None,1,0.00,0.00,0.00
894,-1.77,-85.75,5.26,2.00,0.9870,19,0,1.00,None,1,0.00,0.00,0.00
895,-1.77,-85.75,5.26,2.00,0.9870,19,0,1.00,None,1,0.00,0.00,0.00
896,-1.78,-85.58,5.26,2.00,0.9870,19,0,1.00,None,1,0.00,0.00,0.00
897,-1.78,-85.58,5.26,2.00,0.9870,19,0,1.00,None,1,0.00,0.00,0.00
898,-1.78,-85.58,5.26,2.00,0.9870,19,0,1.00,None,1,0.00,0.00,0.00
899,-1.78,-85.45,5.26,2.00,0.9870,19,0,1.00,None,1,0.00,0.00,0.00
900,-1.78,-85.45,5.26,2.00,0.9870,19,0,1.00,None,1,0.00,0.00,0.00
901,-1.79,-85.38,5.26,2.00,0.9869,19,0,1.00,None,1,0.00,0.00,0.00
902,-1.79,-85.38,5.26,2.00,0.9869,19,0,1.00,None,1,0.00,0.00,0.00
903,-1.79,-85.31,5.26,2.00,0.9869,19,0,1.00,None,1,0.00,0.00,0.00
904,-1.79,-85.31,5.26,2.00,0.9869,19,0,1.00,None,1,0.00,0.00,0.00
905,-1.79,-85.31,5.26,2.00,0.9869,19,0,1.00,None,1,0.00,0.00,0.00
906,-1.80,-85.19,5.26,2.00,0.9869,19,0,1.00,None,1,0.00,0.00,0.00
907,-1.80,-85.19,5.26,2.00,0.9869,19,0,1.00,None,1,0.00,0.00,0.00
908,-1.80,-85.19,5.26,2.00,0.9869,19,0,1.00,None,1,0.00,0.00,0.00
909,-1.80,-85.19,5.26,2.00,0.9869,19,0,1.00,None,1,0.00,0.00,0.00
910,-1.80,-85.19,5.26,2.00,0.9869,19,0,1.00,None,1,0.00,0.00,0.00
911,-1.81,-84.99,5.26,2.00,0.9868,19,0,1.00,None,1,0.00,0.00,0.00
912,-1.81,-84.99,5.26,2.00,0.9868,19,0,1.00,None,1,0.00,0.00,0.00
913,-1.81,-84.99,5.26,2.00,0.9868,19,0,1.00,None,1,0.00,0.00,0.00
914,-1.81,-84.99,5.26,2.00,0.9868,19,0,1.00,None,1,0.00,0.00,0.00
915,-1.82,-84.82,5.26,2.00,0.9868,19,0,1.00,None,1,0.00,0.00,0.00
916,-1.82,-84.82,5.26,2.00,0.9868,19,0,1.00,None,1,0.00,0.00,0.00
917,-1.82,-84.82,5.26,2.00,0.9868,19,0,1.00,None,1,0.00,0.00,0.00
918,-1.82,-84.82,5.26,2.00,0.9868,19,0,1.00,None,1,0.00,0.00,0.00
919,-1.83,-84.69,5.26,2.00,0.9867,19,0,1.00,None,1,0.00,0.00,0.00
920,-1.83,-84.69,5.26,2.00,0.9867,19,0,1.00,None,1,0.00,0.00,0.00
921,-1.83,-84.69,5.26,2.00,0.9867,19,0,1.00,None,1,0.00,0.00,0.00
922,-1.84,-84.56,5.26,2.00,0.9867,19,0,1.00,None,1,0.00,0.00,0.00
923,-1.84,-84.56,5.26,2.00,0.9867,19,0,1.00,None,1,0.00,0.00,0.00
924,-1.84,-84.56,5.26,2.00,0.9867,19,0,1.00,None,1,0.00,0.00,0.00
925,-1.85,-84.44,5.26,2.00,0.9867,19,0,1.00,None,1,0.00,0.00,0.00
926,-1.85,-84.44,5.26,2.00,0.9867,19,0,1.00,None,1,0.00,0.00,0.00
927,-1.85,-84.44,5.26,2.00,0.9867,19,0,1.00,None,1,0.00,0.00,0.00
928,-1.85,-84.31,5.26,2.00,0.9866,19,0,1.00,None,1,0.00,0.00,0.00
929,-1.85,-84.31,5.26,2.00,0.9866,19,0,1.00,None,1,0.00,0.00,0.00
930,-1.86,-84.24,5.26,2.00,0.9866,19,0,1.00,None,1,0.00,0.00,0.00
931,-1.86,-84.24,5.26,2.00,0.9866,19,0,1.00,None,1,0.00,0.00,0.00
932,-1.86,-84.24,5.26,2.00,0.9866,19,0,1.00,None,1,0.00,0.00,0.00
933,-1.87,-84.11,5.26,2.00,0.9866,19,0,1.00,None,1,0.00,0.00,0.00
934,-1.87,-84.11,5.26,2.00,0.9866,19,0,1.00,None,1,0.00,0.00,0.00
935,-1.87,-84.11,5.26,2.00,0.9866,19,0,1.00,None,1,0.00,0.00,0.00
936,-1.87,-84.11,5.26,2.00,0.9866,19,0,1.00,None,1,0.00,0.00,0.00
937,-1.88,-83.93,5.26,2.00,0.9865,19,0,1.00,None,1,0.00,0.00,0.00
938,-1.88,-83.93,5.26,2.00,0.9865,19,0,1.00,None,1,0.00,0.00,0.00
939,-1.88,-83.93,5.26,2.00,0.9865,19,0,1.00,None,1,0.00,0.00,0.00
940,-1.88,-83.93,5.26,2.00,0.9865,19,0,1.00,None,1,0.00,0.00,0.00
941,-1.88,-83.81,5.26,2.00,0.9865,19,0,1.00,None,1,0.00,0.00,0.00
942,-1.88,-83.81,5.26,2.00,0.9865,19,0,1.00,None,1,0.00,0.00,0.00
943,-1.88,-83.81,5.26,2.00,0.9865,19,0,1.00,None,1,0.00,0.00,0.00
944,-1.89,-83.68,5.26,2.00,0.9865,19,0,1.00,None,1,0.00,0.00,0.00
945,-1.89,-83.68,5.26,2.00,0.9865,19,0,1.00,None,1,0.00,0.00,0.00
946,-1.89,-83.68,5.26,2.00,0.9865,19,0,1.00,None,1,0.00,0.00,0.00
947,-1.90,-83.55,5.26,2.00,0.9864,19,0,1.00,None,1,0.00,0.00,0.00
948,-1.90,-83.55,5.26,2.00,0.9864,19,0,1.00,None,1,0.00,0.00,0.00
949,-1.90,-83.48,5.26,2.00,0.9864,19,0,1.00,None,1,0.00,0.00,0.00
950,-1.90,-83.48,5.26,2.00,0.9864,19,0,1.00,None,1,0.00,0.00,0.00
951,-1.90,-83.48,5.26,2.00,0.9864,19,0,1.00,None,1,0.00,0.00,0.00
952,-1.91,-83.35,5.26,2.00,0.9864,19,0,1.00,None,1,0.00,0.00,0.00
953,-1.91,-83.35,5.26,2.00,0.9864,19,0,1.00,None,1,0.00,0.00,0.00
954,-1.91,-83.35,5.26,2.00,0.9864,19,0,1.00,None,1,0.00,0.00,0.00
955,-1.91,-83.35,5.26,2.00,0.9864,19,0,1.00,None,1,0.00,0.00,0.00
956,-1.92,-83.18,5.26,2.00,0.9863,19,0,1.00,None,1,0.00,0.00,0.00
957,-1.92,-83.18,5.26,2.00,0.9863,19,0,1.00,None,1,0.00,0.00,0.00
958,-1.92,-83.18,5.26,2.00,0.9863,19,0,1.00,None,1,0.00,0.00,0.00
959,-1.92,-83.18,5.26,2.00,0.9863,19,0,1.00,None,1,0.00,0.00,0.00
960,-1.93,-83.05,5.26,2.00,0.9863,19,0,1.00,None,1,0.00,0.00,0.00
961,-1.93,-83.05,5.26,2.00,0.9863,19,0,1.00,None,1,0.00,0.00,0.00
962,-1.93,-83.05,5.26,2.00,0.9863,19,0,1.00,None,1,0.00,0.00,0.00
963,-1.94,-82.92,5.26,2.00,0.9863,19,0,1.00,None,1,0.00,0.00,0.00
964,-1.94,-82.92,5.26,2.00,0.9863,19,0,1.00,None,1,0.00,0.00,0.00
965,-1.94,-82.92,5.26,2.00,0.9863,19,0,1.00,None,1,0.00,0.00,0.00
966,-1.95,-82.79,5.26,2.00,0.9862,19,0,1.00,None,1,0.00,0.00,0.00
967,-1.95,-82.79,5.26,2.00,0.9862,19,0,1.00,None,1,0.00,0.00,0.00
968,-1.95,-82.72,5.26,2.00,0.9862,19,0,1.00,None,1,0.00,0.00,0.00
969,-1.95,-82.72,5.26,2.00,0.9862,19,0,1.00,None,1,0.00,0.00,0.00
970,-1.95,-82.72,5.26,2.00,0.9862,19,0,1.00,None,1,0.00,0.00,0.00
971,-1.96,-82.59,5.26,2.00,0.9862,19,0,1.00,None,1,0.00,0.00,0.00
972,-1.96,-82.59,5.26,2.00,0.9862,19,0,1.00,None,1,0.00,0.00,0.00
973,-1.96,-82.59,5.26,2.00,0.9862,19,0,1.00,None,1,0.00,0.00,0.00
974,-1.97,-82.47,5.26,2.00,0.9861,19,0,1.00,None,1,0.00,0.00,0.00
975,-1.97,-82.47,5.26,2.00,0.9861,19,0,1.00,None,1,0.00,0.00,0.00
976,-1.97,-82.40,5.26,2.00,0.9861,19,0,1.00,None,1,0.00,0.00,0.00
977,-1.97,-82.40,5.26,2.00,0.9861,19,0,1.00,None,1,0.00,0.00,0.00
978,-1.97,-82.40,5.26,2.00,0.9861,19,0,1.00,None,1,0.00,0.00,0.00
979,-1.97,-82.40,5.26,2.00,0.9861,19,0,1.00,None,1,0.00,0.00,0.00
980,-1.97,-82.40,5.26,2.00,0.9861,19,0,1.00,None,1,0.00,0.00,0.00
981,-1.98,-82.20,5.26,2.00,0.9861,19,0,1.00,None,1,0.00,0.00,0.00
982,-1.98,-82.20,5.26,2.00,0.9861,19,0,1.00,None,1,0.00,0.00,0.00
983,-1.98,-82.20,5.26,2.00,0.9861,19,0,1.00,None,1,0.00,0.00,0.00
984,-1.98,-82.20,5.26,2.00,0.9861,19,0,1.00,None,1,0.00,0.00,0.00
985,-1.98,-82.20,5.26,2.00,0.9861,19,0,1.00,None,1,0.00,0.00,0.00
986,-1.99,-82.01,5.26,2.00,0.9860,19,0,1.00,None,1,0.00,0.00,0.00
987,-2.00,-81.95,5.26,2.00,0.9860,19,0,1.00,None,1,0.00,0.00,0.00
988,-2.00,-81.95,5.26,2.00,0.9860,19,0,1.00,None,1,0.00,0.00,0.00
989,-2.00,-81.95,5.26,2.00,0.9860,19,0,1.00,None,1,0.00,0.00,0.00
990,-2.00,-81.82,5.26,2.00,0.9859,19,0,1.00,None,1,0.00,0.00,0.00
991,-2.00,-81.82,5.26,2.00,0.9859,19,0,1.00,None,1,0.00,0.00,0.00
992,-2.01,-81.76,5.26,2.00,0.9859,19,0,1.00,None,1,0.00,0.00,0.00
993,-2.01,-81.76,5.26,2.00,0.9859,19,0,1.00,None,1,0.00,0.00,0.00
994,-2.01,-81.76,5.26,2.00,0.9859,19,0,1.00,None,1,0.00,0.00,0.00
995,-2.02,-81.64,5.26,2.00,0.9859,19,0,1.00,None,1,0.00,0.00,0.00
996,-2.02,-81.64,5.26,2.00,0.9859,19,0,1.00,None,1,0.00,0.00,0.00
997,-2.02,-81.64,5.26,2.00,0.9859,19,0,1.00,None,1,0.00,0.00,0.00
998,-2.02,-81.64,5.26,2.00,0.9859,19,0,1.00,None,1,0.00,0.00,0.00
999,-2.02,-81.64,5.26,2.00,0.9859,19,0,1.00,None,1,0.00,0.00,0.00
1000,-2.03,-81.44,5.26,2.00,0.9858,19,0,1.00,None,1,0.00,0.00,0.00
1001,-2.03,-81.44,5.26,2.00,0.9858,19,0,1.00,None,1,0.00,0.00,0.00
1002,-2.03,-81.44,5.26,2.00,0.9858,19,0,1.00,None,1,0.00,0.00,0.00
1003,-2.03,-81.44,5.26,2.00,0.9858,19,0,1.00,None,1,0.00,0.00,0.00
1004,-2.04,-81.26,5.26,2.00,0.9858,19,0,1.00,None,1,0.00,0.00,0.00
1005,-2.04,-81.26,5.26,2.00,0.9858,19,0,1.00,None,1,0.00,0.00,0.00
1006,-2.04,-81.26,5.26,2.00,0.9858,19,0,1.00,None,1,0.00,0.00,0.00
1007,-2.05,-81.14,5.26,2.00,0.9858,19,0,1.00,None,1,0.00,0.00,0.00
1008,-2.05,-81.14,5.26,2.00,0.9858,19,0,1.00,None,1,0.00,0.00,0.00
1009,-2.05,-81.14,5.26,2.00,0.9858,19,0,1.00,None,1,0.00,0.00,0.00
1010,-2.05,-81.14,5.26,2.00,0.9858,19,0,1.00,None,1,0.00,0.00,0.00
1011,-2.05,-81.01,5.26,2.00,0.9857,19,0,1.00,None,1,0.00,0.00,0.00
1012,-2.05,-81.01,5.26,2.00,0.9857,19,0,1.00,None,1,0.00,0.00,0.00
1013,-2.05,-81.01,5.26,2.00,0.9857,19,0,1.00,None,1,0.00,0.00,0.00
1014,-2.06,-80.89,5.26,2.00,0.9857,19,0,1.00,None,1,0.00,0.00,0.00
1015,-2.06,-80.89,5.26,2.00,0.9857,19,0,1.00,None,1,0.00,0.00,0.00
1016,-2.06,-80.89,5.26,2.00,0.9857,19,0,1.00,None,1,0.00,0.00,0.00
1017,-2.07,-80.76,5.26,2.00,0.9856,19,0,1.00,None,1,0.00,0.00,0.00
1018,-2.07,-80.76,5.26,2.00,0.9856,19,0,1.00,None,1,0.00,0.00,0.00
1019,-2.07,-80.76,5.26,2.00,0.9856,19,0,1.00,None,1,0.00,0.00,0.00
1020,-2.08,-80.63,5.26,2.00,0.9856,19,0,1.00,None,1,0.00,0.00,0.00
1021,-2.08,-80.63,5.26,2.00,0.9856,19,0,1.00,None,1,0.00,0.00,0.00
1022,-2.08,-80.56,5.26,2.00,0.9856,19,0,1.00,None,1,0.00,0.00,0.00
1023,-2.08,-80.56,5.26,2.00,0.9856,19,0,1.00,None,1,0.00,0.00,0.00
1024,-2.08,-80.56,5.26,2.00,0.9856,19,0,1.00,None,1,0.00,0.00,0.00
1025,-2.09,-80.43,5.26,2.00,0.9856,19,0,1.00,None,1,0.00,0.00,0.00
1026,-2.09,-80.43,5.26,2.00,0.9856,19,0,1.00,None,1,0.00,0.00,0.00
1027,-2.09,-80.43,5.26,2.00,0.9856,19,0,1.00,None,1,0.00,0.00,0.00
1028,-2.10,-80.31,5.26,2.00,0.9855,19,0,1.00,None,1,0.00,0.00,0.00
1029,-2.10,-80.31,5.26,2.00,0.9855,19,0,1.00,None,1,0.00,0.00,0.00
1030,-2.10,-80.31,5.26,2.00,0.9855,19,0,1.00,None,1,0.00,0.00,0.00
1031,-2.10,-80.31,5.26,2.00,0.9855,19,0,1.00,None,1,0.00,0.00,0.00
1032,-2.10,-80.18,5.26,2.00,0.9855,19,0,1.00,None,1,0.00,0.00,0.00
1033,-2.10,-80.18,5.26,2.00,0.9855,19,0,1.00,None,1,0.00,0.00,0.00
1034,-2.10,-80.18,5.26,2.00,0.9855,19,0,1.00,None,1,0.00,0.00,0.00
1035,-2.10,-80.18,5.26,2.00,0.9855,19,0,1.00,None,1,0.00,0.00,0.00
1036,-2.11,-80.00,5.27,2.00,0.9854,19,0,1.00,None,1,0.00,0.00,0.00
1037,-2.11,-80.00,5.27,2.00,0.9854,19,0,1.00,None,1,0.00,0.00,0.00
1038,-2.12,-79.92,5.27,2.00,0.9854,19,0,1.00,None,1,0.00,0.00,0.00
1039,-2.12,-79.92,5.27,2.00,0.9854,19,0,1.00,None,1,0.00,0.00,0.00
1040,-2.12,-79.86,5.27,2.00,0.9854,19,0,1.00,None,1,0.00,0.00,0.00
1041,-2.12,-79.86,5.27,2.00,0.9854,19,0,1.00,None,1,0.00,0.00,0.00
1042,-2.12,-79.86,5.27,2.00,0.9854,19,0,1.00,None,1,0.00,0.00,0.00
1043,-2.12,-79.86,5.27,2.00,0.9854,19,0,1.00,None,1,0.00,0.00,0.00
1044,-2.12,-79.86,5.27,2.00,0.9854,19,0,1.00,None,1,0.00,0.00,0.00
1045,-2.14,-79.64,5.27,2.00,0.9853,19,0,1.00,None,1,0.00,0.00,0.00
1046,-2.14,-79.64,5.27,2.00,0.9853,19,0,1.00,None,1,0.00,0.00,0.00
1047,-2.14,-79.64,5.27,2.00,0.9853,19,0,1.00,None,1,0.00,0.00,0.00
1048,-2.14,-79.64,5.27,2.00,0.9853,19,0,1.00,None,1,0.00,0.00,0.00
1049,-2.14,-79.64,5.27,2.00,0.9853,19,0,1.00,None,1,0.00,0.00,0.00
1050,-2.15,-79.45,5.27,2.00,0.9853,19,0,1.00,None,1,0.00,0.00,0.00
1051,-2.15,-79.45,5.27,2.00,0.9853,19,0,1.00,None,1,0.00,0.00,0.00
1052,-2.15,-79.45,5.27,2.00,0.9853,19,0,1.00,None,1,0.00,0.00,0.00
1053,-2.16,-79.27,5.27,2.96,0.9853,19,0,1.00,None,1,0.00,0.00,0.00
1054,-2.16,-79.27,5.27,2.96,0.9853,19,0,1.00,None,1,0.00,0.00,0.00
1055,-2.16,-79.27,5.27,2.96,0.9853,19,0,1.00,None,1,0.00,0.00,0.00
1056,-2.17,-79.06,5.27,3.56,0.9852,19,0,1.00,None,1,0.00,0.00,0.00
1057,-2.17,-79.06,5.27,3.56,0.9852,19,0,1.00,None,1,0.00,0.00,0.00
1058,-2.17,-79.06,5.27,3.56,0.9852,19,0,1.00,None,1,0.00,0.00,0.00
1059,-2.19,-78.78,5.27,4.18,0.9852,19,0,1.00,None,1,0.00,0.00,0.00
1060,-2.19,-78.78,5.27,4.18,0.9852,19,0,1.00,None,1,0.00,0.00,0.00
1061,-2.19,-78.78,5.27,4.18,0.9852,19,0,1.00,None,1,0.00,0.00,0.00
1062,-2.21,-78.46,5.27,4.85,0.9851,19,0,1.00,None,1,0.00,0.00,0.00
1063,-2.21,-78.46,5.27,4.85,0.9851,19,0,1.00,None,1,0.00,0.00,0.00
1064,-2.21,-78.46,5.27,4.85,0.9851,19,0,1.00,None,1,0.00,0.00,0.00
1065,-2.21,-78.46,5.27,4.85,0.9851,19,0,1.00,None,1,0.00,0.00,0.00
1066,-2.23,-78.09,5.27,5.50,0.9851,19,0,1.00,None,1,0.00,0.00,0.00
1067,-2.23,-78.09,5.27,5.50,0.9851,19,0,1.00,None,1,0.00,0.00,0.00
1068,-2.23,-78.09,5.27,5.50,0.9851,19,0,1.00,None,1,0.00,0.00,0.00
1069,-2.26,-77.66,5.27,6.17,0.9851,19,0,1.00,None,1,0.00,0.00,0.00
1070,-2.26,-77.66,5.27,6.17,0.9851,19,0,1.00,None,1,0.00,0.00,0.00
1071,-2.26,-77.66,5.27,6.17,0.9851,19,0,1.00,None,1,0.00,0.00,0.00
1072,-2.28,-77.23,5.27,6.87,0.9850,19,0,1.00,None,1,0.00,0.00,0.00
1073,-2.28,-77.23,5.27,6.87,0.9850,19,0,1.00,None,1,0.00,0.00,0.00
1074,-2.28,-77.23,5.27,6.87,0.9850,19,0,1.00,None,1,0.00,0.00,0.00
1075,-2.28,-77.23,5.27,6.87,0.9850,19,0,1.00,None,1,0.00,0.00,0.00
1076,-2.31,-76.72,5.27,7.50,0.9850,19,0,1.00,None,1,0.00,0.00,0.00
1077,-2.31,-76.72,5.27,7.50,0.9850,19,0,1.00,None,1,0.00,0.00,0.00
1078,-2.31,-76.72,5.27,7.50,0.9850,19,0,1.00,None,1,0.00,0.00,0.00
1079,-2.35,-76.15,5.27,8.17,0.9850,19,0,1.00,None,1,0.00,0.00,0.00
1080,-2.35,-76.15,5.27,8.17,0.9850,19,0,1.00,None,1,0.00,0.00,0.00
1081,-2.35,-76.15,5.27,8.17,0.9850,19,0,1.00,None,1,0.00,0.00,0.00
1082,-2.38,-75.59,5.27,8.87,0.9849,19,0,1.00,None,1,0.00,0.00,0.00
1083,-2.38,-75.59,5.27,8.87,0.9849,19,0,1.00,None,1,0.00,0.00,0.00
1084,-2.38,-75.59,5.27,8.87,0.9849,19,0,1.00,None,1,0.00,0.00,0.00
1085,-2.38,-75.59,5.27,8.87,0.9849,19,0,1.00,None,1,0.00,0.00,0.00
1086,-2.42,-74.95,5.27,9.51,0.9849,19,0,1.00,None,1,0.00,0.00,0.00
1087,-2.42,-74.95,5.27,9.51,0.9849,19,0,1.00,None,1,0.00,0.00,0.00
1088,-2.42,-74.95,5.27,9.51,0.9849,19,0,1.00,None,1,0.00,0.00,0.00
1089,-2.46,-74.30,5.27,10.18,0.9848,19,0,1.00,None,1,0.00,0.00,0.00
1090,-2.46,-74.30,5.27,10.18,0.9848,19,0,1.00,None,1,0.00,0.00,0.00
1091,-2.49,-73.85,5.27,10.82,0.9848,19,0,1.00,None,1,0.00,0.00,0.00
1092,-2.49,-73.85,5.27,10.82,0.9848,19,0,1.00,None,1,0.00,0.00,0.00
1093,-2.49,-73.85,5.27,10.82,0.9848,19,0,1.00,None,1,0.00,0.00,0.00
1094,-2.49,-73.85,5.27,10.82,0.9848,19,0,1.00,None,1,0.00,0.00,0.00
1095,-2.49,-73.85,5.27,10.82,0.9848,19,0,1.00,None,1,0.00,0.00,0.00
1096,-2.55,-72.76,5.27,11.24,0.9848,19,0,1.00,None,1,0.00,0.00,0.00
1097,-2.55,-72.76,5.27,11.24,0.9848,19,0,1.00,None,1,0.00,0.00,0.00
1098,-2.55,-72.76,5.27,11.24,0.9848,19,0,1.00,None,1,0.00,0.00,0.00
1099,-2.60,-71.91,5.27,12.22,0.9847,19,0,1.00,None,1,0.00,0.00,0.00
1100,-2.60,-71.91,5.27,12.22,0.9847,19,0,1.00,None,1,0.00,0.00,0.00
1101,-2.60,-71.91,5.27,12.22,0.9847,19,0,1.00,None,1,0.00,0.00,0.00
1102,-2.60,-71.91,5.27,12.22,0.9847,19,0,1.00,None,1,0.00,0.00,0.00
1103,-2.66,-70.93,5.28,12.91,0.9847,19,0,1.00,None,1,0.00,0.00,0.00
1104,-2.66,-70.93,5.28,12.91,0.9847,19,0,1.00,None,1,0.00,0.00,0.00
1105,-2.66,-70.93,5.28,12.91,0.9847,19,0,1.00,None,1,0.00,0.00,0.00
1106,-2.71,-70.14,5.27,13.67,0.9847,19,0,1.00,None,1,0.00,0.00,0.00
1107,-2.71,-70.14,5.27,13.67,0.9847,19,0,1.00,None,1,0.00,0.00,0.00
1108,-2.71,-70.14,5.27,13.67,0.9847,19,0,1.00,None,1,0.00,0.00,0.00
1109,-2.71,-70.14,5.27,13.67,0.9847,19,0,1.00,None,1,0.00,0.00,0.00
1110,-2.77,-69.16,5.24,14.26,0.9846,19,0,1.00,None,1,0.00,0.00,0.00
1111,-2.77,-69.16,5.24,14.26,0.9846,19,0,1.00,None,1,0.00,0.00,0.00
1112,-2.77,-69.16,5.24,14.26,0.9846,19,0,1.00,None,1,0.00,0.00,0.00
1113,-2.83,-68.10,5.20,14.94,0.9846,19,0,1.00,None,1,0.00,0.00,0.00
1114,-2.83,-68.10,5.20,14.94,0.9846,19,0,1.00,None,1,0.00,0.00,0.00
1115,-2.86,-67.62,5.18,15.66,0.9846,19,0,1.00,None,1,0.00,0.00,0.00
1116,-2.90,-67.09,5.16,15.96,0.9845,19,0,1.00,None,1,0.00,0.00,0.00
1117,-2.90,-67.09,5.16,15.96,0.9845,19,0,1.00,None,1,0.00,0.00,0.00
1118,-2.90,-67.09,5.16,15.96,0.9845,19,0,1.00,None,1,0.00,0.00,0.00
1119,-2.90,-67.09,5.16,15.96,0.9845,19,0,1.00,None,1,0.00,0.00,0.00
1120,-2.90,-67.09,5.16,15.96,0.9845,19,0,1.00,None,1,0.00,0.00,0.00
1121,-2.90,-67.09,5.16,15.96,0.9845,19,0,1.00,None,1,0.00,0.00,0.00
1122,-3.01,-65.13,5.10,16.30,0.9845,19,0,1.00,None,1,0.00,0.00,0.00
1123,-3.01,-65.13,5.10,16.30,0.9845,19,0,1.00,None,1,0.00,0.00,0.00
1124,-3.01,-65.13,5.10,16.30,0.9845,19,0,1.00,None,1,0.00,0.00,0.00
1125,-3.01,-65.13,5.10,16.30,0.9845,19,0,1.00,None,1,0.00,0.00,0.00
1126,-3.09,-63.86,5.04,17.51,0.9844,19,0,1.00,None,1,0.00,0.00,0.00
1127,-3.09,-63.86,5.04,17.51,0.9844,19,0,1.00,None,1,0.00,0.00,0.00
1128,-3.13,-63.25,5.04,18.22,0.9844,19,0,1.00,None,1,0.00,0.00,0.00
1129,-3.13,-63.25,5.04,18.22,0.9844,19,0,1.00,None,1,0.00,0.00,0.00
1130,-3.13,-63.25,5.04,18.22,0.9844,19,0,1.00,None,1,0.00,0.00,0.00
1131,-3.13,-63.25,5.04,18.22,0.9844,19,0,1.00,None,1,0.00,0.00,0.00
1132,-3.23,-61.63,5.04,18.56,0.9844,19,0,1.00,None,1,0.00,0.00,0.00
1133,-3.23,-61.63,5.04,18.56,0.9844,19,0,1.00,None,1,0.00,0.00,0.00
1134,-3.23,-61.63,5.04,18.56,0.9844,19,0,1.00,None,1,0.00,0.00,0.00
1135,-3.23,-61.63,5.04,18.56,0.9844,19,0,1.00,None,1,0.00,0.00,0.00
1136,-3.31,-60.24,5.04,19.43,0.9843,19,0,1.00,None,1,0.00,0.00,0.00
1137,-3.31,-60.24,5.04,19.43,0.9843,19,0,1.00,None,1,0.00,0.00,0.00
1138,-3.31,-60.24,5.04,19.43,0.9843,19,0,1.00,None,1,0.00,0.00,0.00
1139,-3.38,-59.07,5.04,20.15,0.9843,19,0,1.00,None,1,0.00,0.00,0.00
1140,-3.38,-59.07,5.04,20.15,0.9843,19,0,1.00,None,1,0.00,0.00,0.00
1141,-3.38,-59.07,5.04,20.15,0.9843,19,0,1.00,None,1,0.00,0.00,0.00
1142,-3.46,-57.76,5.04,20.73,0.9843,19,0,1.00,None,1,0.00,0.00,0.00
1143,-3.46,-57.76,5.04,20.73,0.9843,19,0,1.00,None,1,0.00,0.00,0.00
1144,-3.46,-57.76,5.04,20.73,0.9843,19,0,1.00,None,1,0.00,0.00,0.00
1145,-3.54,-56.37,5.04,21.36,0.9842,19,0,1.00,None,1,0.00,0.00,0.00
1146,-3.54,-56.37,5.04,21.36,0.9842,19,0,1.00,None,1,0.00,0.00,0.00
1147,-3.54,-56.37,5.04,21.36,0.9842,19,0,1.00,None,1,0.00,0.00,0.00
1148,-3.62,-55.05,5.04,22.01,0.9842,19,0,1.00,None,1,0.00,0.00,0.00
1149,-3.62,-55.05,5.04,22.01,0.9842,19,0,1.00,None,1,0.00,0.00,0.00
1150,-3.68,-54.20,5.04,22.62,0.9842,19,0,1.00,None,1,0.00,0.00,0.00
1151,-3.68,-54.20,5.04,22.62,0.9842,19,0,1.00,None,1,0.00,0.00,0.00
1152,-3.68,-54.20,5.04,22.62,0.9842,19,0,1.00,None,1,0.00,0.00,0.00
1153,-3.68,-54.20,5.04,22.62,0.9842,19,0,1.00,None,1,0.00,0.00,0.00
1154,-3.79,-52.24,5.04,22.99,0.9841,19,0,1.00,None,1,0.00,0.00,0.00
1155,-3.79,-52.24,5.04,22.99,0.9841,19,0,1.00,None,1,0.00,0.00,0.00
1156,-3.79,-52.24,5.04,22.99,0.9841,19,0,1.00,None,1,0.00,0.00,0.00
1157,-3.79,-52.24,5.04,22.99,0.9841,19,0,1.00,None,1,0.00,0.00,0.00
1158,-3.90,-50.56,5.04,23.85,0.9841,19,0,1.00,None,1,0.00,0.00,0.00
1159,-3.90,-50.56,5.04,23.85,0.9841,19,0,1.00,None,1,0.00,0.00,0.00
1160,-3.90,-50.56,5.04,23.85,0.9841,19,0,1.00,None,1,0.00,0.00,0.00
1161,-3.98,-49.13,5.04,24.55,0.9841,19,0,1.00,None,1,0.00,0.00,0.00
1162,-3.98,-49.13,5.04,24.55,0.9841,19,0,1.00,None,1,0.00,0.00,0.00
1163,-3.98,-49.13,5.04,24.55,0.9841,19,0,1.00,None,1,0.00,0.00,0.00
1164,-4.07,-47.66,5.04,25.14,0.9840,19,0,1.00,None,1,0.00,0.00,0.00
1165,-4.07,-47.66,5.04,25.14,0.9840,19,0,1.00,None,1,0.00,0.00,0.00
1166,-4.07,-47.66,5.04,25.14,0.9840,19,0,1.00,None,1,0.00,0.00,0.00
1167,-4.17,-45.94,5.04,25.72,0.9840,19,0,1.00,None,1,0.00,0.00,0.00
1168,-4.17,-45.94,5.04,25.72,0.9840,19,0,1.00,None,1,0.00,0.00,0.00
1169,-4.17,-45.94,5.04,25.72,0.9840,19,0,1.00,None,1,0.00,0.00,0.00
1170,-4.28,-44.22,5.04,26.39,0.9839,19,0,1.00,None,1,0.00,0.00,0.00
1171,-4.28,-44.22,5.04,26.39,0.9839,19,0,1.00,None,1,0.00,0.00,0.00
1172,-4.28,-44.22,5.04,26.39,0.9839,19,0,1.00,None,1,0.00,0.00,0.00
1173,-4.39,-42.36,5.04,28.10,0.9839,19,0,1.00,None,1,0.00,0.00,0.00
1174,-4.39,-42.36,5.04,28.10,0.9839,19,0,1.00,None,1,0.00,0.00,0.00
1175,-4.39,-42.36,5.04,28.10,0.9839,19,0,1.00,None,1,0.00,0.00,0.00
1176,-4.39,-42.36,5.04,28.10,0.9839,19,0,1.00,None,1,0.00,0.00,0.00
1177,-4.51,-40.44,5.04,29.95,0.9839,19,0,1.00,None,1,0.00,0.00,0.00
1178,-4.51,-40.44,5.04,29.95,0.9839,19,0,1.00,None,1,0.00,0.00,0.00
1179,-4.51,-40.44,5.04,29.95,0.9839,19,0,1.00,None,1,0.00,0.00,0.00
1180,-4.64,-38.29,5.04,32.29,0.9838,19,0,1.00,None,1,0.00,0.00,0.00
1181,-4.64,-38.29,5.04,32.29,0.9838,19,0,1.00,None,1,0.00,0.00,0.00
1182,-4.64,-38.29,5.04,32.29,0.9838,19,0,1.00,None,1,0.00,0.00,0.00
1183,-4.77,-36.16,5.03,34.94,0.9838,19,0,1.00,None,1,0.00,0.00,0.00
1184,-4.77,-36.16,5.03,34.94,0.9838,19,0,1.00,None,1,0.00,0.00,0.00
1185,-4.77,-36.16,5.03,34.94,0.9838,19,0,1.00,None,1,0.00,0.00,0.00
1186,-4.91,-33.74,5.03,37.48,0.9838,19,0,1.00,None,1,0.00,0.00,0.00
1187,-4.91,-33.74,5.03,37.48,0.9838,19,0,1.00,None,1,0.00,0.00,0.00
1188,-4.91,-33.74,5.03,37.48,0.9838,19,0,1.00,None,1,0.00,0.00,0.00
1189,-4.91,-33.74,5.03,37.48,0.9838,19,0,1.00,None,1,0.00,0.00,0.00
1190,-5.07,-31.11,5.03,40.33,0.9837,19,0,1.00,None,1,0.00,0.00,0.00
1191,-5.07,-31.11,5.03,40.33,0.9837,19,0,1.00,None,1,0.00,0.00,0.00
1192,-5.07,-31.11,5.03,40.33,0.9837,19,0,1.00,None,1,0.00,0.00,0.00
1193,-5.24,-28.25,5.03,43.39,0.9837,19,0,1.00,None,1,0.00,0.00,0.00
1194,-5.24,-28.25,5.03,43.39,0.9837,19,0,1.00,None,1,0.00,0.00,0.00
1195,-5.24,-28.25,5.03,43.39,0.9837,19,0,1.00,None,1,0.00,0.00,0.00
1196,-5.42,-25.42,5.03,46.55,0.9837,19,0,1.00,None,1,0.00,0.00,0.00
1197,-5.42,-25.42,5.03,46.55,0.9837,19,0,1.00,None,1,0.00,0.00,0.00
1198,-5.42,-25.42,5.03,46.55,0.9837,19,0,1.00,None,1,0.00,0.00,0.00
1199,-5.58,-22.73,5.04,48.42,0.9836,19,0,1.00,None,1,0.00,0.00,0.00
1200,-5.58,-22.73,5.04,48.42,0.9836,19,0,1.00,None,1,0.00,0.00,0.00
1201,-5.73,-20.25,5.04,48.42,0.9836,19,0,1.00,None,1,0.00,0.00,0.00
1202,-5.73,-20.25,5.04,48.42,0.9836,19,0,1.00,None,1,0.00,0.00,0.00
1203,-5.85,-18.29,5.04,48.42,0.9836,19,0,1.00,None,1,0.00,0.00,0.00
1204,-5.85,-18.29,5.04,48.42,0.9836,19,0,1.00,None,1,0.00,0.00,0.00
1205,-5.93,-17.00,5.04,48.42,0.9836,19,0,1.00,None,1,0.00,0.00,0.00
1206,-5.93,-17.00,5.04,48.42,0.9836,19,0,1.00,None,1,0.00,0.00,0.00
1207,-5.93,-17.00,5.04,48.42,0.9836,19,0,1.00,None,1,0.00,0.00,0.00
1208,-5.93,-17.00,5.04,48.42,0.9836,19,0,1.00,None,1,0.00,0.00,0.00
1209,-6.20,-12.50,5.04,48.42,0.9835,19,0,1.00,None,1,0.00,0.00,0.00
1210,-6.20,-12.50,5.04,48.42,0.9835,19,0,1.00,None,1,0.00,0.00,0.00
1211,-6.20,-12.50,5.04,48.42,0.9835,19,0,1.00,None,1,0.00,0.00,0.00
1212,-6.20,-12.50,5.04,48.42,0.9835,19,0,1.00,None,1,0.00,0.00,0.00
1213,-6.20,-12.50,5.04,48.42,0.9835,19,0,1.00,None,1,0.00,0.00,0.00
1214,-6.45,-8.40,5.04,48.42,0.9835,19,0,1.00,None,1,0.00,0.00,0.00
1215,-6.45,-8.40,5.04,48.42,0.9835,19,0,1.00,None,1,0.00,0.00,0.00
1216,-6.45,-8.40,5.04,48.42,0.9835,19,0,1.00,None,1,0.00,0.00,0.00
1217,-6.64,-5.27,5.04,48.42,0.9834,19,0,1.00,None,1,0.00,0.00,0.00
1218,-6.64,-5.27,5.04,48.42,0.9834,19,0,1.00,None,1,0.00,0.00,0.00
1219,-6.64,-5.27,5.04,48.42,0.9834,19,0,1.00,None,1,0.00,0.00,0.00
1220,-6.83,-2.07,5.03,48.42,0.9834,19,0,1.00,None,1,0.00,0.00,0.00
1221,-6.83,-2.07,5.03,48.42,0.9834,19,0,1.00,None,1,0.00,0.00,0.00
1222,-6.83,-2.07,5.03,48.42,0.9834,19,0,1.00,None,1,0.00,0.00,0.00
1223,-6.83,-2.07,5.03,48.42,0.9834,19,0,1.00,None,1,0.00,0.00,0.00
1224,-7.04,1.38,5.02,48.42,0.9834,19,0,1.00,None,1,0.00,0.00,0.00
1225,-7.04,1.38,5.02,48.42,0.9834,19,0,1.00,None,1,0.00,0.00,0.00
1226,-7.04,1.38,5.02,48.42,0.9834,19,0,1.00,None,1,0.00,0.00,0.00
1227,-7.25,4.91,5.02,48.42,0.9833,19,0,1.00,None,1,0.00,0.00,0.00
1228,-7.25,4.91,5.02,48.42,0.9833,19,0,1.00,None,1,0.00,0.00,0.00
1229,-7.25,4.91,5.02,48.42,0.9833,19,0,1.00,None,1,0.00,0.00,0.00
1230,-7.43,7.90,5.02,48.42,0.9833,19,0,1.00,None,1,0.00,0.00,0.00
1231,-7.43,7.90,5.02,48.42,0.9833,19,0,1.00,None,1,0.00,0.00,0.00
1232,-7.54,9.72,5.02,48.42,0.9833,19,0,1.00,None,1,0.00,0.00,0.00
1233,-7.54,9.72,5.02,48.42,0.9833,19,0,1.00,None,1,0.00,0.00,0.00
1234,-7.54,9.72,5.02,48.42,0.9833,19,0,1.00,None,1,0.00,0.00,0.00
1235,-7.72,12.71,5.02,48.42,0.9832,19,0,1.00,None,1,0.00,0.00,0.00
1236,-7.72,12.71,5.02,48.42,0.9832,19,0,1.00,None,1,0.00,0.00,0.00
1237,-7.72,12.71,5.02,48.42,0.9832,19,0,1.00,None,1,0.00,0.00,0.00
1238,-7.89,15.44,5.02,48.42,0.9832,19,0,1.00,None,1,0.00,0.00,0.00
1239,-7.96,16.59,5.02,48.42,0.9832,19,0,1.00,None,1,0.00,0.00,0.00
1240,-7.96,16.59,5.02,48.42,0.9832,19,0,1.00,None,1,0.00,0.00,0.00
1241,-7.96,16.59,5.02,48.42,0.9832,19,0,1.00,None,1,0.00,0.00,0.00
1242,-8.09,18.78,5.02,48.42,0.9832,19,0,1.00,None,1,0.00,0.00,0.00
1243,-8.09,18.78,5.02,48.42,0.9832,19,0,1.00,None,1,0.00,0.00,0.00
1244,-8.09,18.78,5.02,48.42,0.9832,19,0,1.00,None,1,0.00,0.00,0.00
1245,-8.09,18.78,5.02,48.42,0.9832,19,0,1.00,None,1,0.00,0.00,0.00
1246,-8.35,23.06,5.02,48.42,0.9831,19,0,1.00,None,1,0.00,0.00,0.00
1247,-8.35,23.06,5.02,48.42,0.9831,19,0,1.00,None,1,0.00,0.00,0.00
1248,-8.49,25.41,5.02,48.42,0.9831,19,0,1.00,None,1,0.00,0.00,0.00
1249,-8.55,26.38,5.01,48.42,0.9831,19,0,1.00,None,1,0.00,0.00,0.00
1250,-8.55,26.38,5.01,48.42,0.9831,19,0,1.00,None,1,0.00,0.00,0.00
1251,-8.55,26.38,5.01,48.42,0.9831,19,0,1.00,None,1,0.00,0.00,0.00
1252,-8.55,26.38,5.01,48.42,0.9831,19,0,1.00,None,1,0.00,0.00,0.00
1253,-8.55,26.38,5.01,48.42,0.9831,19,0,1.00,None,1,0.00,0.00,0.00
1254,-8.80,30.49,5.01,48.42,0.9830,19,0,1.00,None,1,0.00,0.00,0.00
1255,-8.80,30.49,5.01,48.42,0.9830,19,0,1.00,None,1,0.00,0.00,0.00
1256,-8.94,32.90,5.01,48.42,0.9830,19,0,1.00,None,1,0.00,0.00,0.00
1257,-9.00,33.87,5.01,48.42,0.9830,19,0,1.00,None,1,0.00,0.00,0.00
1258,-9.00,33.87,5.01,48.42,0.9830,19,0,1.00,None,1,0.00,0.00,0.00
1259,-9.00,33.87,5.01,48.42,0.9830,19,0,1.00,None,1,0.00,0.00,0.00
1260,-9.00,33.87,5.01,48.42,0.9830,19,0,1.00,None,1,0.00,0.00,0.00
1261,-9.25,37.93,5.01,48.42,0.9829,19,0,1.00,None,1,0.00,0.00,0.00
1262,-9.25,37.93,5.01,48.42,0.9829,19,0,1.00,None,1,0.00,0.00,0.00
1263,-9.25,37.93,5.01,48.42,0.9829,19,0,1.00,None,1,0.00,0.00,0.00
1264,-9.39,40.24,5.01,48.42,0.9829,19,0,1.00,None,1,0.00,0.00,0.00
1265,-9.44,41.16,5.01,48.42,0.9829,19,0,1.00,None,1,0.00,0.00,0.00
1266,-9.44,41.16,5.01,48.42,0.9829,19,0,1.00,None,1,0.00,0.00,0.00
1267,-9.44,41.16,5.01,48.42,0.9829,19,0,1.00,None,1,0.00,0.00,0.00
1268,-9.44,41.16,5.01,48.42,0.9829,19,0,1.00,None,1,0.00,0.00,0.00
1269,-9.69,45.18,5.01,48.42,0.9828,19,0,1.00,None,1,0.00,0.00,0.00
1270,-9.69,45.18,5.01,48.42,0.9828,19,0,1.00,None,1,0.00,0.00,0.00
1271,-9.69,45.18,5.01,48.42,0.9828,19,0,1.00,None,1,0.00,0.00,0.00
1272,-9.84,47.68,5.01,48.42,0.9828,19,0,1.00,None,1,0.00,0.00,0.00
1273,-9.90,48.73,5.01,48.42,0.9828,19,0,1.00,None,1,0.00,0.00,0.00
1274,-9.90,48.73,5.01,48.42,0.9828,19,0,1.00,None,1,0.00,0.00,0.00
1275,-9.90,48.73,5.01,48.42,0.9828,19,0,1.00,None,1,0.00,0.00,0.00
1276,-9.90,48.73,5.01,48.42,0.9828,19,0,1.00,None,1,0.00,0.00,0.00
1277,-10.16,53.02,5.02,48.42,0.9828,19,0,1.00,None,1,0.00,0.00,0.00
1278,-10.16,53.02,5.02,48.42,0.9828,19,0,1.00,None,1,0.00,0.00,0.00
1279,-10.16,53.02,5.02,48.42,0.9828,19,0,1.00,None,1,0.00,0.00,0.00
1280,-10.36,56.25,5.02,48.42,0.9827,19,0,1.00,None,1,0.00,0.00,0.00
1281,-10.36,56.25,5.02,48.42,0.9827,19,0,1.00,None,1,0.00,0.00,0.00
1282,-10.36,56.25,5.02,48.42,0.9827,19,0,1.00,None,1,0.00,0.00,0.00
1283,-10.52,58.93,5.02,48.42,0.9827,19,0,1.00,None,1,0.00,0.00,0.00
1284,-10.52,58.93,5.02,48.42,0.9827,19,0,1.00,None,1,0.00,0.00,0.00
1285,-10.63,60.77,5.02,48.42,0.9827,19,0,1.00,None,1,0.00,0.00,0.00
1286,-10.70,61.92,5.02,48.42,0.9827,19,0,1.00,None,1,0.00,0.00,0.00
1287,-10.70,61.92,5.02,48.42,0.9827,19,0,1.00,None,1,0.00,0.00,0.00
1288,-10.82,63.98,5.02,48.42,0.9826,19,0,1.00,None,1,0.00,0.00,0.00
1289,-10.82,63.98,5.02,48.42,0.9826,19,0,1.00,None,1,0.00,0.00,0.00
1290,-10.82,63.98,5.02,48.42,0.9826,19,0,1.00,None,1,0.00,0.00,0.00
1291,-10.82,63.98,5.02,48.42,0.9826,19,0,1.00,None,1,0.00,0.00,0.00
1292,-10.82,63.98,5.02,48.42,0.9826,19,0,1.00,None,1,0.00,0.00,0.00
1293,-11.09,68.47,5.02,48.42,0.9826,19,0,1.00,None,1,0.00,0.00,0.00
1294,-11.09,68.47,5.02,48.42,0.9826,19,0,1.00,None,1,0.00,0.00,0.00
1295,-11.09,68.47,5.02,48.42,0.9826,19,0,1.00,None,1,0.00,0.00,0.00
1296,-11.28,71.55,5.03,48.42,0.9825,19,0,1.00,None,1,0.00,0.00,0.00
1297,-11.28,71.55,5.03,48.42,0.9825,19,0,1.00,None,1,0.00,0.00,0.00
1298,-11.28,71.55,5.03,48.42,0.9825,19,0,1.00,None,1,0.00,0.00,0.00
1299,-11.43,74.00,5.03,48.42,0.9825,19,0,1.00,None,1,0.00,0.00,0.00
1300,-11.43,74.00,5.03,48.42,0.9825,19,0,1.00,None,1,0.00,0.00,0.00
1301,-11.56,76.20,5.03,48.42,0.9825,19,0,1.00,None,1,0.00,0.00,0.00
1302,-11.56,76.20,5.03,48.42,0.9825,19,0,1.00,None,1,0.00,0.00,0.00
1303,-11.70,78.42,5.03,48.42,0.9825,19,0,1.00,None,1,0.00,0.00,0.00
1304,-11.70,78.42,5.03,48.42,0.9825,19,0,1.00,None,1,0.00,0.00,0.00
1305,-11.80,80.17,5.03,48.42,0.9824,19,0,1.00,None,1,0.00,0.00,0.00
1306,-11.80,80.17,5.03,48.42,0.9824,19,0,1.00,None,1,0.00,0.00,0.00
1307,-11.94,82.45,5.03,48.42,0.9824,19,0,1.00,None,1,0.00,0.00,0.00
1308,-11.94,82.45,5.03,48.42,0.9824,19,0,1.00,None,1,0.00,0.00,0.00
1309,-11.94,82.45,5.03,48.42,0.9824,19,0,1.00,None,1,0.00,0.00,0.00
1310,-12.12,85.34,5.03,48.42,0.9824,19,0,1.00,None,1,0.00,0.00,0.00
1311,-12.12,85.34,5.03,48.42,0.9824,19,0,1.00,None,1,0.00,0.00,0.00
1312,-12.22,87.04,5.03,48.42,0.9824,19,0,1.00,None,1,0.00,0.00,0.00
1313,-12.22,87.04,5.03,48.42,0.9824,19,0,1.00,None,1,0.00,0.00,0.00
1314,-12.22,87.04,5.03,48.42,0.9824,19,0,1.00,None,1,0.00,0.00,0.00
1315,-12.35,89.30,5.03,48.42,0.9823,19,0,1.00,None,1,0.00,0.00,0.00
1316,-12.35,89.30,5.03,48.42,0.9823,19,0,1.00,None,1,0.00,0.00,0.00
1317,-12.35,89.30,5.03,48.42,0.9823,19,0,1.00,None,1,0.00,0.00,0.00
1318,-12.35,89.30,5.03,48.42,0.9823,19,0,1.00,None,1,0.00,0.00,0.00
1319,-12.60,93.32,5.05,48.42,0.9823,19,0,1.00,None,1,0.00,0.00,0.00
1320,-12.60,93.32,5.05,48.42,0.9823,19,0,1.00,None,1,0.00,0.00,0.00
1321,-12.75,95.87,5.04,48.42,0.9823,19,0,1.00,None,1,0.00,0.00,0.00
1322,-12.75,95.87,5.04,48.42,0.9823,19,0,1.00,None,1,0.00,0.00,0.00
1323,-12.75,95.87,5.04,48.42,0.9823,19,0,1.00,None,1,0.00,0.00,0.00
1324,-12.91,98.41,5.04,53.24,0.9822,19,0,1.00,None,1,0.00,0.00,0.00
1325,-12.91,98.41,5.04,53.24,0.9822,19,0,1.00,None,1,0.00,0.00,0.00
1326,-13.07,101.15,5.04,57.61,0.9822,19,0,1.00,None,1,0.00,0.00,0.00
1327,-13.07,101.15,5.04,57.61,0.9822,19,0,1.00,None,1,0.00,0.00,0.00
1328,-13.24,104.00,5.08,61.97,0.9822,19,0,1.00,None,1,0.00,0.00,0.00
1329,-13.24,104.00,5.08,61.97,0.9822,19,0,1.00,None,1,0.00,0.00,0.00
1330,-13.35,105.75,5.06,0.00,0.9822,19,0,1.00,None,1,0.00,0.00,0.00
1331,-13.35,105.75,5.06,0.00,0.9822,19,0,1.00,None,1,0.00,0.00,0.00
1332,-13.35,105.75,5.06,0.00,0.9822,19,0,1.00,None,1,0.00,0.00,0.00
1333,-13.35,105.75,5.06,0.00,0.9821,19,0,1.00,None,1,0.00,0.00,0.00
1334,-13.35,105.75,5.06,0.00,0.9821,19,0,1.00,None,1,0.00,0.00,0.00
1335,-13.35,105.75,5.06,0.00,0.9821,19,0,1.00,None,1,0.00,0.00,0.00
1336,-13.35,105.75,5.06,0.00,0.9821,19,0,1.00,None,1,0.00,0.00,0.00
1337,-13.35,105.75,5.06,0.00,0.9821,19,0,1.00,None,1,0.00,0.00,0.00
1338,-13.35,105.75,5.06,0.00,0.9821,19,0,1.00,None,1,0.00,0.00,0.00
1339,-13.35,105.75,5.06,0.00,0.9821,19,0,1.00,None,1,0.00,0.00,0.00
1340,-13.35,105.75,5.06,0.00,0.9821,19,0,1.00,None,1,0.00,0.00,0.00
1341,-13.35,105.75,5.06,0.00,0.9820,19,0,1.00,None,1,0.00,0.00,0.00
1342,-13.35,105.75,5.06,0.00,0.9820,19,0,1.00,None,1,0.00,0.00,0.00
1343,-13.35,105.75,5.06,0.00,0.9820,19,0,1.00,None,1,0.00,0.00,0.00
1344,-13.35,105.75,5.06,0.00,0.9820,19,0,1.00,None,1,0.00,0.00,0.00
1345,-13.35,105.75,5.06,0.00,0.9820,19,0,1.00,None,1,0.00,0.00,0.00
1346,-13.35,105.75,5.06,0.00,0.9820,19,0,1.00,None,1,0.00,0.00,0.00
1347,-13.35,105.75,5.06,0.00,0.9820,19,0,1.00,None,1,0.00,0.00,0.00
1348,-13.35,105.75,5.06,0.00,0.9820,19,0,1.00,None,1,0.00,0.00,0.00
1349,-13.35,105.75,5.06,0.00,0.9820,19,0,1.00,None,1,0.00,0.00,0.00
1350,-13.35,105.75,5.06,0.00,0.9820,19,0,1.00,None,1,0.00,0.00,0.00
1351,-13.35,105.75,5.06,0.00,0.9820,19,0,1.00,None,1,0.00,0.00,0.00
1352,-13.35,105.75,5.06,0.00,0.9819,19,0,1.00,None,1,0.00,0.00,0.00
1353,-13.35,105.75,5.06,0.00,0.9819,19,0,1.00,None,1,0.00,0.00,0.00
1354,-13.35,105.75,5.06,0.00,0.9819,19,0,1.00,None,1,0.00,0.00,0.00
1355,-13.35,105.75,5.06,0.00,0.9819,19,0,1.00,None,1,0.00,0.00,0.00
1356,-13.35,105.75,5.06,0.00,0.9819,19,0,1.00,None,1,0.00,0.00,0.00
1357,-13.35,105.75,5.06,0.00,0.9819,19,0,1.00,None,1,0.00,0.00,0.00
1358,-13.35,105.75,5.06,0.00,0.9819,19,0,1.00,None,1,0.00,0.00,0.00
1359,-13.35,105.75,5.06,0.00,0.9819,19,0,1.00,None,1,0.00,0.00,0.00
1360,-13.35,105.75,5.06,0.00,0.9818,19,0,1.00,None,1,0.00,0.00,0.00
1361,-13.35,105.75,5.06,0.00,0.9818,19,0,1.00,None,1,0.00,0.00,0.00
1362,-13.35,105.75,5.06,0.00,0.9818,19,0,1.00,None,1,0.00,0.00,0.00
1363,-13.35,105.75,5.06,0.00,0.9818,19,0,1.00,None,1,0.00,0.00,0.00
1364,-13.35,105.75,5.06,0.00,0.9818,19,0,1.00,None,1,0.00,0.00,0.00
1365,-13.35,105.75,5.06,0.00,0.9818,19,0,1.00,None,1,0.00,0.00,0.00
1366,-13.35,105.75,5.06,0.00,0.9818,19,0,1.00,None,1,0.00,0.00,0.00
1367,-13.35,105.75,5.06,0.00,0.9818,19,0,1.00,None,1,0.00,0.00,0.00
1368,-13.35,105.75,5.06,0.00,0.9818,19,0,1.00,None,1,0.00,0.00,0.00
1369,-13.35,105.75,5.06,0.00,0.9818,19,0,1.00,None,1,0.00,0.00,0.00
1370,-13.35,105.75,5.06,0.00,0.9818,19,0,1.00,None,1,0.00,0.00,0.00
1371,-13.35,105.75,5.06,0.00,0.9817,19,0,1.00,None,1,0.00,0.00,0.00
1372,-13.35,105.75,5.06,0.00,0.9817,19,0,1.00,None,1,0.00,0.00,0.00
1373,-13.35,106.00,5.06,4.82,0.9817,19,0,1.00,None,1,0.00,0.00,0.00
1374,-13.35,106.00,5.06,4.82,0.9817,19,0,1.00,None,1,0.00,0.00,0.00
1375,-13.35,106.00,5.06,4.82,0.9817,19,0,1.00,None,1,0.00,0.00,0.00
1376,-13.35,106.00,5.06,4.82,0.9817,19,0,1.00,None,1,0.00,0.00,0.00
1377,-13.35,106.00,5.06,4.82,0.9817,19,0,1.00,None,1,0.00,0.00,0.00
1378,-13.35,106.92,5.05,9.66,0.9816,19,0,1.00,None,1,0.00,0.00,0.00
1379,-13.35,106.92,5.05,9.66,0.9816,19,0,1.00,None,1,0.00,0.00,0.00
1380,-13.35,106.92,5.05,9.66,0.9816,19,0,1.00,None,1,0.00,0.00,0.00
1381,-13.35,108.04,5.04,18.34,0.9816,19,0,1.00,None,1,0.00,0.00,0.00
1382,-13.35,108.04,5.04,18.34,0.9816,19,0,1.00,None,1,0.00,0.00,0.00
1383,-13.35,108.04,5.04,18.34,0.9816,19,0,1.00,None,1,0.00,0.00,0.00
1384,-13.35,109.39,5.04,23.94,0.9816,19,0,1.00,None,1,0.00,0.00,0.00
1385,-13.35,109.39,5.04,23.94,0.9816,19,0,1.00,None,1,0.00,0.00,0.00
1386,-13.35,110.52,5.04,29.10,0.9816,19,0,1.00,None,1,0.00,0.00,0.00
1387,-13.35,111.15,5.04,32.65,0.9815,19,0,1.00,None,1,0.00,0.00,0.00
1388,-13.35,111.15,5.04,32.65,0.9815,19,0,1.00,None,1,0.00,0.00,0.00
1389,-13.35,112.69,5.04,34.39,0.9815,19,0,1.00,None,1,0.00,0.00,0.00
1390,-13.35,112.69,5.04,34.39,0.9815,19,0,1.00,None,1,0.00,0.00,0.00
1391,-13.35,112.69,5.04,34.39,0.9815,19,0,1.00,None,1,0.00,0.00,0.00
1392,-13.35,112.69,5.04,34.39,0.9815,19,0,1.00,None,1,0.00,0.00,0.00
1393,-13.35,116.11,5.04,38.50,0.9815,19,0,1.00,None,1,0.00,0.00,0.00
1394,-13.35,116.11,5.04,38.50,0.9815,19,0,1.00,None,1,0.00,0.00,0.00
1395,-13.35,116.11,5.04,38.50,0.9815,19,0,1.00,None,1,0.00,0.00,0.00
1396,-13.35,119.07,5.04,50.87,0.9814,19,0,1.00,None,1,0.00,0.00,0.00
1397,-13.35,119.07,5.04,50.87,0.9814,19,0,1.00,None,1,0.00,0.00,0.00
1398,-13.35,119.07,5.04,50.87,0.9814,19,0,1.00,None,1,0.00,0.00,0.00
1399,-13.35,119.07,5.04,50.87,0.9814,19,0,1.00,None,1,0.00,0.00,0.00
1400,-13.35,122.61,5.04,52.31,0.9814,19,0,1.00,None,1,0.00,0.00,0.00
1401,-13.35,122.61,5.04,52.31,0.9814,19,0,1.00,None,1,0.00,0.00,0.00
1402,-13.35,125.37,5.04,58.49,0.9814,19,0,1.00,None,1,0.00,0.00,0.00
1403,-13.35,125.37,5.04,58.49,0.9814,19,0,1.00,None,1,0.00,0.00,0.00
1404,-13.35,127.87,5.04,62.81,0.9813,19,0,1.00,None,1,0.00,0.00,0.00
1405,-13.35,127.87,5.04,62.81,0.9813,19,0,1.00,None,1,0.00,0.00,0.00
1406,-13.35,127.87,5.04,62.81,0.9813,19,0,1.00,None,1,0.00,0.00,0.00
1407,-13.35,130.94,5.04,66.45,0.9813,19,0,1.00,None,1,0.00,0.00,0.00
1408,-13.35,130.94,5.04,66.45,0.9813,19,0,1.00,None,1,0.00,0.00,0.00
1409,-13.35,134.94,5.04,74.47,0.9813,19,0,1.00,None,1,0.00,0.00,0.00
1410,-13.35,134.94,5.04,74.47,0.9813,19,0,1.00,None,1,0.00,0.00,0.00
1411,-13.35,137.75,5.04,75.78,0.9813,19,0,1.00,None,1,0.00,0.00,0.00
1412,-13.35,137.75,5.04,75.78,0.9813,19,0,1.00,None,1,0.00,0.00,0.00
1413,-13.35,137.75,5.04,75.78,0.9813,19,0,1.00,None,1,0.00,0.00,0.00
1414,-13.35,137.75,5.04,75.78,0.9813,19,0,1.00,None,1,0.00,0.00,0.00
1415,-13.35,142.60,5.04,0.00,0.9812,19,0,1.00,None,1,0.00,0.00,0.00
1416,-13.35,142.60,5.04,0.00,0.9812,19,0,1.00,None,1,0.00,0.00,0.00
1417,-13.35,142.60,5.04,0.00,0.9812,19,0,1.00,None,1,0.00,0.00,0.00
1418,-13.35,142.60,5.04,0.00,0.9812,19,0,1.00,None,1,0.00,0.00,0.00
1419,-13.35,142.60,5.04,0.00,0.9812,19,0,1.00,None,1,0.00,0.00,0.00
1420,-13.35,142.60,5.04,0.00,0.9812,19,0,1.00,None,1,0.00,0.00,0.00
1421,-13.35,142.60,5.04,0.00,0.9812,19,0,1.00,None,1,0.00,0.00,0.00
1422,-13.35,142.60,5.04,0.00,0.9811,19,0,1.00,None,1,0.00,0.00,0.00
1423,-13.35,142.60,5.04,0.00,0.9811,19,0,1.00,None,1,0.00,0.00,0.00
1424,-13.35,142.60,5.04,0.00,0.9811,19,0,1.00,None,1,0.00,0.00,0.00
1425,-13.35,142.60,5.04,0.00,0.9811,19,0,1.00,None,1,0.00,0.00,0.00
1426,-13.35,142.60,5.04,0.00,0.9811,19,0,1.00,None,1,0.00,0.00,0.00
1427,-13.35,142.60,5.04,0.00,0.9811,19,0,1.00,None,1,0.00,0.00,0.00
1428,-13.35,142.60,5.04,0.00,0.9811,19,0,1.00,None,1,0.00,0.00,0.00
1429,-13.35,142.60,5.04,0.00,0.9811,19,0,1.00,None,1,0.00,0.00,0.00
1430,-13.35,142.60,5.04,0.00,0.9811,19,0,1.00,None,1,0.00,0.00,0.00
1431,-13.35,142.60,5.04,0.00,0.9811,19,0,1.00,None,1,0.00,0.00,0.00
1432,-13.35,142.60,5.04,0.00,0.9810,19,0,1.00,None,1,0.00,0.00,0.00
1433,-13.35,142.60,5.04,0.00,0.9810,19,0,1.00,None,1,0.00,0.00,0.00
1434,-13.35,142.60,5.04,0.00,0.9810,19,0,1.00,None,1,0.00,0.00,0.00
1435,-13.35,142.60,5.04,0.00,0.9810,19,0,1.00,None,1,0.00,0.00,0.00
1436,-13.35,142.60,5.04,0.00,0.9810,19,0,1.00,None,1,0.00,0.00,0.00
1437,-13.35,142.60,5.04,0.00,0.9810,19,0,1.00,None,1,0.00,0.00,0.00
1438,-13.35,142.60,5.04,0.00,0.9810,19,0,1.00,None,1,0.00,0.00,0.00
1439,-13.35,142.60,5.04,0.00,0.9810,19,0,1.00,None,1,0.00,0.00,0.00
1440,-13.35,142.60,5.04,0.00,0.9809,19,0,1.00,None,1,0.00,0.00,0.00
1441,-13.35,142.60,5.04,0.00,0.9809,19,0,1.00,None,1,0.00,0.00,0.00
1442,-13.35,142.60,5.04,0.00,0.9809,19,0,1.00,None,1,0.00,0.00,0.00
1443,-13.35,142.60,5.04,0.00,0.9809,19,0,1.00,None,1,0.00,0.00,0.00
1444,-13.35,142.60,5.04,0.00,0.9809,19,0,1.00,None,1,0.00,0.00,0.00
1445,-13.35,142.60,5.04,0.00,0.9809,19,0,1.00,None,1,0.00,0.00,0.00
1446,-13.35,142.60,5.04,0.00,0.9809,19,0,1.00,None,1,0.00,0.00,0.00
1447,-13.35,142.60,5.04,0.00,0.9809,19,0,1.00,None,1,0.00,0.00,0.00
1448,-13.35,142.60,5.04,0.00,0.9809,19,0,1.00,None,1,0.00,0.00,0.00
1449,-13.35,142.60,5.04,0.00,0.9808,19,0,1.00,None,1,0.00,0.00,0.00
1450,-13.35,142.60,5.04,0.00,0.9808,19,0,1.00,None,1,0.00,0.00,0.00
1451,-13.35,142.60,5.04,0.00,0.9808,19,0,1.00,None,1,0.00,0.00,0.00
1452,-13.35,142.60,5.04,0.00,0.9808,19,0,1.00,None,1,0.00,0.00,0.00
1453,-13.35,142.60,5.04,0.00,0.9808,19,0,1.00,None,1,0.00,0.00,0.00
1454,-13.35,142.60,5.04,0.00,0.9808,19,0,1.00,None,1,0.00,0.00,0.00
1455,-13.35,142.60,5.04,0.00,0.9808,19,0,1.00,None,1,0.00,0.00,0.00
1456,-13.35,142.60,5.04,0.00,0.9808,19,0,1.00,None,1,0.00,0.00,0.00
1457,-13.35,142.60,5.04,0.00,0.9808,19,0,1.00,None,1,0.00,0.00,0.00
1458,-13.35,142.60,5.04,0.00,0.9807,19,0,1.00,None,1,0.00,0.00,0.00
1459,-13.35,142.60,5.04,0.00,0.9807,19,0,1.00,None,1,0.00,0.00,0.00
1460,-13.35,142.60,5.04,0.00,0.9807,19,0,1.00,None,1,0.00,0.00,0.00
1461,-13.35,142.60,5.04,0.00,0.9807,19,0,1.00,None,1,0.00,0.00,0.00
1462,-13.35,142.60,5.04,0.00,0.9807,19,0,1.00,None,1,0.00,0.00,0.00
1463,-13.35,142.60,5.04,0.00,0.9807,19,0,1.00,None,1,0.00,0.00,0.00
1464,-13.35,142.60,5.04,0.00,0.9807,19,0,1.00,None,1,0.00,0.00,0.00
1465,-13.35,142.60,5.04,0.00,0.9807,19,0,1.00,None,1,0.00,0.00,0.00
1466,-13.35,142.60,5.04,0.00,0.9807,19,0,1.00,None,1,0.00,0.00,0.00
1467,-13.35,142.60,5.04,0.00,0.9806,19,0,1.00,None,1,0.00,0.00,0.00
1468,-13.35,142.60,5.04,0.00,0.9806,19,0,1.00,None,1,0.00,0.00,0.00
1469,-13.35,142.60,5.04,0.00,0.9806,19,0,1.00,None,1,0.00,0.00,0.00
1470,-13.35,142.60,5.04,0.00,0.9806,19,0,1.00,None,1,0.00,0.00,0.00
1471,-13.35,142.60,5.04,0.00,0.9806,19,0,1.00,None,1,0.00,0.00,0.00
1472,-13.35,142.60,5.04,0.00,0.9806,19,0,1.00,None,1,0.00,0.00,0.00
1473,-13.35,142.60,5.04,0.00,0.9806,19,0,1.00,None,1,0.00,0.00,0.00
1474,-13.35,142.60,5.04,0.00,0.9806,19,0,1.00,None,1,0.00,0.00,0.00
1475,-13.35,142.60,5.04,0.00,0.9806,19,0,1.00,None,1,0.00,0.00,0.00
1476,-13.35,142.42,5.04,4.03,0.9805,19,0,1.00,None,1,0.00,0.00,0.00
1477,-13.35,142.42,5.04,4.03,0.9805,19,0,1.00,None,1,0.00,0.00,0.00
1478,-13.34,142.05,5.04,8.10,0.9805,19,0,1.00,None,1,0.00,0.00,0.00
1479,-13.34,142.05,5.04,8.10,0.9805,19,0,1.00,None,1,0.00,0.00,0.00
1480,-13.34,142.05,5.04,8.10,0.9805,19,0,1.00,None,1,0.00,0.00,0.00
1481,-13.34,142.05,5.04,8.10,0.9805,19,0,1.00,None,1,0.00,0.00,0.00
1482,-13.34,142.05,5.04,8.10,0.9805,19,0,1.00,None,1,0.00,0.00,0.00
1483,-13.32,141.06,5.04,12.26,0.9805,19,0,1.00,None,1,0.00,0.00,0.00
1484,-13.32,141.06,5.04,12.26,0.9805,19,0,1.00,None,1,0.00,0.00,0.00
1485,-13.30,139.98,5.07,19.67,0.9804,19,0,1.00,None,1,0.00,0.00,0.00
1486,-13.30,139.98,5.07,19.67,0.9804,19,0,1.00,None,1,0.00,0.00,0.00
1487,-13.28,139.07,5.04,24.72,0.9804,19,0,1.00,None,1,0.00,0.00,0.00
1488,-13.27,138.59,5.04,28.08,0.9804,19,0,1.00,None,1,0.00,0.00,0.00
1489,-13.27,138.59,5.04,28.08,0.9804,19,0,1.00,None,1,0.00,0.00,0.00
1490,-13.25,137.51,5.04,29.64,0.9804,19,0,1.00,None,1,0.00,0.00,0.00
1491,-13.25,137.51,5.04,29.64,0.9804,19,0,1.00,None,1,0.00,0.00,0.00
1492,-13.25,137.51,5.04,29.64,0.9804,19,0,1.00,None,1,0.00,0.00,0.00
1493,-13.25,137.51,5.04,29.64,0.9804,19,0,1.00,None,1,0.00,0.00,0.00
1494,-13.19,134.74,5.04,32.96,0.9803,19,0,1.00,None,1,0.00,0.00,0.00
1495,-13.19,134.74,5.04,32.96,0.9803,19,0,1.00,None,1,0.00,0.00,0.00
1496,-13.19,134.74,5.04,32.96,0.9803,19,0,1.00,None,1,0.00,0.00,0.00
1497,-13.15,132.64,5.04,40.65,0.9803,19,0,1.00,None,1,0.00,0.00,0.00
1498,-13.12,131.20,5.04,45.38,0.9803,19,0,1.00,None,1,0.00,0.00,0.00
1499,-13.10,130.41,5.04,48.29,0.9803,19,0,1.00,None,1,0.00,0.00,0.00
1500,-13.10,130.41,5.04,48.29,0.9803,19,0,1.00,None,1,0.00,0.00,0.00
1501,-13.07,128.62,5.04,49.79,0.9803,19,0,1.00,None,1,0.00,0.00,0.00
1502,-13.07,128.62,5.04,49.79,0.9803,19,0,1.00,None,1,0.00,0.00,0.00
1503,-13.07,128.62,5.04,49.79,0.9803,19,0,1.00,None,1,0.00,0.00,0.00
1504,-13.07,128.62,5.04,49.79,0.9803,19,0,1.00,None,1,0.00,0.00,0.00
1505,-12.97,124.15,5.04,53.06,0.9802,19,0,1.00,None,1,0.00,0.00,0.00
1506,-12.97,124.15,5.04,53.06,0.9802,19,0,1.00,None,1,0.00,0.00,0.00
1507,-12.97,124.15,5.04,53.06,0.9802,19,0,1.00,None,1,0.00,0.00,0.00
1508,-12.91,121.04,5.04,60.79,0.9802,19,0,1.00,None,1,0.00,0.00,0.00
1509,-12.87,118.91,5.04,65.46,0.9802,19,0,1.00,None,1,0.00,0.00,0.00
1510,-12.85,117.85,5.04,68.43,0.9802,19,0,1.00,None,1,0.00,0.00,0.00
1511,-12.85,117.85,5.04,68.43,0.9802,19,0,1.00,None,1,0.00,0.00,0.00
1512,-12.80,115.34,5.04,69.86,0.9802,19,0,1.00,None,1,0.00,0.00,0.00
1513,-12.80,115.34,5.04,69.86,0.9802,19,0,1.00,None,1,0.00,0.00,0.00
1514,-12.80,115.34,5.04,69.86,0.9802,19,0,1.00,None,1,0.00,0.00,0.00
1515,-12.80,115.34,5.04,69.86,0.9802,19,0,1.00,None,1,0.00,0.00,0.00
1516,-12.68,109.58,5.04,73.14,0.9801,19,0,1.00,None,1,0.00,0.00,0.00
1517,-12.68,109.58,5.04,73.14,0.9801,19,0,1.00,None,1,0.00,0.00,0.00
1518,-12.60,105.75,5.06,0.00,0.9801,19,0,1.00,None,1,0.00,0.00,0.00
1519,-12.60,105.75,5.06,0.00,0.9801,19,0,1.00,None,1,0.00,0.00,0.00
1520,-12.60,105.75,5.06,0.00,0.9801,19,0,1.00,None,1,0.00,0.00,0.00
1521,-12.60,105.75,5.06,0.00,0.9801,19,0,1.00,None,1,0.00,0.00,0.00
1522,-12.60,105.75,5.06,0.00,0.9801,19,0,1.00,None,1,0.00,0.00,0.00
1523,-12.60,105.75,5.06,0.00,0.9800,19,0,1.00,None,1,0.00,0.00,0.00
1524,-12.60,105.75,5.06,0.00,0.9800,19,0,1.00,None,1,0.00,0.00,0.00
1525,-12.60,105.75,5.06,0.00,0.9800,19,0,1.00,None,1,0.00,0.00,0.00
1526,-12.60,105.75,5.06,0.00,0.9800,19,0,1.00,None,1,0.00,0.00,0.00
1527,-12.60,105.75,5.06,0.00,0.9800,19,0,1.00,None,1,0.00,0.00,0.00
1528,-12.60,105.75,5.06,0.00,0.9800,19,0,1.00,None,1,0.00,0.00,0.00
1529,-12.60,105.75,5.06,0.00,0.9800,19,0,1.00,None,1,0.00,0.00,0.00
1530,-12.60,105.75,5.06,0.00,0.9799,19,0,1.00,None,1,0.00,0.00,0.00
1531,-12.60,105.75,5.06,0.00,0.9799,19,0,1.00,None,1,0.00,0.00,0.00
1532,-12.60,105.75,5.06,0.00,0.9799,19,0,1.00,None,1,0.00,0.00,0.00
1533,-12.60,105.75,5.06,0.00,0.9799,19,0,1.00,None,1,0.00,0.00,0.00
1534,-12.60,105.75,5.06,0.00,0.9799,19,0,1.00,None,1,0.00,0.00,0.00
1535,-12.60,105.75,5.06,0.00,0.9799,19,0,1.00,None,1,0.00,0.00,0.00
1536,-12.60,105.75,5.06,0.00,0.9799,19,0,1.00,None,1,0.00,0.00,0.00
1537,-12.60,105.75,5.06,0.00,0.9799,19,0,1.00,None,1,0.00,0.00,0.00
1538,-12.60,105.75,5.06,0.00,0.9799,19,0,1.00,None,1,0.00,0.00,0.00
1539,-12.60,105.75,5.06,0.00,0.9799,19,0,1.00,None,1,0.00,0.00,0.00
1540,-12.60,105.75,5.06,0.00,0.9799,19,0,1.00,None,1,0.00,0.00,0.00
1541,-12.60,105.75,5.06,0.00,0.9798,19,0,1.00,None,1,0.00,0.00,0.00
1542,-12.60,105.75,5.06,0.00,0.9798,19,0,1.00,None,1,0.00,0.00,0.00
1543,-12.60,105.75,5.06,0.00,0.9798,19,0,1.00,None,1,0.00,0.00,0.00
1544,-12.60,105.75,5.06,0.00,0.9798,19,0,1.00,None,1,0.00,0.00,0.00
1545,-12.60,105.75,5.06,0.00,0.9798,19,0,1.00,None,1,0.00,0.00,0.00
1546,-12.60,105.75,5.06,0.00,0.9798,19,0,1.00,None,1,0.00,0.00,0.00
1547,-12.60,105.75,5.06,0.00,0.9798,19,0,1.00,None,1,0.00,0.00,0.00
1548,-12.60,105.75,5.06,0.00,0.9798,19,0,1.00,None,1,0.00,0.00,0.00
1549,-12.60,105.75,5.06,0.00,0.9797,19,0,1.00,None,1,0.00,0.00,0.00
1550,-12.60,105.75,5.06,0.00,0.9797,19,0,1.00,None,1,0.00,0.00,0.00
1551,-12.60,105.75,5.06,0.00,0.9797,19,0,1.00,None,1,0.00,0.00,0.00
1552,-12.60,105.75,5.06,0.00,0.9797,19,0,1.00,None,1,0.00,0.00,0.00
1553,-12.60,105.75,5.06,0.00,0.9797,19,0,1.00,None,1,0.00,0.00,0.00
1554,-12.60,105.75,5.06,0.00,0.9797,19,0,1.00,None,1,0.00,0.00,0.00
1555,-12.60,105.75,5.06,0.00,0.9797,19,0,1.00,None,1,0.00,0.00,0.00
1556,-12.60,105.75,5.06,0.00,0.9797,19,0,1.00,None,1,0.00,0.00,0.00
1557,-12.60,105.75,5.06,0.00,0.9797,19,0,1.00,None,1,0.00,0.00,0.00
1558,-12.60,105.75,5.06,0.00,0.9797,19,0,1.00,None,1,0.00,0.00,0.00
1559,-12.60,105.75,5.06,0.00,0.9796,19,0,1.00,None,1,0.00,0.00,0.00
1560,-12.60,105.75,5.06,0.00,0.9796,19,0,1.00,None,1,0.00,0.00,0.00
1561,-12.60,105.75,5.06,0.00,0.9796,19,0,1.00,None,1,0.00,0.00,0.00
1562,-12.60,105.75,5.06,0.00,0.9796,19,0,1.00,None,1,0.00,0.00,0.00
1563,-12.60,105.75,5.06,0.00,0.9796,19,0,1.00,None,1,0.00,0.00,0.00
1564,-12.60,105.75,5.06,0.00,0.9796,19,0,1.00,None,1,0.00,0.00,0.00
1565,-12.60,105.75,5.06,0.00,0.9796,19,0,1.00,None,1,0.00,0.00,0.00
1566,-12.60,105.75,5.06,0.00,0.9795,19,0,1.00,None,1,0.00,0.00,0.00
1567,-12.60,105.75,5.06,0.00,0.9795,19,0,1.00,None,1,0.00,0.00,0.00
1568,-12.60,105.75,5.06,0.00,0.9795,19,0,1.00,None,1,0.00,0.00,0.00
1569,-12.60,105.75,5.06,0.00,0.9795,19,0,1.00,None,1,0.00,0.00,0.00
1570,-12.60,105.75,5.06,0.00,0.9795,19,0,1.00,None,1,0.00,0.00,0.00
1571,-12.60,105.75,5.06,0.00,0.9795,19,0,1.00,None,1,0.00,0.00,0.00
1572,-12.60,105.75,5.06,0.00,0.9795,19,0,1.00,None,1,0.00,0.00,0.00
1573,-12.60,105.75,5.06,0.00,0.9795,19,0,1.00,None,1,0.00,0.00,0.00
1574,-12.60,105.75,5.06,0.00,0.9795,19,0,1.00,None,1,0.00,0.00,0.00
1575,-12.60,105.75,5.06,0.00,0.9795,19,0,1.00,None,1,0.00,0.00,0.00
1576,-12.60,105.75,5.06,0.00,0.9795,19,0,1.00,None,1,0.00,0.00,0.00
1577,-12.60,105.75,5.06,0.00,0.9794,19,0,1.00,None,1,0.00,0.00,0.00
1578,-12.60,105.75,5.06,0.00,0.9794,19,0,1.00,None,1,0.00,0.00,0.00
1579,-12.60,105.75,5.06,0.00,0.9794,19,0,1.00,None,1,0.00,0.00,0.00
1580,-12.60,105.75,5.06,0.00,0.9794,19,0,1.00,None,1,0.00,0.00,0.00
1581,-12.60,105.75,5.06,0.00,0.9794,19,0,1.00,None,1,0.00,0.00,0.00
1582,-12.60,105.98,5.05,4.59,0.9794,19,0,1.00,None,1,0.00,0.00,0.00
1583,-12.60,105.98,5.05,4.59,0.9794,19,0,1.00,None,1,0.00,0.00,0.00
1584,-12.60,105.98,5.05,4.59,0.9794,19,0,1.00,None,1,0.00,0.00,0.00
1585,-12.60,105.98,5.05,4.59,0.9794,19,0,1.00,None,1,0.00,0.00,0.00
1586,-12.58,106.84,5.04,9.23,0.9793,19,0,1.00,None,1,0.00,0.00,0.00
1587,-12.58,106.84,5.04,9.23,0.9793,19,0,1.00,None,1,0.00,0.00,0.00
1588,-12.58,106.84,5.04,9.23,0.9793,19,0,1.00,None,1,0.00,0.00,0.00
1589,-12.56,107.71,5.04,17.71,0.9793,19,0,1.00,None,1,0.00,0.00,0.00
1590,-12.56,107.71,5.04,17.71,0.9793,19,0,1.00,None,1,0.00,0.00,0.00
1591,-12.54,108.85,5.04,22.20,0.9793,19,0,1.00,None,1,0.00,0.00,0.00
1592,-12.54,108.85,5.04,22.20,0.9793,19,0,1.00,None,1,0.00,0.00,0.00
1593,-12.54,108.85,5.04,22.20,0.9793,19,0,1.00,None,1,0.00,0.00,0.00
1594,-12.54,108.85,5.04,22.20,0.9793,19,0,1.00,None,1,0.00,0.00,0.00
1595,-12.50,110.60,5.04,26.90,0.9792,19,0,1.00,None,1,0.00,0.00,0.00
1596,-12.50,110.60,5.04,26.90,0.9792,19,0,1.00,None,1,0.00,0.00,0.00
1597,-12.48,111.86,5.04,32.85,0.9792,19,0,1.00,None,1,0.00,0.00,0.00
1598,-12.46,112.52,5.04,36.36,0.9792,19,0,1.00,None,1,0.00,0.00,0.00
1599,-12.43,114.02,5.03,38.04,0.9792,19,0,1.00,None,1,0.00,0.00,0.00
1600,-12.43,114.02,5.03,38.04,0.9792,19,0,1.00,None,1,0.00,0.00,0.00
1601,-12.43,114.02,5.03,38.04,0.9792,19,0,1.00,None,1,0.00,0.00,0.00
1602,-12.43,114.02,5.03,38.04,0.9792,19,0,1.00,None,1,0.00,0.00,0.00
1603,-12.43,114.02,5.03,38.04,0.9792,19,0,1.00,None,1,0.00,0.00,0.00
1604,-12.36,117.57,5.03,41.65,0.9791,19,0,1.00,None,1,0.00,0.00,0.00
1605,-12.36,117.57,5.03,41.65,0.9791,19,0,1.00,None,1,0.00,0.00,0.00
1606,-12.31,119.87,5.03,49.43,0.9791,19,0,1.00,None,1,0.00,0.00,0.00
1607,-12.29,121.13,5.03,53.69,0.9791,19,0,1.00,None,1,0.00,0.00,0.00
1608,-12.29,121.13,5.03,53.69,0.9791,19,0,1.00,None,1,0.00,0.00,0.00
1609,-12.29,121.13,5.03,53.69,0.9791,19,0,1.00,None,1,0.00,0.00,0.00
1610,-12.22,124.44,5.03,55.83,0.9791,19,0,1.00,None,1,0.00,0.00,0.00
1611,-12.22,124.44,5.03,55.83,0.9791,19,0,1.00,None,1,0.00,0.00,0.00
1612,-12.22,124.44,5.03,55.83,0.9791,19,0,1.00,None,1,0.00,0.00,0.00
1613,-12.16,127.30,5.03,61.27,0.9790,19,0,1.00,None,1,0.00,0.00,0.00
1614,-12.16,127.30,5.03,61.27,0.9790,19,0,1.00,None,1,0.00,0.00,0.00
1615,-12.09,130.99,5.03,69.20,0.9790,19,0,1.00,None,1,0.00,0.00,0.00
1616,-12.09,130.99,5.03,69.20,0.9790,19,0,1.00,None,1,0.00,0.00,0.00
1617,-12.09,130.99,5.03,69.20,0.9790,19,0,1.00,None,1,0.00,0.00,0.00
1618,-12.09,130.99,5.03,69.20,0.9790,19,0,1.00,None,1,0.00,0.00,0.00
1619,-11.98,136.22,5.03,70.61,0.9790,19,0,1.00,None,1,0.00,0.00,0.00
1620,-11.98,136.22,5.03,70.61,0.9790,19,0,1.00,None,1,0.00,0.00,0.00
1621,-11.92,139.39,5.03,77.39,0.9789,19,0,1.00,None,1,0.00,0.00,0.00
1622,-11.92,139.39,5.03,77.39,0.9789,19,0,1.00,None,1,0.00,0.00,0.00
1623,-11.85,142.60,5.03,0.00,0.9789,19,0,1.00,None,1,0.00,0.00,0.00
1624,-11.85,142.60,5.03,0.00,0.9789,19,0,1.00,None,1,0.00,0.00,0.00
1625,-11.85,142.60,5.03,0.00,0.9789,19,0,1.00,None,1,0.00,0.00,0.00
1626,-11.85,142.60,5.03,0.00,0.9789,19,0,1.00,None,1,0.00,0.00,0.00
1627,-11.85,142.60,5.03,0.00,0.9789,19,0,1.00,None,1,0.00,0.00,0.00
1628,-11.85,142.60,5.03,0.00,0.9789,19,0,1.00,None,1,0.00,0.00,0.00
1629,-11.85,142.60,5.03,0.00,0.9789,19,0,1.00,None,1,0.00,0.00,0.00
1630,-11.85,142.60,5.03,0.00,0.9788,19,0,1.00,None,1,0.00,0.00,0.00
1631,-11.85,142.60,5.03,0.00,0.9788,19,0,1.00,None,1,0.00,0.00,0.00
1632,-11.85,142.60,5.03,0.00,0.9788,19,0,1.00,None,1,0.00,0.00,0.00
1633,-11.85,142.60,5.03,0.00,0.9788,19,0,1.00,None,1,0.00,0.00,0.00
1634,-11.85,142.60,5.03,0.00,0.9788,19,0,1.00,None,1,0.00,0.00,0.00
1635,-11.85,142.60,5.03,0.00,0.9788,19,0,1.00,None,1,0.00,0.00,0.00
1636,-11.85,142.60,5.03,0.00,0.9788,19,0,1.00,None,1,0.00,0.00,0.00
1637,-11.85,142.60,5.03,0.00,0.9788,19,0,1.00,None,1,0.00,0.00,0.00
1638,-11.85,142.60,5.03,0.00,0.9788,19,0,1.00,None,1,0.00,0.00,0.00
1639,-11.85,142.60,5.03,0.00,0.9787,19,0,1.00,None,1,0.00,0.00,0.00
1640,-11.85,142.60,5.03,0.00,0.9787,19,0,1.00,None,1,0.00,0.00,0.00
1641,-11.85,142.60,5.03,0.00,0.9787,19,0,1.00,None,1,0.00,0.00,0.00
1642,-11.85,142.60,5.03,0.00,0.9787,19,0,1.00,None,1,0.00,0.00,0.00
1643,-11.85,142.60,5.03,0.00,0.9787,19,0,1.00,None,1,0.00,0.00,0.00
1644,-11.85,142.60,5.03,0.00,0.9787,19,0,1.00,None,1,0.00,0.00,0.00
1645,-11.85,142.60,5.03,0.00,0.9787,19,0,1.00,None,1,0.00,0.00,0.00
1646,-11.85,142.60,5.03,0.00,0.9787,19,0,1.00,None,1,0.00,0.00,0.00
1647,-11.85,142.60,5.03,0.00,0.9787,19,0,1.00,None,1,0.00,0.00,0.00
1648,-11.85,142.60,5.03,0.00,0.9786,19,0,1.00,None,1,0.00,0.00,0.00
1649,-11.85,142.60,5.03,0.00,0.9786,19,0,1.00,None,1,0.00,0.00,0.00
1650,-11.85,142.60,5.03,0.00,0.9786,19,0,1.00,None,1,0.00,0.00,0.00
1651,-11.85,142.60,5.03,0.00,0.9786,19,0,1.00,None,1,0.00,0.00,0.00
1652,-11.85,142.60,5.03,0.00,0.9786,19,0,1.00,None,1,0.00,0.00,0.00
1653,-11.85,142.60,5.03,0.00,0.9786,19,0,1.00,None,1,0.00,0.00,0.00
1654,-11.85,142.60,5.03,0.00,0.9786,19,0,1.00,None,1,0.00,0.00,0.00
1655,-11.85,142.60,5.03,0.00,0.9786,19,0,1.00,None,1,0.00,0.00,0.00
1656,-11.85,142.60,5.03,0.00,0.9786,19,0,1.00,None,1,0.00,0.00,0.00
1657,-11.85,142.60,5.03,0.00,0.9785,19,0,1.00,None,1,0.00,0.00,0.00
1658,-11.85,142.60,5.03,0.00,0.9785,19,0,1.00,None,1,0.00,0.00,0.00
1659,-11.85,142.60,5.03,0.00,0.9785,19,0,1.00,None,1,0.00,0.00,0.00
1660,-11.85,142.60,5.03,0.00,0.9785,19,0,1.00,None,1,0.00,0.00,0.00
1661,-11.85,142.60,5.03,0.00,0.9785,19,0,1.00,None,1,0.00,0.00,0.00
1662,-11.85,142.60,5.03,0.00,0.9785,19,0,1.00,None,1,0.00,0.00,0.00
1663,-11.85,142.60,5.03,0.00,0.9785,19,0,1.00,None,1,0.00,0.00,0.00
1664,-11.85,142.60,5.03,0.00,0.9785,19,0,1.00,None,1,0.00,0.00,0.00
1665,-11.85,142.60,5.03,0.00,0.9785,19,0,1.00,None,1,0.00,0.00,0.00
1666,-11.85,142.60,5.03,0.00,0.9784,19,0,1.00,None,1,0.00,0.00,0.00
1667,-11.85,142.60,5.03,0.00,0.9784,19,0,1.00,None,1,0.00,0.00,0.00
1668,-11.85,142.60,5.03,0.00,0.9784,19,0,1.00,None,1,0.00,0.00,0.00
1669,-11.85,142.60,5.03,0.00,0.9784,19,0,1.00,None,1,0.00,0.00,0.00
1670,-11.85,142.60,5.03,0.00,0.9784,19,0,1.00,None,1,0.00,0.00,0.00
1671,-11.85,142.60,5.03,0.00,0.9784,19,0,1.00,None,1,0.00,0.00,0.00
1672,-11.85,142.60,5.03,0.00,0.9784,19,0,1.00,None,1,0.00,0.00,0.00
1673,-11.85,142.60,5.03,0.00,0.9784,19,0,1.00,None,1,0.00,0.00,0.00
1674,-11.85,142.60,5.03,0.00,0.9784,19,0,1.00,None,1,0.00,0.00,0.00
1675,-11.85,142.60,5.03,0.00,0.9783,19,0,1.00,None,1,0.00,0.00,0.00
1676,-11.85,142.60,5.03,0.00,0.9783,19,0,1.00,None,1,0.00,0.00,0.00
1677,-11.85,142.60,5.03,0.00,0.9783,19,0,1.00,None,1,0.00,0.00,0.00
1678,-11.85,142.60,5.03,0.00,0.9783,19,0,1.00,None,1,0.00,0.00,0.00
1679,-11.85,142.60,5.03,0.00,0.9783,19,0,1.00,None,1,0.00,0.00,0.00
1680,-11.85,142.60,5.03,0.00,0.9783,19,0,1.00,None,1,0.00,0.00,0.00
1681,-11.85,142.60,5.03,0.00,0.9783,19,0,1.00,None,1,0.00,0.00,0.00
1682,-11.85,142.60,5.03,0.00,0.9783,19,0,1.00,None,1,0.00,0.00,0.00
1683,-11.85,142.60,5.03,0.00,0.9783,19,0,1.00,None,1,0.00,0.00,0.00
1684,-11.85,142.60,5.03,0.00,0.9782,19,0,1.00,None,1,0.00,0.00,0.00
1685,-11.85,142.60,5.03,0.00,0.9782,19,0,1.00,None,1,0.00,0.00,0.00
1686,-11.85,142.60,5.03,0.00,0.9782,19,0,1.00,None,1,0.00,0.00,0.00
1687,-11.85,142.60,5.03,0.00,0.9782,19,0,1.00,None,1,0.00,0.00,0.00
1688,-11.85,142.42,5.03,4.08,0.9782,19,0,1.00,None,1,0.00,0.00,0.00
1689,-11.85,142.42,5.03,4.08,0.9782,19,0,1.00,None,1,0.00,0.00,0.00
1690,-11.85,142.42,5.03,4.08,0.9782,19,0,1.00,None,1,0.00,0.00,0.00
1691,-11.84,142.06,5.03,8.12,0.9782,19,0,1.00,None,1,0.00,0.00,0.00
1692,-11.84,142.06,5.03,8.12,0.9782,19,0,1.00,None,1,0.00,0.00,0.00
1693,-11.83,141.51,5.03,12.22,0.9781,19,0,1.00,None,1,0.00,0.00,0.00
1694,-11.83,141.51,5.03,12.22,0.9781,19,0,1.00,None,1,0.00,0.00,0.00
1695,-11.81,140.77,5.03,16.32,0.9781,19,0,1.00,None,1,0.00,0.00,0.00
1696,-11.81,140.77,5.03,16.32,0.9781,19,0,1.00,None,1,0.00,0.00,0.00
1697,-11.81,140.77,5.03,16.32,0.9781,19,0,1.00,None,1,0.00,0.00,0.00
1698,-11.81,140.77,5.03,16.32,0.9781,19,0,1.00,None,1,0.00,0.00,0.00
1699,-11.78,139.05,5.03,20.45,0.9781,19,0,1.00,None,1,0.00,0.00,0.00
1700,-11.78,139.05,5.03,20.45,0.9781,19,0,1.00,None,1,0.00,0.00,0.00
1701,-11.78,139.05,5.03,20.45,0.9781,19,0,1.00,None,1,0.00,0.00,0.00
1702,-11.75,137.73,5.03,28.14,0.9780,19,0,1.00,None,1,0.00,0.00,0.00
1703,-11.75,137.73,5.03,28.14,0.9780,19,0,1.00,None,1,0.00,0.00,0.00
1704,-11.72,136.43,5.03,32.45,0.9780,19,0,1.00,None,1,0.00,0.00,0.00
1705,-11.72,136.43,5.03,32.45,0.9780,19,0,1.00,None,1,0.00,0.00,0.00
1706,-11.69,134.79,5.03,36.12,0.9780,19,0,1.00,None,1,0.00,0.00,0.00
1707,-11.69,134.79,5.03,36.12,0.9780,19,0,1.00,None,1,0.00,0.00,0.00
1708,-11.66,133.11,5.03,40.27,0.9780,19,0,1.00,None,1,0.00,0.00,0.00
1709,-11.64,132.44,5.03,44.07,0.9780,19,0,1.00,None,1,0.00,0.00,0.00
1710,-11.64,132.44,5.03,44.07,0.9780,19,0,1.00,None,1,0.00,0.00,0.00
1711,-11.61,130.79,5.03,45.47,0.9779,19,0,1.00,None,1,0.00,0.00,0.00
1712,-11.61,130.79,5.03,45.47,0.9779,19,0,1.00,None,1,0.00,0.00,0.00
1713,-11.61,130.79,5.03,45.47,0.9779,19,0,1.00,None,1,0.00,0.00,0.00
1714,-11.53,127.01,5.03,48.80,0.9779,19,0,1.00,None,1,0.00,0.00,0.00
1715,-11.53,127.01,5.03,48.80,0.9779,19,0,1.00,None,1,0.00,0.00,0.00
1716,-11.53,127.01,5.03,48.80,0.9779,19,0,1.00,None,1,0.00,0.00,0.00
1717,-11.47,124.01,5.03,55.88,0.9779,19,0,1.00,None,1,0.00,0.00,0.00
1718,-11.47,124.01,5.03,55.88,0.9779,19,0,1.00,None,1,0.00,0.00,0.00
1719,-11.43,121.83,5.03,60.79,0.9779,19,0,1.00,None,1,0.00,0.00,0.00
1720,-11.41,120.79,5.03,64.07,0.9778,19,0,1.00,None,1,0.00,0.00,0.00
1721,-11.36,118.51,5.03,65.56,0.9778,19,0,1.00,None,1,0.00,0.00,0.00
1722,-11.36,118.51,5.03,65.56,0.9778,19,0,1.00,None,1,0.00,0.00,0.00
1723,-11.36,118.51,5.03,65.56,0.9778,19,0,1.00,None,1,0.00,0.00,0.00
1724,-11.36,118.51,5.03,65.56,0.9778,19,0,1.00,None,1,0.00,0.00,0.00
1725,-11.25,113.14,5.03,68.75,0.9778,19,0,1.00,None,1,0.00,0.00,0.00
1726,-11.25,113.14,5.03,68.75,0.9778,19,0,1.00,None,1,0.00,0.00,0.00
1727,-11.25,113.14,5.03,68.75,0.9778,19,0,1.00,None,1,0.00,0.00,0.00
1728,-11.17,109.12,5.04,75.89,0.9777,19,0,1.00,None,1,0.00,0.00,0.00
1729,-11.17,109.12,5.04,75.89,0.9777,19,0,1.00,None,1,0.00,0.00,0.00
1730,-11.11,106.16,5.04,80.74,0.9777,19,0,1.00,None,1,0.00,0.00,0.00
1731,-11.10,105.75,5.04,0.00,0.9777,19,0,1.00,None,1,0.00,0.00,0.00
1732,-11.10,105.75,5.04,0.00,0.9777,19,0,1.00,None,1,0.00,0.00,0.00
1733,-11.10,105.75,5.04,0.00,0.9777,19,0,1.00,None,1,0.00,0.00,0.00
1734,-11.10,105.75,5.04,0.00,0.9777,19,0,1.00,None,1,0.00,0.00,0.00
1735,-11.10,105.75,5.04,0.00,0.9777,19,0,1.00,None,1,0.00,0.00,0.00
1736,-11.10,105.75,5.04,0.00,0.9777,19,0,1.00,None,1,0.00,0.00,0.00
1737,-11.10,105.75,5.04,0.00,0.9777,19,0,1.00,None,1,0.00,0.00,0.00
1738,-11.10,105.75,5.04,0.00,0.9777,19,0,1.00,None,1,0.00,0.00,0.00
1739,-11.10,105.75,5.04,0.00,0.9777,19,0,1.00,None,1,0.00,0.00,0.00
1740,-11.10,105.75,5.04,0.00,0.9776,19,0,1.00,None,1,0.00,0.00,0.00
1741,-11.10,105.75,5.04,0.00,0.9776,19,0,1.00,None,1,0.00,0.00,0.00
1742,-11.10,105.75,5.04,0.00,0.9776,19,0,1.00,None,1,0.00,0.00,0.00
1743,-11.10,105.75,5.04,0.00,0.9776,19,0,1.00,None,1,0.00,0.00,0.00
1744,-11.10,105.75,5.04,0.00,0.9776,19,0,1.00,None,1,0.00,0.00,0.00
1745,-11.10,105.75,5.04,0.00,0.9776,19,0,1.00,None,1,0.00,0.00,0.00
1746,-11.10,105.75,5.04,0.00,0.9776,19,0,1.00,None,1,0.00,0.00,0.00
1747,-11.10,105.75,5.04,0.00,0.9775,19,0,1.00,None,1,0.00,0.00,0.00
1748,-11.10,105.75,5.04,0.00,0.9775,19,0,1.00,None,1,0.00,0.00,0.00
1749,-11.10,105.75,5.04,0.00,0.9775,19,0,1.00,None,1,0.00,0.00,0.00
1750,-11.10,105.75,5.04,0.00,0.9775,19,0,1.00,None,1,0.00,0.00,0.00
1751,-11.10,105.75,5.04,0.00,0.9775,19,0,1.00,None,1,0.00,0.00,0.00
1752,-11.10,105.75,5.04,0.00,0.9775,19,0,1.00,None,1,0.00,0.00,0.00
1753,-11.10,105.75,5.04,0.00,0.9775,19,0,1.00,None,1,0.00,0.00,0.00
1754,-11.10,105.75,5.04,0.00,0.9775,19,0,1.00,None,1,0.00,0.00,0.00
1755,-11.10,105.75,5.04,0.00,0.9775,19,0,1.00,None,1,0.00,0.00,0.00
1756,-11.10,105.75,5.04,0.00,0.9774,19,0,1.00,None,1,0.00,0.00,0.00
1757,-11.10,105.75,5.04,0.00,0.9774,19,0,1.00,None,1,0.00,0.00,0.00
1758,-11.10,105.75,5.04,0.00,0.9774,19,0,1.00,None,1,0.00,0.00,0.00
1759,-11.10,105.75,5.04,0.00,0.9774,19,0,1.00,None,1,0.00,0.00,0.00
1760,-11.10,105.75,5.04,0.00,0.9774,19,0,1.00,None,1,0.00,0.00,0.00
1761,-11.10,105.75,5.04,0.00,0.9774,19,0,1.00,None,1,0.00,0.00,0.00
1762,-11.10,105.75,5.04,0.00,0.9774,19,0,1.00,None,1,0.00,0.00,0.00
1763,-11.10,105.75,5.04,0.00,0.9774,19,0,1.00,None,1,0.00,0.00,0.00
1764,-11.10,105.75,5.04,0.00,0.9774,19,0,1.00,None,1,0.00,0.00,0.00
1765,-11.10,105.75,5.04,0.00,0.9774,19,0,1.00,None,1,0.00,0.00,0.00
1766,-11.10,105.75,5.04,0.00,0.9773,19,0,1.00,None,1,0.00,0.00,0.00
1767,-11.10,105.75,5.04,0.00,0.9773,19,0,1.00,None,1,0.00,0.00,0.00
1768,-11.10,105.75,5.04,0.00,0.9773,19,0,1.00,None,1,0.00,0.00,0.00
1769,-11.10,105.75,5.04,0.00,0.9773,19,0,1.00,None,1,0.00,0.00,0.00
1770,-11.10,105.75,5.04,0.00,0.9773,19,0,1.00,None,1,0.00,0.00,0.00
1771,-11.10,105.75,5.04,0.00,0.9773,19,0,1.00,None,1,0.00,0.00,0.00
1772,-11.10,105.75,5.04,0.00,0.9773,19,0,1.00,None,1,0.00,0.00,0.00
1773,-11.10,105.75,5.04,0.00,0.9773,19,0,1.00,None,1,0.00,0.00,0.00
1774,-11.10,105.75,5.04,0.00,0.9773,19,0,1.00,None,1,0.00,0.00,0.00
1775,-11.10,105.75,5.04,0.00,0.9772,19,0,1.00,None,1,0.00,0.00,0.00
1776,-11.10,105.75,5.04,0.00,0.9772,19,0,1.00,None,1,0.00,0.00,0.00
1777,-11.10,105.75,5.04,0.00,0.9772,19,0,1.00,None,1,0.00,0.00,0.00
1778,-11.10,105.75,5.04,0.00,0.9772,19,0,1.00,None,1,0.00,0.00,0.00
1779,-11.10,105.75,5.04,0.00,0.9772,19,0,1.00,None,1,0.00,0.00,0.00
1780,-11.10,105.75,5.04,0.00,0.9772,19,0,1.00,None,1,0.00,0.00,0.00
1781,-11.10,105.75,5.04,0.00,0.9772,19,0,1.00,None,1,0.00,0.00,0.00
1782,-11.10,105.75,5.04,0.00,0.9771,19,0,1.00,None,1,0.00,0.00,0.00
1783,-11.10,105.75,5.04,0.00,0.9771,19,0,1.00,None,1,0.00,0.00,0.00
1784,-11.10,105.75,5.04,0.00,0.9771,19,0,1.00,None,1,0.00,0.00,0.00
1785,-11.10,105.75,5.04,0.00,0.9771,19,0,1.00,None,1,0.00,0.00,0.00
1786,-11.10,105.75,5.04,0.00,0.9771,19,0,1.00,None,1,0.00,0.00,0.00
1787,-11.10,105.75,5.04,0.00,0.9771,19,0,1.00,None,1,0.00,0.00,0.00
1788,-11.10,105.75,5.04,0.00,0.9771,19,0,1.00,None,1,0.00,0.00,0.00
1789,-11.10,105.75,5.04,0.00,0.9771,19,0,1.00,None,1,0.00,0.00,0.00
1790,-11.10,105.75,5.04,0.00,0.9771,19,0,1.00,None,1,0.00,0.00,0.00
1791,-11.10,105.75,5.04,0.00,0.9771,19,0,1.00,None,1,0.00,0.00,0.00
1792,-11.10,105.75,5.04,0.00,0.9770,19,0,1.00,None,1,0.00,0.00,0.00
1793,-11.10,105.75,5.04,0.00,0.9770,19,0,1.00,None,1,0.00,0.00,0.00
1794,-11.09,105.95,5.04,4.30,0.9770,19,0,1.00,None,1,0.00,0.00,0.00
1795,-11.09,105.95,5.04,4.30,0.9770,19,0,1.00,None,1,0.00,0.00,0.00
1796,-11.09,105.95,5.04,4.30,0.9770,19,0,1.00,None,1,0.00,0.00,0.00
1797,-11.08,106.36,5.04,8.61,0.9770,19,0,1.00,None,1,0.00,0.00,0.00
1798,-11.08,106.36,5.04,8.61,0.9770,19,0,1.00,None,1,0.00,0.00,0.00
1799,-11.06,106.97,5.04,12.92,0.9770,19,0,1.00,None,1,0.00,0.00,0.00
1800,-11.06,106.97,5.04,12.92,0.9770,19,0,1.00,None,1,0.00,0.00,0.00
1801,-11.04,107.81,5.04,17.26,0.9769,19,0,1.00,None,1,0.00,0.00,0.00
1802,-11.04,107.81,5.04,17.26,0.9769,19,0,1.00,None,1,0.00,0.00,0.00
1803,-11.04,107.81,5.04,17.26,0.9769,19,0,1.00,None,1,0.00,0.00,0.00
1804,-11.04,107.81,5.04,17.26,0.9769,19,0,1.00,None,1,0.00,0.00,0.00
1805,-11.04,107.81,5.04,17.26,0.9769,19,0,1.00,None,1,0.00,0.00,0.00
1806,-10.99,109.76,5.04,21.69,0.9769,19,0,1.00,None,1,0.00,0.00,0.00
1807,-10.99,109.76,5.04,21.69,0.9769,19,0,1.00,None,1,0.00,0.00,0.00
1808,-10.99,109.76,5.04,21.69,0.9769,19,0,1.00,None,1,0.00,0.00,0.00
1809,-10.93,111.41,5.03,29.93,0.9769,19,0,1.00,None,1,0.00,0.00,0.00
1810,-10.93,111.41,5.03,29.93,0.9769,19,0,1.00,None,1,0.00,0.00,0.00
1811,-10.89,112.84,5.03,34.96,0.9768,19,0,1.00,None,1,0.00,0.00,0.00
1812,-10.89,112.84,5.03,34.96,0.9768,19,0,1.00,None,1,0.00,0.00,0.00
1813,-10.84,114.68,5.03,38.71,0.9768,19,0,1.00,None,1,0.00,0.00,0.00
1814,-10.84,114.68,5.03,38.71,0.9768,19,0,1.00,None,1,0.00,0.00,0.00
1815,-10.79,116.51,5.02,43.08,0.9768,19,0,1.00,None,1,0.00,0.00,0.00
1816,-10.77,117.27,5.02,46.96,0.9768,19,0,1.00,None,1,0.00,0.00,0.00
1817,-10.77,117.27,5.02,46.96,0.9768,19,0,1.00,None,1,0.00,0.00,0.00
1818,-10.77,117.27,5.02,46.96,0.9768,19,0,1.00,None,1,0.00,0.00,0.00
1819,-10.69,120.63,5.02,48.43,0.9767,19,0,1.00,None,1,0.00,0.00,0.00
1820,-10.69,120.63,5.02,48.43,0.9767,19,0,1.00,None,1,0.00,0.00,0.00
1821,-10.69,120.63,5.02,48.43,0.9767,19,0,1.00,None,1,0.00,0.00,0.00
1822,-10.62,123.56,5.02,54.79,0.9767,19,0,1.00,None,1,0.00,0.00,0.00
1823,-10.62,123.56,5.02,54.79,0.9767,19,0,1.00,None,1,0.00,0.00,0.00
1824,-10.58,125.68,5.02,59.68,0.9767,19,0,1.00,None,1,0.00,0.00,0.00
1825,-10.56,126.65,5.02,62.93,0.9767,19,0,1.00,None,1,0.00,0.00,0.00
1826,-10.51,128.99,5.02,64.33,0.9767,19,0,1.00,None,1,0.00,0.00,0.00
1827,-10.51,128.99,5.02,64.33,0.9767,19,0,1.00,None,1,0.00,0.00,0.00
1828,-10.51,128.99,5.02,64.33,0.9767,19,0,1.00,None,1,0.00,0.00,0.00
1829,-10.51,128.99,5.02,64.33,0.9767,19,0,1.00,None,1,0.00,0.00,0.00
1830,-10.41,134.37,5.02,67.66,0.9766,19,0,1.00,None,1,0.00,0.00,0.00
1831,-10.41,134.37,5.02,67.66,0.9766,19,0,1.00,None,1,0.00,0.00,0.00
1832,-10.41,134.37,5.02,67.66,0.9766,19,0,1.00,None,1,0.00,0.00,0.00
1833,-10.35,138.44,5.02,74.93,0.9766,19,0,1.00,None,1,0.00,0.00,0.00
1834,-10.35,138.44,5.02,74.93,0.9766,19,0,1.00,None,1,0.00,0.00,0.00
1835,-10.31,141.61,5.02,79.90,0.9766,19,0,1.00,None,1,0.00,0.00,0.00
1836,-10.31,141.61,5.02,79.90,0.9766,19,0,1.00,None,1,0.00,0.00,0.00
1837,-10.35,142.60,5.03,0.00,0.9765,19,0,1.00,None,1,0.00,0.00,0.00
1838,-10.35,142.60,5.03,0.00,0.9765,19,0,1.00,None,1,0.00,0.00,0.00
1839,-10.35,142.60,5.03,0.00,0.9765,19,0,1.00,None,1,0.00,0.00,0.00
1840,-10.35,142.60,5.03,0.00,0.9765,19,0,1.00,None,1,0.00,0.00,0.00
1841,-10.35,142.60,5.03,0.00,0.9765,19,0,1.00,None,1,0.00,0.00,0.00
1842,-10.35,142.60,5.03,0.00,0.9765,19,0,1.00,None,1,0.00,0.00,0.00
1843,-10.35,142.60,5.03,0.00,0.9765,19,0,1.00,None,1,0.00,0.00,0.00
1844,-10.35,142.60,5.03,0.00,0.9765,19,0,1.00,None,1,0.00,0.00,0.00
1845,-10.35,142.60,5.03,0.00,0.9764,19,0,1.00,None,1,0.00,0.00,0.00
1846,-10.35,142.60,5.03,0.00,0.9764,19,0,1.00,None,1,0.00,0.00,0.00
1847,-10.35,142.60,5.03,0.00,0.9764,19,0,1.00,None,1,0.00,0.00,0.00
1848,-10.35,142.60,5.03,0.00,0.9764,19,0,1.00,None,1,0.00,0.00,0.00
1849,-10.35,142.60,5.03,0.00,0.9764,19,0,1.00,None,1,0.00,0.00,0.00
1850,-10.35,142.60,5.03,0.00,0.9764,19,0,1.00,None,1,0.00,0.00,0.00
1851,-10.35,142.60,5.03,0.00,0.9764,19,0,1.00,None,1,0.00,0.00,0.00
1852,-10.35,142.60,5.03,0.00,0.9764,19,0,1.00,None,1,0.00,0.00,0.00
1853,-10.35,142.60,5.03,0.00,0.9764,19,0,1.00,None,1,0.00,0.00,0.00
1854,-10.35,142.60,5.03,0.00,0.9764,19,0,1.00,None,1,0.00,0.00,0.00
1855,-10.35,142.60,5.03,0.00,0.9764,19,0,1.00,None,1,0.00,0.00,0.00
1856,-10.35,142.60,5.03,0.00,0.9763,19,0,1.00,None,1,0.00,0.00,0.00
1857,-10.35,142.60,5.03,0.00,0.9763,19,0,1.00,None,1,0.00,0.00,0.00
1858,-10.35,142.60,5.03,0.00,0.9763,19,0,1.00,None,1,0.00,0.00,0.00
1859,-10.35,142.60,5.03,0.00,0.9763,19,0,1.00,None,1,0.00,0.00,0.00
1860,-10.35,142.60,5.03,0.00,0.9763,19,0,1.00,None,1,0.00,0.00,0.00
1861,-10.35,142.60,5.03,0.00,0.9763,19,0,1.00,None,1,0.00,0.00,0.00
1862,-10.35,142.60,5.03,0.00,0.9763,19,0,1.00,None,1,0.00,0.00,0.00
1863,-10.35,142.60,5.03,0.00,0.9763,19,0,1.00,None,1,0.00,0.00,0.00
1864,-10.35,142.60,5.03,0.00,0.9763,19,0,1.00,None,1,0.00,0.00,0.00
1865,-10.35,142.60,5.03,0.00,0.9762,19,0,1.00,None,1,0.00,0.00,0.00
1866,-10.35,142.60,5.03,0.00,0.9762,19,0,1.00,None,1,0.00,0.00,0.00
1867,-10.35,142.60,5.03,0.00,0.9762,19,0,1.00,None,1,0.00,0.00,0.00
1868,-10.35,142.60,5.03,0.00,0.9762,19,0,1.00,None,1,0.00,0.00,0.00
1869,-10.35,142.60,5.03,0.00,0.9762,19,0,1.00,None,1,0.00,0.00,0.00
1870,-10.35,142.60,5.03,0.00,0.9762,19,0,1.00,None,1,0.00,0.00,0.00
1871,-10.35,142.60,5.03,0.00,0.9762,19,0,1.00,None,1,0.00,0.00,0.00
1872,-10.35,142.60,5.03,0.00,0.9762,19,0,1.00,None,1,0.00,0.00,0.00
1873,-10.35,142.60,5.03,0.00,0.9761,19,0,1.00,None,1,0.00,0.00,0.00
1874,-10.35,142.60,5.03,0.00,0.9761,19,0,1.00,None,1,0.00,0.00,0.00
1875,-10.35,142.60,5.03,0.00,0.9761,19,0,1.00,None,1,0.00,0.00,0.00
1876,-10.35,142.60,5.03,0.00,0.9761,19,0,1.00,None,1,0.00,0.00,0.00
1877,-10.35,142.60,5.03,0.00,0.9761,19,0,1.00,None,1,0.00,0.00,0.00
1878,-10.35,142.60,5.03,0.00,0.9761,19,0,1.00,None,1,0.00,0.00,0.00
1879,-10.35,142.60,5.03,0.00,0.9761,19,0,1.00,None,1,0.00,0.00,0.00
1880,-10.35,142.60,5.03,0.00,0.9761,19,0,1.00,None,1,0.00,0.00,0.00
1881,-10.35,142.60,5.03,0.00,0.9761,19,0,1.00,None,1,0.00,0.00,0.00
1882,-10.35,142.60,5.03,0.00,0.9760,19,0,1.00,None,1,0.00,0.00,0.00
1883,-10.35,142.60,5.03,0.00,0.9760,19,0,1.00,None,1,0.00,0.00,0.00
1884,-10.35,142.60,5.03,0.00,0.9760,19,0,1.00,None,1,0.00,0.00,0.00
1885,-10.35,142.60,5.03,0.00,0.9760,19,0,1.00,None,1,0.00,0.00,0.00
1886,-10.35,142.60,5.03,0.00,0.9760,19,0,1.00,None,1,0.00,0.00,0.00
1887,-10.35,142.60,5.03,0.00,0.9760,19,0,1.00,None,1,0.00,0.00,0.00
1888,-10.35,142.60,5.03,0.00,0.9760,19,0,1.00,None,1,0.00,0.00,0.00
1889,-10.35,142.60,5.03,0.00,0.9760,19,0,1.00,None,1,0.00,0.00,0.00
1890,-10.35,142.60,5.03,0.00,0.9760,19,0,1.00,None,1,0.00,0.00,0.00
1891,-10.35,142.60,5.03,0.00,0.9759,19,0,1.00,None,1,0.00,0.00,0.00
1892,-10.35,142.60,5.03,0.00,0.9759,19,0,1.00,None,1,0.00,0.00,0.00
1893,-10.35,142.60,5.03,0.00,0.9759,19,0,1.00,None,1,0.00,0.00,0.00
1894,-10.35,142.60,5.03,0.00,0.9759,19,0,1.00,None,1,0.00,0.00,0.00
1895,-10.35,142.60,5.03,0.00,0.9759,19,0,1.00,None,1,0.00,0.00,0.00
1896,-10.35,142.60,5.03,0.00,0.9759,19,0,1.00,None,1,0.00,0.00,0.00
1897,-10.35,142.60,5.03,0.00,0.9759,19,0,1.00,None,1,0.00,0.00,0.00
1898,-10.35,142.60,5.03,0.00,0.9759,19,0,1.00,None,1,0.00,0.00,0.00
1899,-10.35,142.60,5.03,0.00,0.9759,19,0,1.00,None,1,0.00,0.00,0.00
1900,-10.35,142.42,5.03,4.08,0.9758,19,0,1.00,None,1,0.00,0.00,0.00
1901,-10.35,142.42,5.03,4.08,0.9758,19,0,1.00,None,1,0.00,0.00,0.00
1902,-10.34,142.07,5.02,8.12,0.9758,19,0,1.00,None,1,0.00,0.00,0.00
1903,-10.34,142.07,5.02,8.12,0.9758,19,0,1.00,None,1,0.00,0.00,0.00
1904,-10.34,142.07,5.02,8.12,0.9758,19,0,1.00,None,1,0.00,0.00,0.00
1905,-10.34,142.07,5.02,8.12,0.9758,19,0,1.00,None,1,0.00,0.00,0.00
1906,-10.32,141.05,5.02,12.09,0.9758,19,0,1.00,None,1,0.00,0.00,0.00
1907,-10.32,141.05,5.02,12.09,0.9758,19,0,1.00,None,1,0.00,0.00,0.00
1908,-10.30,140.20,5.02,19.76,0.9757,19,0,1.00,None,1,0.00,0.00,0.00
1909,-10.29,139.81,5.02,23.71,0.9757,19,0,1.00,None,1,0.00,0.00,0.00
1910,-10.29,139.81,5.02,23.71,0.9757,19,0,1.00,None,1,0.00,0.00,0.00
1911,-10.27,138.86,5.02,25.20,0.9757,19,0,1.00,None,1,0.00,0.00,0.00
1912,-10.27,138.86,5.02,25.20,0.9757,19,0,1.00,None,1,0.00,0.00,0.00
1913,-10.27,138.86,5.02,25.20,0.9757,19,0,1.00,None,1,0.00,0.00,0.00
1914,-10.27,138.86,5.02,25.20,0.9757,19,0,1.00,None,1,0.00,0.00,0.00
1915,-10.22,136.40,5.02,28.67,0.9757,19,0,1.00,None,1,0.00,0.00,0.00
1916,-10.22,136.40,5.02,28.67,0.9757,19,0,1.00,None,1,0.00,0.00,0.00
1917,-10.22,136.40,5.02,28.67,0.9757,19,0,1.00,None,1,0.00,0.00,0.00
1918,-10.19,134.87,5.02,36.52,0.9756,19,0,1.00,None,1,0.00,0.00,0.00
1919,-10.19,134.87,5.02,36.52,0.9756,19,0,1.00,None,1,0.00,0.00,0.00
1920,-10.16,133.15,5.02,40.35,0.9756,19,0,1.00,None,1,0.00,0.00,0.00
1921,-10.16,133.15,5.02,40.35,0.9756,19,0,1.00,None,1,0.00,0.00,0.00
1922,-10.11,130.72,5.01,44.24,0.9756,19,0,1.00,None,1,0.00,0.00,0.00
1923,-10.11,130.72,5.01,44.24,0.9756,19,0,1.00,None,1,0.00,0.00,0.00
1924,-10.07,128.96,5.01,49.27,0.9756,19,0,1.00,None,1,0.00,0.00,0.00
1925,-10.06,128.12,5.01,52.55,0.9756,19,0,1.00,None,1,0.00,0.00,0.00
1926,-10.06,128.12,5.01,52.55,0.9756,19,0,1.00,None,1,0.00,0.00,0.00
1927,-10.02,126.19,5.01,54.00,0.9755,19,0,1.00,None,1,0.00,0.00,0.00
1928,-10.02,126.19,5.01,54.00,0.9755,19,0,1.00,None,1,0.00,0.00,0.00
1929,-9.96,123.61,5.01,57.27,0.9755,19,0,1.00,None,1,0.00,0.00,0.00
1930,-9.96,123.61,5.01,57.27,0.9755,19,0,1.00,None,1,0.00,0.00,0.00
1931,-9.96,123.61,5.01,57.27,0.9755,19,0,1.00,None,1,0.00,0.00,0.00
1932,-9.96,123.61,5.01,57.27,0.9755,19,0,1.00,None,1,0.00,0.00,0.00
1933,-9.86,118.33,5.02,61.40,0.9755,19,0,1.00,None,1,0.00,0.00,0.00
1934,-9.86,118.33,5.02,61.40,0.9755,19,0,1.00,None,1,0.00,0.00,0.00
1935,-9.86,118.33,5.02,61.40,0.9755,19,0,1.00,None,1,0.00,0.00,0.00
1936,-9.79,115.00,5.02,69.27,0.9754,19,0,1.00,None,1,0.00,0.00,0.00
1937,-9.77,113.86,5.03,73.67,0.9754,19,0,1.00,None,1,0.00,0.00,0.00
1938,-9.72,111.71,5.03,75.08,0.9754,19,0,1.00,None,1,0.00,0.00,0.00
1939,-9.72,111.71,5.03,75.08,0.9754,19,0,1.00,None,1,0.00,0.00,0.00
1940,-9.72,111.71,5.03,75.08,0.9754,19,0,1.00,None,1,0.00,0.00,0.00
1941,-9.72,111.71,5.03,75.08,0.9754,19,0,1.00,None,1,0.00,0.00,0.00
1942,-9.60,105.75,5.04,0.00,0.9754,19,0,1.00,None,1,0.00,0.00,0.00
1943,-9.60,105.75,5.04,0.00,0.9754,19,0,1.00,None,1,0.00,0.00,0.00
1944,-9.60,105.75,5.04,0.00,0.9753,19,0,1.00,None,1,0.00,0.00,0.00
1945,-9.60,105.75,5.04,0.00,0.9753,19,0,1.00,None,1,0.00,0.00,0.00
1946,-9.60,105.75,5.04,0.00,0.9753,19,0,1.00,None,1,0.00,0.00,0.00
1947,-9.60,105.75,5.04,0.00,0.9753,19,0,1.00,None,1,0.00,0.00,0.00
1948,-9.60,105.75,5.04,0.00,0.9753,19,0,1.00,None,1,0.00,0.00,0.00
1949,-9.60,105.75,5.04,0.00,0.9753,19,0,1.00,None,1,0.00,0.00,0.00
1950,-9.60,105.75,5.04,0.00,0.9753,19,0,1.00,None,1,0.00,0.00,0.00
1951,-9.60,105.75,5.04,0.00,0.9753,19,0,1.00,None,1,0.00,0.00,0.00
1952,-9.60,105.75,5.04,0.00,0.9753,19,0,1.00,None,1,0.00,0.00,0.00
1953,-9.60,105.75,5.04,0.00,0.9753,19,0,1.00,None,1,0.00,0.00,0.00
1954,-9.60,105.75,5.04,0.00,0.9752,19,0,1.00,None,1,0.00,0.00,0.00
1955,-9.60,105.75,5.04,0.00,0.9752,19,0,1.00,None,1,0.00,0.00,0.00
1956,-9.60,105.75,5.04,0.00,0.9752,19,0,1.00,None,1,0.00,0.00,0.00
1957,-9.60,105.75,5.04,0.00,0.9752,19,0,1.00,None,1,0.00,0.00,0.00
1958,-9.60,105.75,5.04,0.00,0.9752,19,0,1.00,None,1,0.00,0.00,0.00
1959,-9.60,105.75,5.04,0.00,0.9752,19,0,1.00,None,1,0.00,0.00,0.00
1960,-9.60,105.75,5.04,0.00,0.9752,19,0,1.00,None,1,0.00,0.00,0.00
1961,-9.60,105.75,5.04,0.00,0.9752,19,0,1.00,None,1,0.00,0.00,0.00
1962,-9.60,105.75,5.04,0.00,0.9752,19,0,1.00,None,1,0.00,0.00,0.00
1963,-9.60,105.75,5.04,0.00,0.9751,19,0,1.00,None,1,0.00,0.00,0.00
1964,-9.60,105.75,5.04,0.00,0.9751,19,0,1.00,None,1,0.00,0.00,0.00
1965,-9.60,105.75,5.04,0.00,0.9751,19,0,1.00,None,1,0.00,0.00,0.00
1966,-9.60,105.75,5.04,0.00,0.9751,19,0,1.00,None,1,0.00,0.00,0.00
1967,-9.60,105.75,5.04,0.00,0.9751,19,0,1.00,None,1,0.00,0.00,0.00
1968,-9.60,105.75,5.04,0.00,0.9751,19,0,1.00,None,1,0.00,0.00,0.00
1969,-9.60,105.75,5.04,0.00,0.9751,19,0,1.00,None,1,0.00,0.00,0.00
1970,-9.60,105.75,5.04,0.00,0.9751,19,0,1.00,None,1,0.00,0.00,0.00
1971,-9.60,105.75,5.04,0.00,0.9751,19,0,1.00,None,1,0.00,0.00,0.00
1972,-9.60,105.75,5.04,0.00,0.9750,19,0,1.00,None,1,0.00,0.00,0.00
1973,-9.60,105.75,5.04,0.00,0.9750,19,0,1.00,None,1,0.00,0.00,0.00
1974,-9.60,105.75,5.04,0.00,0.9750,19,0,1.00,None,1,0.00,0.00,0.00
1975,-9.60,105.75,5.04,0.00,0.9750,19,0,1.00,None,1,0.00,0.00,0.00
1976,-9.60,105.75,5.04,0.00,0.9750,19,0,1.00,None,1,0.00,0.00,0.00
1977,-9.60,105.75,5.04,0.00,0.9750,19,0,1.00,None,1,0.00,0.00,0.00
1978,-9.60,105.75,5.04,0.00,0.9750,19,0,1.00,None,1,0.00,0.00,0.00
1979,-9.60,105.75,5.04,0.00,0.9750,19,0,1.00,None,1,0.00,0.00,0.00
1980,-9.60,105.75,5.04,0.00,0.9750,19,0,1.00,None,1,0.00,0.00,0.00
1981,-9.60,105.75,5.04,0.00,0.9749,19,0,1.00,None,1,0.00,0.00,0.00
1982,-9.60,105.75,5.04,0.00,0.9749,19,0,1.00,None,1,0.00,0.00,0.00
1983,-9.60,105.75,5.04,0.00,0.9749,19,0,1.00,None,1,0.00,0.00,0.00
1984,-9.60,105.75,5.04,0.00,0.9749,19,0,1.00,None,1,0.00,0.00,0.00
1985,-9.60,105.75,5.04,0.00,0.9749,19,0,1.00,None,1,0.00,0.00,0.00
1986,-9.60,105.75,5.04,0.00,0.9749,19,0,1.00,None,1,0.00,0.00,0.00
1987,-9.60,105.75,5.04,0.00,0.9749,19,0,1.00,None,1,0.00,0.00,0.00
1988,-9.60,105.75,5.04,0.00,0.9749,19,0,1.00,None,1,0.00,0.00,0.00
1989,-9.60,105.75,5.04,0.00,0.9749,19,0,1.00,None,1,0.00,0.00,0.00
1990,-9.60,105.75,5.04,0.00,0.9748,19,0,1.00,None,1,0.00,0.00,0.00
1991,-9.60,105.75,5.04,0.00,0.9748,19,0,1.00,None,1,0.00,0.00,0.00
1992,-9.60,105.75,5.04,0.00,0.9748,19,0,1.00,None,1,0.00,0.00,0.00
1993,-9.60,105.75,5.04,0.00,0.9748,19,0,1.00,None,1,0.00,0.00,0.00
1994,-9.60,105.75,5.04,0.00,0.9748,19,0,1.00,None,1,0.00,0.00,0.00
1995,-9.60,105.75,5.04,0.00,0.9748,19,0,1.00,None,1,0.00,0.00,0.00
1996,-9.60,105.75,5.04,0.00,0.9748,19,0,1.00,None,1,0.00,0.00,0.00
1997,-9.60,105.75,5.04,0.00,0.9748,19,0,1.00,None,1,0.00,0.00,0.00
1998,-9.60,105.75,5.04,0.00,0.9748,19,0,1.00,None,1,0.00,0.00,0.00
1999,-9.60,105.75,5.04,0.00,0.9747,19,0,1.00,None,1,0.00,0.00,0.00
2000,-9.60,105.75,5.04,0.00,0.9747,19,0,1.00,None,1,0.00,0.00,0.00
2001,-9.60,105.75,5.04,0.00,0.9747,19,0,1.00,None,1,0.00,0.00,0.00
2002,-9.60,105.75,5.04,0.00,0.9747,19,0,1.00,None,1,0.00,0.00,0.00
2003,-9.60,105.75,5.04,0.00,0.9747,19,0,1.00,None,1,0.00,0.00,0.00
2004,-9.60,105.75,5.04,0.00,0.9747,19,0,1.00,None,1,0.00,0.00,0.00
2005,-9.60,105.75,5.04,0.00,0.9747,19,0,1.00,None,1,0.00,0.00,0.00
2006,-9.60,105.75,5.04,0.00,0.9747,19,0,1.00,None,1,0.00,0.00,0.00
2007,-9.60,105.75,5.04,0.00,0.9747,19,0,1.00,None,1,0.00,0.00,0.00
2008,-9.60,105.75,5.04,0.00,0.9746,19,0,1.00,None,1,0.00,0.00,0.00
2009,-9.60,105.75,5.04,0.00,0.9746,19,0,1.00,None,1,0.00,0.00,0.00
2010,-9.60,105.75,5.04,0.00,0.9746,19,0,1.00,None,1,0.00,0.00,0.00
2011,-9.60,105.75,5.04,0.00,0.9746,19,0,1.00,None,1,0.00,0.00,0.00
2012,-9.60,105.75,5.04,0.00,0.9746,19,0,1.00,None,1,0.00,0.00,0.00
2013,-9.60,105.75,5.04,0.00,0.9746,19,0,1.00,None,1,0.00,0.00,0.00
2014,-9.60,105.75,5.04,0.00,0.9746,19,0,1.00,None,1,0.00,0.00,0.00
2015,-9.60,105.75,5.04,0.00,0.9746,19,0,1.00,None,1,0.00,0.00,0.00
2016,-9.60,105.75,5.04,0.00,0.9746,19,0,1.00,None,1,0.00,0.00,0.00
2017,-9.60,105.75,5.04,0.00,0.9745,19,0,1.00,None,1,0.00,0.00,0.00
2018,-9.60,105.75,5.04,0.00,0.9745,19,0,1.00,None,1,0.00,0.00,0.00
2019,-9.60,105.75,5.04,0.00,0.9745,19,0,1.00,None,1,0.00,0.00,0.00
2020,-9.60,105.75,5.04,0.00,0.9745,19,0,1.00,None,1,0.00,0.00,0.00
2021,-9.60,105.75,5.04,0.00,0.9745,19,0,1.00,None,1,0.00,0.00,0.00
2022,-9.60,105.75,5.04,0.00,0.9745,19,0,1.00,None,1,0.00,0.00,0.00
2023,-9.60,105.75,5.04,0.00,0.9745,19,0,1.00,None,1,0.00,0.00,0.00
2024,-9.60,105.75,5.04,0.00,0.9745,19,0,1.00,None,1,0.00,0.00,0.00
2025,-9.60,105.75,5.04,0.00,0.9745,19,0,1.00,None,1,0.00,0.00,0.00
2026,-9.60,105.75,5.04,0.00,0.9744,19,0,1.00,None,1,0.00,0.00,0.00
2027,-9.60,105.75,5.04,0.00,0.9744,19,0,1.00,None,1,0.00,0.00,0.00
2028,-9.60,105.75,5.04,0.00,0.9744,19,0,1.00,None,1,0.00,0.00,0.00
2029,-9.60,105.75,5.04,0.00,0.9744,19,0,1.00,None,1,0.00,0.00,0.00
2030,-9.60,105.75,5.04,0.00,0.9744,19,0,1.00,None,1,0.00,0.00,0.00
2031,-9.60,105.75,5.04,0.00,0.9744,19,0,1.00,None,1,0.00,0.00,0.00
2032,-9.60,105.75,5.04,0.00,0.9744,19,0,1.00,None,1,0.00,0.00,0.00
2033,-9.60,105.94,5.04,4.13,0.9744,19,0,1.00,None,1,0.00,0.00,0.00
2034,-9.60,105.94,5.04,4.13,0.9744,19,0,1.00,None,1,0.00,0.00,0.00
2035,-9.60,106.31,5.04,8.30,0.9743,19,0,1.00,None,1,0.00,0.00,0.00
2036,-9.60,106.31,5.04,8.30,0.9743,19,0,1.00,None,1,0.00,0.00,0.00
2037,-9.60,106.31,5.04,8.30,0.9743,19,0,1.00,None,1,0.00,0.00,0.00
2038,-9.59,106.88,5.04,12.42,0.9743,19,0,1.00,None,1,0.00,0.00,0.00
2039,-9.59,106.88,5.04,12.42,0.9743,19,0,1.00,None,1,0.00,0.00,0.00
2040,-9.59,106.88,5.04,12.42,0.9743,19,0,1.00,None,1,0.00,0.00,0.00
2041,-9.59,106.88,5.04,12.42,0.9743,19,0,1.00,None,1,0.00,0.00,0.00
2042,-9.57,108.30,5.04,16.60,0.9743,19,0,1.00,None,1,0.00,0.00,0.00
2043,-9.57,108.30,5.04,16.60,0.9743,19,0,1.00,None,1,0.00,0.00,0.00
2044,-9.55,109.38,5.03,24.44,0.9742,19,0,1.00,None,1,0.00,0.00,0.00
2045,-9.55,109.38,5.03,24.44,0.9742,19,0,1.00,None,1,0.00,0.00,0.00
2046,-9.53,110.66,5.03,28.46,0.9742,19,0,1.00,None,1,0.00,0.00,0.00
2047,-9.53,110.66,5.03,28.46,0.9742,19,0,1.00,None,1,0.00,0.00,0.00
2048,-9.53,110.66,5.03,28.46,0.9742,19,0,1.00,None,1,0.00,0.00,0.00
2049,-9.50,112.55,5.03,32.59,0.9742,19,0,1.00,None,1,0.00,0.00,0.00
2050,-9.50,112.55,5.03,32.59,0.9742,19,0,1.00,None,1,0.00,0.00,0.00
2051,-9.47,113.91,5.03,37.90,0.9742,19,0,1.00,None,1,0.00,0.00,0.00
2052,-9.46,114.55,5.02,41.19,0.9742,19,0,1.00,None,1,0.00,0.00,0.00
2053,-9.46,114.55,5.02,41.19,0.9742,19,0,1.00,None,1,0.00,0.00,0.00
2054,-9.43,116.09,5.02,42.60,0.9741,19,0,1.00,None,1,0.00,0.00,0.00
2055,-9.43,116.09,5.02,42.60,0.9741,19,0,1.00,None,1,0.00,0.00,0.00
2056,-9.39,118.08,5.02,45.90,0.9741,19,0,1.00,None,1,0.00,0.00,0.00
2057,-9.39,118.08,5.02,45.90,0.9741,19,0,1.00,None,1,0.00,0.00,0.00
2058,-9.39,118.08,5.02,45.90,0.9741,19,0,1.00,None,1,0.00,0.00,0.00
2059,-9.39,118.08,5.02,45.90,0.9741,19,0,1.00,None,1,0.00,0.00,0.00
2060,-9.30,122.24,5.01,49.87,0.9741,19,0,1.00,None,1,0.00,0.00,0.00
2061,-9.30,122.24,5.01,49.87,0.9741,19,0,1.00,None,1,0.00,0.00,0.00
2062,-9.25,125.00,5.01,57.51,0.9740,19,0,1.00,None,1,0.00,0.00,0.00
2063,-9.23,126.02,5.01,61.90,0.9740,19,0,1.00,None,1,0.00,0.00,0.00
2064,-9.23,126.02,5.01,61.90,0.9740,19,0,1.00,None,1,0.00,0.00,0.00
2065,-9.19,127.77,5.01,63.41,0.9740,19,0,1.00,None,1,0.00,0.00,0.00
2066,-9.19,127.77,5.01,63.41,0.9740,19,0,1.00,None,1,0.00,0.00,0.00
2067,-9.19,127.77,5.01,63.41,0.9740,19,0,1.00,None,1,0.00,0.00,0.00
2068,-9.19,127.77,5.01,63.41,0.9740,19,0,1.00,None,1,0.00,0.00,0.00
2069,-9.07,133.38,5.01,65.93,0.9740,19,0,1.00,None,1,0.00,0.00,0.00
2070,-9.07,133.38,5.01,65.93,0.9740,19,0,1.00,None,1,0.00,0.00,0.00
2071,-8.99,136.93,5.01,73.72,0.9739,19,0,1.00,None,1,0.00,0.00,0.00
2072,-8.99,136.93,5.01,73.72,0.9739,19,0,1.00,None,1,0.00,0.00,0.00
2073,-8.92,140.11,5.02,78.13,0.9739,19,0,1.00,None,1,0.00,0.00,0.00
2074,-8.92,140.11,5.02,78.13,0.9739,19,0,1.00,None,1,0.00,0.00,0.00
2075,-8.92,140.11,5.02,78.13,0.9739,19,0,1.00,None,1,0.00,0.00,0.00
2076,-8.85,142.60,5.02,0.00,0.9739,19,0,1.00,None,1,0.00,0.00,0.00
2077,-8.85,142.60,5.02,0.00,0.9739,19,0,1.00,None,1,0.00,0.00,0.00
2078,-8.85,142.60,5.02,0.00,0.9739,19,0,1.00,None,1,0.00,0.00,0.00
2079,-8.85,142.60,5.02,0.00,0.9739,19,0,1.00,None,1,0.00,0.00,0.00
2080,-8.85,142.60,5.02,0.00,0.9738,19,0,1.00,None,1,0.00,0.00,0.00
2081,-8.85,142.60,5.02,0.00,0.9738,19,0,1.00,None,1,0.00,0.00,0.00
2082,-8.85,142.60,5.02,0.00,0.9738,19,0,1.00,None,1,0.00,0.00,0.00
2083,-8.85,142.60,5.02,0.00,0.9738,19,0,1.00,None,1,0.00,0.00,0.00
2084,-8.85,142.60,5.02,0.00,0.9738,19,0,1.00,None,1,0.00,0.00,0.00
2085,-8.85,142.60,5.02,0.00,0.9738,19,0,1.00,None,1,0.00,0.00,0.00
2086,-8.85,142.60,5.02,0.00,0.9738,19,0,1.00,None,1,0.00,0.00,0.00
2087,-8.85,142.60,5.02,0.00,0.9738,19,0,1.00,None,1,0.00,0.00,0.00
2088,-8.85,142.60,5.02,0.00,0.9738,19,0,1.00,None,1,0.00,0.00,0.00
2089,-8.85,142.60,5.02,0.00,0.9737,19,0,1.00,None,1,0.00,0.00,0.00
2090,-8.85,142.60,5.02,0.00,0.9737,19,0,1.00,None,1,0.00,0.00,0.00
2091,-8.85,142.60,5.02,0.00,0.9737,19,0,1.00,None,1,0.00,0.00,0.00
2092,-8.85,142.60,5.02,0.00,0.9737,19,0,1.00,None,1,0.00,0.00,0.00
2093,-8.85,142.60,5.02,0.00,0.9737,19,0,1.00,None,1,0.00,0.00,0.00
2094,-8.85,142.60,5.02,0.00,0.9737,19,0,1.00,None,1,0.00,0.00,0.00
2095,-8.85,142.60,5.02,0.00,0.9737,19,0,1.00,None,1,0.00,0.00,0.00
2096,-8.85,142.60,5.02,0.00,0.9737,19,0,1.00,None,1,0.00,0.00,0.00
2097,-8.85,142.60,5.02,0.00,0.9737,19,0,1.00,None,1,0.00,0.00,0.00
2098,-8.85,142.60,5.02,0.00,0.9736,19,0,1.00,None,1,0.00,0.00,0.00
2099,-8.85,142.60,5.02,0.00,0.9736,19,0,1.00,None,1,0.00,0.00,0.00
2100,-8.85,142.60,5.02,0.00,0.9736,19,0,1.00,None,1,0.00,0.00,0.00
2101,-8.85,142.60,5.02,0.00,0.9736,19,0,1.00,None,1,0.00,0.00,0.00
2102,-8.85,142.60,5.02,0.00,0.9736,19,0,1.00,None,1,0.00,0.00,0.00
2103,-8.85,142.60,5.02,0.00,0.9736,19,0,1.00,None,1,0.00,0.00,0.00
2104,-8.85,142.60,5.02,0.00,0.9736,19,0,1.00,None,1,0.00,0.00,0.00
2105,-8.85,142.60,5.02,0.00,0.9736,19,0,1.00,None,1,0.00,0.00,0.00
2106,-8.85,142.60,5.02,0.00,0.9735,19,0,1.00,None,1,0.00,0.00,0.00
2107,-8.85,142.60,5.02,0.00,0.9735,19,0,1.00,None,1,0.00,0.00,0.00
2108,-8.85,142.60,5.02,0.00,0.9735,19,0,1.00,None,1,0.00,0.00,0.00
2109,-8.85,142.60,5.02,0.00,0.9735,19,0,1.00,None,1,0.00,0.00,0.00
2110,-8.85,142.60,5.02,0.00,0.9735,19,0,1.00,None,1,0.00,0.00,0.00
2111,-8.85,142.60,5.02,0.00,0.9735,19,0,1.00,None,1,0.00,0.00,0.00
2112,-8.85,142.60,5.02,0.00,0.9735,19,0,1.00,None,1,0.00,0.00,0.00
2113,-8.85,142.60,5.02,0.00,0.9735,19,0,1.00,None,1,0.00,0.00,0.00
2114,-8.85,142.60,5.02,0.00,0.9735,19,0,1.00,None,1,0.00,0.00,0.00
2115,-8.85,142.60,5.02,0.00,0.9734,19,0,1.00,None,1,0.00,0.00,0.00
2116,-8.85,142.60,5.02,0.00,0.9734,19,0,1.00,None,1,0.00,0.00,0.00
2117,-8.85,142.60,5.02,0.00,0.9734,19,0,1.00,None,1,0.00,0.00,0.00
2118,-8.85,142.60,5.02,0.00,0.9734,19,0,1.00,None,1,0.00,0.00,0.00
2119,-8.85,142.60,5.02,0.00,0.9734,19,0,1.00,None,1,0.00,0.00,0.00
2120,-8.85,142.60,5.02,0.00,0.9734,19,0,1.00,None,1,0.00,0.00,0.00
2121,-8.85,142.60,5.02,0.00,0.9734,19,0,1.00,None,1,0.00,0.00,0.00
2122,-8.85,142.60,5.02,0.00,0.9734,19,0,1.00,None,1,0.00,0.00,0.00
2123,-8.85,142.60,5.02,0.00,0.9734,19,0,1.00,None,1,0.00,0.00,0.00
2124,-8.85,142.60,5.02,0.00,0.9734,19,0,1.00,None,1,0.00,0.00,0.00
2125,-8.85,142.60,5.02,0.00,0.9734,19,0,1.00,None,1,0.00,0.00,0.00
2126,-8.85,142.60,5.02,0.00,0.9733,19,0,1.00,None,1,0.00,0.00,0.00
2127,-8.85,142.60,5.02,0.00,0.9733,19,0,1.00,None,1,0.00,0.00,0.00
2128,-8.85,142.60,5.02,0.00,0.9733,19,0,1.00,None,1,0.00,0.00,0.00
2129,-8.85,142.60,5.02,0.00,0.9733,19,0,1.00,None,1,0.00,0.00,0.00
2130,-8.85,142.60,5.02,0.00,0.9733,19,0,1.00,None,1,0.00,0.00,0.00
2131,-8.85,142.60,5.02,0.00,0.9733,19,0,1.00,None,1,0.00,0.00,0.00
2132,-8.85,142.60,5.02,0.00,0.9733,19,0,1.00,None,1,0.00,0.00,0.00
2133,-8.85,142.60,5.02,0.00,0.9733,19,0,1.00,None,1,0.00,0.00,0.00
2134,-8.85,142.60,5.02,0.00,0.9732,19,0,1.00,None,1,0.00,0.00,0.00
2135,-8.85,142.60,5.02,0.00,0.9732,19,0,1.00,None,1,0.00,0.00,0.00
2136,-8.85,142.60,5.02,0.00,0.9732,19,0,1.00,None,1,0.00,0.00,0.00
2137,-8.85,142.43,5.02,3.96,0.9732,19,0,1.00,None,1,0.00,0.00,0.00
2138,-8.85,142.43,5.02,3.96,0.9732,19,0,1.00,None,1,0.00,0.00,0.00
2139,-8.85,142.43,5.02,3.96,0.9732,19,0,1.00,None,1,0.00,0.00,0.00
2140,-8.85,142.43,5.02,3.96,0.9732,19,0,1.00,None,1,0.00,0.00,0.00
2141,-8.83,141.78,5.02,7.92,0.9732,19,0,1.00,None,1,0.00,0.00,0.00
2142,-8.83,141.78,5.02,7.92,0.9732,19,0,1.00,None,1,0.00,0.00,0.00
2143,-8.82,141.16,5.02,15.36,0.9731,19,0,1.00,None,1,0.00,0.00,0.00
2144,-8.81,140.87,5.02,19.11,0.9731,19,0,1.00,None,1,0.00,0.00,0.00
2145,-8.80,140.11,5.02,20.47,0.9731,19,0,1.00,None,1,0.00,0.00,0.00
2146,-8.80,140.11,5.02,20.47,0.9731,19,0,1.00,None,1,0.00,0.00,0.00
2147,-8.80,140.11,5.02,20.47,0.9731,19,0,1.00,None,1,0.00,0.00,0.00
2148,-8.80,140.11,5.02,20.47,0.9731,19,0,1.00,None,1,0.00,0.00,0.00
2149,-8.80,140.11,5.02,20.47,0.9731,19,0,1.00,None,1,0.00,0.00,0.00
2150,-8.76,138.14,5.01,23.86,0.9731,19,0,1.00,None,1,0.00,0.00,0.00
2151,-8.76,138.14,5.01,23.86,0.9731,19,0,1.00,None,1,0.00,0.00,0.00
2152,-8.73,136.66,5.01,31.44,0.9730,19,0,1.00,None,1,0.00,0.00,0.00
2153,-8.72,136.12,5.01,35.74,0.9730,19,0,1.00,None,1,0.00,0.00,0.00
2154,-8.70,135.01,5.01,37.12,0.9730,19,0,1.00,None,1,0.00,0.00,0.00
2155,-8.70,135.01,5.01,37.12,0.9730,19,0,1.00,None,1,0.00,0.00,0.00
2156,-8.70,135.01,5.01,37.12,0.9730,19,0,1.00,None,1,0.00,0.00,0.00
2157,-8.70,135.01,5.01,37.12,0.9730,19,0,1.00,None,1,0.00,0.00,0.00
2158,-8.63,131.55,5.01,39.86,0.9730,19,0,1.00,None,1,0.00,0.00,0.00
2159,-8.63,131.55,5.01,39.86,0.9730,19,0,1.00,None,1,0.00,0.00,0.00
2160,-8.63,131.55,5.01,39.86,0.9730,19,0,1.00,None,1,0.00,0.00,0.00
2161,-8.58,129.22,5.01,47.80,0.9729,19,0,1.00,None,1,0.00,0.00,0.00
2162,-8.58,129.22,5.01,47.80,0.9729,19,0,1.00,None,1,0.00,0.00,0.00
2163,-8.53,127.08,5.01,52.25,0.9729,19,0,1.00,None,1,0.00,0.00,0.00
2164,-8.53,127.08,5.01,52.25,0.9729,19,0,1.00,None,1,0.00,0.00,0.00
2165,-8.48,124.45,5.02,56.00,0.9729,19,0,1.00,None,1,0.00,0.00,0.00
2166,-8.48,124.45,5.02,56.00,0.9729,19,0,1.00,None,1,0.00,0.00,0.00
2167,-8.43,121.79,5.02,60.30,0.9729,19,0,1.00,None,1,0.00,0.00,0.00
2168,-8.41,120.74,5.02,64.34,0.9729,19,0,1.00,None,1,0.00,0.00,0.00
2169,-8.41,120.74,5.02,64.34,0.9729,19,0,1.00,None,1,0.00,0.00,0.00
2170,-8.36,118.33,5.02,65.82,0.9728,19,0,1.00,None,1,0.00,0.00,0.00
2171,-8.36,118.33,5.02,65.82,0.9728,19,0,1.00,None,1,0.00,0.00,0.00
2172,-8.36,118.33,5.02,65.82,0.9728,19,0,1.00,None,1,0.00,0.00,0.00
2173,-8.36,118.33,5.02,65.82,0.9728,19,0,1.00,None,1,0.00,0.00,0.00
2174,-8.24,112.61,5.03,69.18,0.9728,19,0,1.00,None,1,0.00,0.00,0.00
2175,-8.24,112.61,5.03,69.18,0.9728,19,0,1.00,None,1,0.00,0.00,0.00
2176,-8.24,112.61,5.03,69.18,0.9728,19,0,1.00,None,1,0.00,0.00,0.00
2177,-8.15,108.42,5.04,76.75,0.9728,19,0,1.00,None,1,0.00,0.00,0.00
2178,-8.15,108.42,5.04,76.75,0.9728,19,0,1.00,None,1,0.00,0.00,0.00
2179,-8.10,105.75,5.04,0.00,0.9727,19,0,1.00,None,1,0.00,0.00,0.00
2180,-8.10,105.75,5.04,0.00,0.9727,19,0,1.00,None,1,0.00,0.00,0.00
2181,-8.10,105.75,5.04,0.00,0.9727,19,0,1.00,None,1,0.00,0.00,0.00
2182,-8.10,105.75,5.04,0.00,0.9727,19,0,1.00,None,1,0.00,0.00,0.00
2183,-8.10,105.75,5.04,0.00,0.9727,19,0,1.00,None,1,0.00,0.00,0.00
2184,-8.10,105.75,5.04,0.00,0.9727,19,0,1.00,None,1,0.00,0.00,0.00
2185,-8.10,105.75,5.04,0.00,0.9727,19,0,1.00,None,1,0.00,0.00,0.00
2186,-8.10,105.75,5.04,0.00,0.9727,19,0,1.00,None,1,0.00,0.00,0.00
2187,-8.10,105.75,5.04,0.00,0.9727,19,0,1.00,None,1,0.00,0.00,0.00
2188,-8.10,105.75,5.04,0.00,0.9726,19,0,1.00,None,1,0.00,0.00,0.00
2189,-8.10,105.75,5.04,0.00,0.9726,19,0,1.00,None,1,0.00,0.00,0.00
2190,-8.10,105.75,5.04,0.00,0.9726,19,0,1.00,None,1,0.00,0.00,0.00
2191,-8.10,105.75,5.04,0.00,0.9726,19,0,1.00,None,1,0.00,0.00,0.00
2192,-8.10,105.75,5.04,0.00,0.9726,19,0,1.00,None,1,0.00,0.00,0.00
2193,-8.10,105.75,5.04,0.00,0.9726,19,0,1.00,None,1,0.00,0.00,0.00
2194,-8.10,105.75,5.04,0.00,0.9726,19,0,1.00,None,1,0.00,0.00,0.00
2195,-8.10,105.75,5.04,0.00,0.9726,19,0,1.00,None,1,0.00,0.00,0.00
2196,-8.10,105.75,5.04,0.00,0.9726,19,0,1.00,None,1,0.00,0.00,0.00
2197,-8.10,105.75,5.04,0.00,0.9725,19,0,1.00,None,1,0.00,0.00,0.00
2198,-8.10,105.75,5.04,0.00,0.9725,19,0,1.00,None,1,0.00,0.00,0.00
2199,-8.10,105.75,5.04,0.00,0.9725,19,0,1.00,None,1,0.00,0.00,0.00
2200,-8.10,105.75,5.04,0.00,0.9725,19,0,1.00,None,1,0.00,0.00,0.00
2201,-8.10,105.75,5.04,0.00,0.9725,19,0,1.00,None,1,0.00,0.00,0.00
2202,-8.10,105.75,5.04,0.00,0.9725,19,0,1.00,None,1,0.00,0.00,0.00
2203,-8.10,105.75,5.04,0.00,0.9725,19,0,1.00,None,1,0.00,0.00,0.00
2204,-8.10,105.75,5.04,0.00,0.9725,19,0,1.00,None,1,0.00,0.00,0.00
2205,-8.10,105.75,5.04,0.00,0.9725,19,0,1.00,None,1,0.00,0.00,0.00
2206,-8.10,105.75,5.04,0.00,0.9724,19,0,1.00,None,1,0.00,0.00,0.00
2207,-8.10,105.75,5.04,0.00,0.9724,19,0,1.00,None,1,0.00,0.00,0.00
2208,-8.10,105.75,5.04,0.00,0.9724,19,0,1.00,None,1,0.00,0.00,0.00
2209,-8.10,105.75,5.04,0.00,0.9724,19,0,1.00,None,1,0.00,0.00,0.00
2210,-8.10,105.75,5.04,0.00,0.9724,19,0,1.00,None,1,0.00,0.00,0.00
2211,-8.10,105.75,5.04,0.00,0.9724,19,0,1.00,None,1,0.00,0.00,0.00
2212,-8.10,105.75,5.04,0.00,0.9724,19,0,1.00,None,1,0.00,0.00,0.00
2213,-8.10,105.75,5.04,0.00,0.9724,19,0,1.00,None,1,0.00,0.00,0.00
2214,-8.10,105.75,5.04,0.00,0.9724,19,0,1.00,None,1,0.00,0.00,0.00
2215,-8.10,105.75,5.04,0.00,0.9723,19,0,1.00,None,1,0.00,0.00,0.00
2216,-8.10,105.75,5.04,0.00,0.9723,19,0,1.00,None,1,0.00,0.00,0.00
2217,-8.10,105.75,5.04,0.00,0.9723,19,0,1.00,None,1,0.00,0.00,0.00
2218,-8.10,105.75,5.04,0.00,0.9723,19,0,1.00,None,1,0.00,0.00,0.00
2219,-8.10,105.75,5.04,0.00,0.9723,19,0,1.00,None,1,0.00,0.00,0.00
2220,-8.10,105.75,5.04,0.00,0.9723,19,0,1.00,None,1,0.00,0.00,0.00
2221,-8.10,105.75,5.04,0.00,0.9723,19,0,1.00,None,1,0.00,0.00,0.00
2222,-8.10,105.75,5.04,0.00,0.9723,19,0,1.00,None,1,0.00,0.00,0.00
2223,-8.10,105.75,5.04,0.00,0.9723,19,0,1.00,None,1,0.00,0.00,0.00
2224,-8.10,105.75,5.04,0.00,0.9722,19,0,1.00,None,1,0.00,0.00,0.00
2225,-8.10,105.75,5.04,0.00,0.9722,19,0,1.00,None,1,0.00,0.00,0.00
2226,-8.10,105.75,5.04,0.00,0.9722,19,0,1.00,None,1,0.00,0.00,0.00
2227,-8.10,105.75,5.04,0.00,0.9722,19,0,1.00,None,1,0.00,0.00,0.00
2228,-8.10,105.75,5.04,0.00,0.9722,19,0,1.00,None,1,0.00,0.00,0.00
2229,-8.10,105.75,5.04,0.00,0.9722,19,0,1.00,None,1,0.00,0.00,0.00
2230,-8.10,105.75,5.04,0.00,0.9722,19,0,1.00,None,1,0.00,0.00,0.00
2231,-8.10,105.75,5.04,0.00,0.9722,19,0,1.00,None,1,0.00,0.00,0.00
2232,-8.10,105.75,5.04,0.00,0.9722,19,0,1.00,None,1,0.00,0.00,0.00
2233,-8.10,105.75,5.04,0.00,0.9722,19,0,1.00,None,1,0.00,0.00,0.00
2234,-8.10,105.75,5.04,0.00,0.9721,19,0,1.00,None,1,0.00,0.00,0.00
2235,-8.10,105.75,5.04,0.00,0.9721,19,0,1.00,None,1,0.00,0.00,0.00
2236,-8.10,105.75,5.04,0.00,0.9721,19,0,1.00,None,1,0.00,0.00,0.00
2237,-8.10,105.75,5.04,0.00,0.9721,19,0,1.00,None,1,0.00,0.00,0.00
2238,-8.10,105.75,5.04,0.00,0.9721,19,0,1.00,None,1,0.00,0.00,0.00
2239,-8.10,105.75,5.04,0.00,0.9721,19,0,1.00,None,1,0.00,0.00,0.00
2240,-8.10,105.75,5.04,0.00,0.9721,19,0,1.00,None,1,0.00,0.00,0.00
2241,-8.10,105.75,5.04,0.00,0.9721,19,0,1.00,None,1,0.00,0.00,0.00
2242,-8.10,105.75,5.04,0.00,0.9721,19,0,1.00,None,1,0.00,0.00,0.00
2243,-8.10,105.93,5.04,4.18,0.9720,19,0,1.00,None,1,0.00,0.00,0.00
2244,-8.10,105.93,5.04,4.18,0.9720,19,0,1.00,None,1,0.00,0.00,0.00
2245,-8.09,106.30,5.04,8.15,0.9720,19,0,1.00,None,1,0.00,0.00,0.00
2246,-8.09,106.30,5.04,8.15,0.9720,19,0,1.00,None,1,0.00,0.00,0.00
2247,-8.08,106.86,5.04,12.32,0.9720,19,0,1.00,None,1,0.00,0.00,0.00
2248,-8.08,106.86,5.04,12.32,0.9720,19,0,1.00,None,1,0.00,0.00,0.00
2249,-8.06,107.61,5.04,16.47,0.9720,19,0,1.00,None,1,0.00,0.00,0.00
2250,-8.06,107.61,5.04,16.47,0.9720,19,0,1.00,None,1,0.00,0.00,0.00
2251,-8.06,107.61,5.04,16.47,0.9720,19,0,1.00,None,1,0.00,0.00,0.00
2252,-8.06,107.61,5.04,16.47,0.9720,19,0,1.00,None,1,0.00,0.00,0.00
2253,-8.06,107.61,5.04,16.47,0.9720,19,0,1.00,None,1,0.00,0.00,0.00
2254,-8.02,109.48,5.04,20.63,0.9719,19,0,1.00,None,1,0.00,0.00,0.00
2255,-8.02,109.48,5.04,20.63,0.9719,19,0,1.00,None,1,0.00,0.00,0.00
2256,-8.00,110.87,5.03,28.91,0.9719,19,0,1.00,None,1,0.00,0.00,0.00
2257,-7.99,111.36,5.03,33.32,0.9719,19,0,1.00,None,1,0.00,0.00,0.00
2258,-7.99,111.36,5.03,33.32,0.9719,19,0,1.00,None,1,0.00,0.00,0.00
2259,-7.99,111.36,5.03,33.32,0.9719,19,0,1.00,None,1,0.00,0.00,0.00
2260,-7.99,111.36,5.03,33.32,0.9719,19,0,1.00,None,1,0.00,0.00,0.00
2261,-7.94,113.80,5.03,34.67,0.9718,19,0,1.00,None,1,0.00,0.00,0.00
2262,-7.94,113.80,5.03,34.67,0.9718,19,0,1.00,None,1,0.00,0.00,0.00
2263,-7.90,115.67,5.02,41.09,0.9718,19,0,1.00,None,1,0.00,0.00,0.00
2264,-7.90,115.67,5.02,41.09,0.9718,19,0,1.00,None,1,0.00,0.00,0.00
2265,-7.86,117.49,5.02,45.27,0.9718,19,0,1.00,None,1,0.00,0.00,0.00
2266,-7.86,117.49,5.02,45.27,0.9718,19,0,1.00,None,1,0.00,0.00,0.00
2267,-7.82,119.67,5.02,48.95,0.9718,19,0,1.00,None,1,0.00,0.00,0.00
2268,-7.82,119.67,5.02,48.95,0.9718,19,0,1.00,None,1,0.00,0.00,0.00
2269,-7.77,121.91,5.02,53.02,0.9717,19,0,1.00,None,1,0.00,0.00,0.00
2270,-7.75,122.80,5.02,56.88,0.9717,19,0,1.00,None,1,0.00,0.00,0.00
2271,-7.75,122.80,5.02,56.88,0.9717,19,0,1.00,None,1,0.00,0.00,0.00
2272,-7.71,124.86,5.02,58.32,0.9717,19,0,1.00,None,1,0.00,0.00,0.00
2273,-7.71,124.86,5.02,58.32,0.9717,19,0,1.00,None,1,0.00,0.00,0.00
2274,-7.71,124.86,5.02,58.32,0.9717,19,0,1.00,None,1,0.00,0.00,0.00
2275,-7.71,124.86,5.02,58.32,0.9717,19,0,1.00,None,1,0.00,0.00,0.00
2276,-7.61,129.94,5.02,61.55,0.9717,19,0,1.00,None,1,0.00,0.00,0.00
2277,-7.61,129.94,5.02,61.55,0.9717,19,0,1.00,None,1,0.00,0.00,0.00
2278,-7.61,129.94,5.02,61.55,0.9717,19,0,1.00,None,1,0.00,0.00,0.00
2279,-7.53,133.88,5.02,69.10,0.9716,19,0,1.00,None,1,0.00,0.00,0.00
2280,-7.53,133.88,5.02,69.10,0.9716,19,0,1.00,None,1,0.00,0.00,0.00
2281,-7.45,137.77,5.02,77.62,0.9716,19,0,1.00,None,1,0.00,0.00,0.00
2282,-7.45,137.77,5.02,77.62,0.9716,19,0,1.00,None,1,0.00,0.00,0.00
2283,-7.39,140.77,5.02,79.04,0.9716,19,0,1.00,None,1,0.00,0.00,0.00
2284,-7.39,140.77,5.02,79.04,0.9716,19,0,1.00,None,1,0.00,0.00,0.00
2285,-7.39,140.77,5.02,79.04,0.9716,19,0,1.00,None,1,0.00,0.00,0.00
2286,-7.39,140.77,5.02,79.04,0.9716,19,0,1.00,None,1,0.00,0.00,0.00
2287,-7.35,142.60,5.03,0.00,0.9715,19,0,1.00,None,1,0.00,0.00,0.00
2288,-7.35,142.60,5.03,0.00,0.9715,19,0,1.00,None,1,0.00,0.00,0.00
2289,-7.35,142.60,5.03,0.00,0.9715,19,0,1.00,None,1,0.00,0.00,0.00
2290,-7.35,142.60,5.03,0.00,0.9715,19,0,1.00,None,1,0.00,0.00,0.00
2291,-7.35,142.60,5.03,0.00,0.9715,19,0,1.00,None,1,0.00,0.00,0.00
2292,-7.35,142.60,5.03,0.00,0.9715,19,0,1.00,None,1,0.00,0.00,0.00
2293,-7.35,142.60,5.03,0.00,0.9715,19,0,1.00,None,1,0.00,0.00,0.00
2294,-7.35,142.60,5.03,0.00,0.9715,19,0,1.00,None,1,0.00,0.00,0.00
2295,-7.35,142.60,5.03,0.00,0.9715,19,0,1.00,None,1,0.00,0.00,0.00
2296,-7.35,142.60,5.03,0.00,0.9715,19,0,1.00,None,1,0.00,0.00,0.00
2297,-7.35,142.60,5.03,0.00,0.9715,19,0,1.00,None,1,0.00,0.00,0.00
2298,-7.35,142.60,5.03,0.00,0.9714,19,0,1.00,None,1,0.00,0.00,0.00
2299,-7.35,142.60,5.03,0.00,0.9714,19,0,1.00,None,1,0.00,0.00,0.00
2300,-7.35,142.60,5.03,0.00,0.9714,19,0,1.00,None,1,0.00,0.00,0.00
2301,-7.35,142.60,5.03,0.00,0.9714,19,0,1.00,None,1,0.00,0.00,0.00
2302,-7.35,142.60,5.03,0.00,0.9714,19,0,1.00,None,1,0.00,0.00,0.00
2303,-7.35,142.60,5.03,0.00,0.9714,19,0,1.00,None,1,0.00,0.00,0.00
2304,-7.35,142.60,5.03,0.00,0.9714,19,0,1.00,None,1,0.00,0.00,0.00
2305,-7.35,142.60,5.03,0.00,0.9713,19,0,1.00,None,1,0.00,0.00,0.00
2306,-7.35,142.60,5.03,0.00,0.9713,19,0,1.00,None,1,0.00,0.00,0.00
2307,-7.35,142.60,5.03,0.00,0.9713,19,0,1.00,None,1,0.00,0.00,0.00
2308,-7.35,142.60,5.03,0.00,0.9713,19,0,1.00,None,1,0.00,0.00,0.00
2309,-7.35,142.60,5.03,0.00,0.9713,19,0,1.00,None,1,0.00,0.00,0.00
2310,-7.35,142.60,5.03,0.00,0.9713,19,0,1.00,None,1,0.00,0.00,0.00
2311,-7.35,142.60,5.03,0.00,0.9713,19,0,1.00,None,1,0.00,0.00,0.00
2312,-7.35,142.60,5.03,0.00,0.9713,19,0,1.00,None,1,0.00,0.00,0.00
2313,-7.35,142.60,5.03,0.00,0.9713,19,0,1.00,None,1,0.00,0.00,0.00
2314,-7.35,142.60,5.03,0.00,0.9712,19,0,1.00,None,1,0.00,0.00,0.00
2315,-7.35,142.60,5.03,0.00,0.9712,19,0,1.00,None,1,0.00,0.00,0.00
2316,-7.35,142.60,5.03,0.00,0.9712,19,0,1.00,None,1,0.00,0.00,0.00
2317,-7.35,142.60,5.03,0.00,0.9712,19,0,1.00,None,1,0.00,0.00,0.00
2318,-7.35,142.60,5.03,0.00,0.9712,19,0,1.00,None,1,0.00,0.00,0.00
2319,-7.35,142.60,5.03,0.00,0.9712,19,0,1.00,None,1,0.00,0.00,0.00
2320,-7.35,142.60,5.03,0.00,0.9712,19,0,1.00,None,1,0.00,0.00,0.00
2321,-7.35,142.60,5.03,0.00,0.9712,19,0,1.00,None,1,0.00,0.00,0.00
2322,-7.35,142.60,5.03,0.00,0.9711,19,0,1.00,None,1,0.00,0.00,0.00
2323,-7.35,142.60,5.03,0.00,0.9711,19,0,1.00,None,1,0.00,0.00,0.00
2324,-7.35,142.60,5.03,0.00,0.9711,19,0,1.00,None,1,0.00,0.00,0.00
2325,-7.35,142.60,5.03,0.00,0.9711,19,0,1.00,None,1,0.00,0.00,0.00
2326,-7.35,142.60,5.03,0.00,0.9711,19,0,1.00,None,1,0.00,0.00,0.00
2327,-7.35,142.60,5.03,0.00,0.9711,19,0,1.00,None,1,0.00,0.00,0.00
2328,-7.35,142.60,5.03,0.00,0.9711,19,0,1.00,None,1,0.00,0.00,0.00
2329,-7.35,142.60,5.03,0.00,0.9711,19,0,1.00,None,1,0.00,0.00,0.00
2330,-7.35,142.60,5.03,0.00,0.9711,19,0,1.00,None,1,0.00,0.00,0.00
2331,-7.35,142.60,5.03,0.00,0.9711,19,0,1.00,None,1,0.00,0.00,0.00
2332,-7.35,142.60,5.03,0.00,0.9711,19,0,1.00,None,1,0.00,0.00,0.00
2333,-7.35,142.60,5.03,0.00,0.9710,19,0,1.00,None,1,0.00,0.00,0.00
2334,-7.35,142.60,5.03,0.00,0.9710,19,0,1.00,None,1,0.00,0.00,0.00
2335,-7.35,142.60,5.03,0.00,0.9710,19,0,1.00,None,1,0.00,0.00,0.00
2336,-7.35,142.60,5.03,0.00,0.9710,19,0,1.00,None,1,0.00,0.00,0.00
2337,-7.35,142.60,5.03,0.00,0.9710,19,0,1.00,None,1,0.00,0.00,0.00
2338,-7.35,142.60,5.03,0.00,0.9710,19,0,1.00,None,1,0.00,0.00,0.00
2339,-7.35,142.60,5.03,0.00,0.9710,19,0,1.00,None,1,0.00,0.00,0.00
2340,-7.35,142.60,5.03,0.00,0.9710,19,0,1.00,None,1,0.00,0.00,0.00
2341,-7.35,142.60,5.03,0.00,0.9709,19,0,1.00,None,1,0.00,0.00,0.00
2342,-7.35,142.60,5.03,0.00,0.9709,19,0,1.00,None,1,0.00,0.00,0.00
2343,-7.35,142.60,5.03,0.00,0.9709,19,0,1.00,None,1,0.00,0.00,0.00
2344,-7.35,142.60,5.03,0.00,0.9709,19,0,1.00,None,1,0.00,0.00,0.00
2345,-7.35,142.60,5.03,0.00,0.9709,19,0,1.00,None,1,0.00,0.00,0.00
2346,-7.35,142.44,5.03,3.83,0.9709,19,0,1.00,None,1,0.00,0.00,0.00
2347,-7.35,142.44,5.03,3.83,0.9709,19,0,1.00,None,1,0.00,0.00,0.00
2348,-7.34,142.11,5.03,7.77,0.9709,19,0,1.00,None,1,0.00,0.00,0.00
2349,-7.34,142.11,5.03,7.77,0.9709,19,0,1.00,None,1,0.00,0.00,0.00
2350,-7.34,142.11,5.03,7.77,0.9709,19,0,1.00,None,1,0.00,0.00,0.00
2351,-7.32,141.21,5.02,11.65,0.9708,19,0,1.00,None,1,0.00,0.00,0.00
2352,-7.32,141.21,5.02,11.65,0.9708,19,0,1.00,None,1,0.00,0.00,0.00
2353,-7.32,141.21,5.02,11.65,0.9708,19,0,1.00,None,1,0.00,0.00,0.00
2354,-7.30,140.25,5.02,18.67,0.9708,19,0,1.00,None,1,0.00,0.00,0.00
2355,-7.30,140.25,5.02,18.67,0.9708,19,0,1.00,None,1,0.00,0.00,0.00
2356,-7.29,139.42,5.02,23.40,0.9708,19,0,1.00,None,1,0.00,0.00,0.00
2357,-7.28,139.00,5.02,26.65,0.9708,19,0,1.00,None,1,0.00,0.00,0.00
2358,-7.26,138.02,5.02,28.09,0.9707,19,0,1.00,None,1,0.00,0.00,0.00
2359,-7.26,138.02,5.02,28.09,0.9707,19,0,1.00,None,1,0.00,0.00,0.00
2360,-7.26,138.02,5.02,28.09,0.9707,19,0,1.00,None,1,0.00,0.00,0.00
2361,-7.26,138.02,5.02,28.09,0.9707,19,0,1.00,None,1,0.00,0.00,0.00
2362,-7.21,135.50,5.02,31.26,0.9707,19,0,1.00,None,1,0.00,0.00,0.00
2363,-7.21,135.50,5.02,31.26,0.9707,19,0,1.00,None,1,0.00,0.00,0.00
2364,-7.21,135.50,5.02,31.26,0.9707,19,0,1.00,None,1,0.00,0.00,0.00
2365,-7.16,133.32,5.02,38.65,0.9707,19,0,1.00,None,1,0.00,0.00,0.00
2366,-7.16,133.32,5.02,38.65,0.9707,19,0,1.00,None,1,0.00,0.00,0.00
2367,-7.13,131.69,5.02,43.80,0.9706,19,0,1.00,None,1,0.00,0.00,0.00
2368,-7.11,130.88,5.02,47.22,0.9706,19,0,1.00,None,1,0.00,0.00,0.00
2369,-7.11,130.88,5.02,47.22,0.9706,19,0,1.00,None,1,0.00,0.00,0.00
2370,-7.08,129.12,5.02,48.77,0.9706,19,0,1.00,None,1,0.00,0.00,0.00
2371,-7.08,129.12,5.02,48.77,0.9706,19,0,1.00,None,1,0.00,0.00,0.00
2372,-7.08,129.12,5.02,48.77,0.9706,19,0,1.00,None,1,0.00,0.00,0.00
2373,-7.08,129.12,5.02,48.77,0.9706,19,0,1.00,None,1,0.00,0.00,0.00
2374,-6.99,124.81,5.02,52.09,0.9706,19,0,1.00,None,1,0.00,0.00,0.00
2375,-6.99,124.81,5.02,52.09,0.9706,19,0,1.00,None,1,0.00,0.00,0.00
2376,-6.99,124.81,5.02,52.09,0.9706,19,0,1.00,None,1,0.00,0.00,0.00
2377,-6.92,121.40,5.02,59.66,0.9705,19,0,1.00,None,1,0.00,0.00,0.00
2378,-6.92,121.40,5.02,59.66,0.9705,19,0,1.00,None,1,0.00,0.00,0.00
2379,-6.85,118.00,5.02,68.19,0.9705,19,0,1.00,None,1,0.00,0.00,0.00
2380,-6.85,118.00,5.02,68.19,0.9705,19,0,1.00,None,1,0.00,0.00,0.00
2381,-6.79,115.31,5.03,69.61,0.9705,19,0,1.00,None,1,0.00,0.00,0.00
2382,-6.79,115.31,5.03,69.61,0.9705,19,0,1.00,None,1,0.00,0.00,0.00
2383,-6.79,115.31,5.03,69.61,0.9705,19,0,1.00,None,1,0.00,0.00,0.00
2384,-6.79,115.31,5.03,69.61,0.9705,19,0,1.00,None,1,0.00,0.00,0.00
2385,-6.68,109.50,5.04,73.15,0.9704,19,0,1.00,None,1,0.00,0.00,0.00
2386,-6.68,109.50,5.04,73.15,0.9704,19,0,1.00,None,1,0.00,0.00,0.00
2387,-6.68,109.50,5.04,73.15,0.9704,19,0,1.00,None,1,0.00,0.00,0.00
2388,-6.60,105.75,5.04,0.00,0.9704,19,0,1.00,None,1,0.00,0.00,0.00
2389,-6.60,105.75,5.04,0.00,0.9704,19,0,1.00,None,1,0.00,0.00,0.00
2390,-6.60,105.75,5.04,0.00,0.9704,19,0,1.00,None,1,0.00,0.00,0.00
2391,-6.60,105.75,5.04,0.00,0.9704,19,0,1.00,None,1,0.00,0.00,0.00
2392,-6.60,105.75,5.04,0.00,0.9704,19,0,1.00,None,1,0.00,0.00,0.00
2393,-6.60,105.75,5.04,0.00,0.9704,19,0,1.00,None,1,0.00,0.00,0.00
2394,-6.60,105.75,5.04,0.00,0.9704,19,0,1.00,None,1,0.00,0.00,0.00
2395,-6.60,105.75,5.04,0.00,0.9704,19,0,1.00,None,1,0.00,0.00,0.00
2396,-6.60,105.75,5.04,0.00,0.9704,19,0,1.00,None,1,0.00,0.00,0.00
2397,-6.60,105.75,5.04,0.00,0.9703,19,0,1.00,None,1,0.00,0.00,0.00
2398,-6.60,105.75,5.04,0.00,0.9703,19,0,1.00,None,1,0.00,0.00,0.00
2399,-6.60,105.75,5.04,0.00,0.9703,19,0,1.00,None,1,0.00,0.00,0.00
2400,-6.60,105.75,5.04,0.00,0.9703,19,0,1.00,None,1,0.00,0.00,0.00
2401,-6.60,105.75,5.04,0.00,0.9703,19,0,1.00,None,1,0.00,0.00,0.00
2402,-6.60,105.75,5.04,0.00,0.9703,19,0,1.00,None,1,0.00,0.00,0.00
2403,-6.60,105.75,5.04,0.00,0.9703,19,0,1.00,None,1,0.00,0.00,0.00
2404,-6.60,105.75,5.04,0.00,0.9702,19,0,1.00,None,1,0.00,0.00,0.00
2405,-6.60,105.75,5.04,0.00,0.9702,19,0,1.00,None,1,0.00,0.00,0.00
2406,-6.60,105.75,5.04,0.00,0.9702,19,0,1.00,None,1,0.00,0.00,0.00
2407,-6.60,105.75,5.04,0.00,0.9702,19,0,1.00,None,1,0.00,0.00,0.00
2408,-6.60,105.75,5.04,0.00,0.9702,19,0,1.00,None,1,0.00,0.00,0.00
2409,-6.60,105.75,5.04,0.00,0.9702,19,0,1.00,None,1,0.00,0.00,0.00
2410,-6.60,105.75,5.04,0.00,0.9702,19,0,1.00,None,1,0.00,0.00,0.00
2411,-6.60,105.75,5.04,0.00,0.9702,19,0,1.00,None,1,0.00,0.00,0.00
2412,-6.60,105.75,5.04,0.00,0.9702,19,0,1.00,None,1,0.00,0.00,0.00
2413,-6.60,105.75,5.04,0.00,0.9701,19,0,1.00,None,1,0.00,0.00,0.00
2414,-6.60,105.75,5.04,0.00,0.9701,19,0,1.00,None,1,0.00,0.00,0.00
2415,-6.60,105.75,5.04,0.00,0.9701,19,0,1.00,None,1,0.00,0.00,0.00
2416,-6.60,105.75,5.04,0.00,0.9701,19,0,1.00,None,1,0.00,0.00,0.00
2417,-6.60,105.75,5.04,0.00,0.9701,19,0,1.00,None,1,0.00,0.00,0.00
2418,-6.60,105.75,5.04,0.00,0.9701,19,0,1.00,None,1,0.00,0.00,0.00
2419,-6.60,105.75,5.04,0.00,0.9701,19,0,1.00,None,1,0.00,0.00,0.00
2420,-6.60,105.75,5.04,0.00,0.9701,19,0,1.00,None,1,0.00,0.00,0.00
2421,-6.60,105.75,5.04,0.00,0.9701,19,0,1.00,None,1,0.00,0.00,0.00
2422,-6.60,105.75,5.04,0.00,0.9700,19,0,1.00,None,1,0.00,0.00,0.00
2423,-6.60,105.75,5.04,0.00,0.9700,19,0,1.00,None,1,0.00,0.00,0.00
2424,-6.60,105.75,5.04,0.00,0.9700,19,0,1.00,None,1,0.00,0.00,0.00
2425,-6.60,105.75,5.04,0.00,0.9700,19,0,1.00,None,1,0.00,0.00,0.00
2426,-6.60,105.75,5.04,0.00,0.9700,19,0,1.00,None,1,0.00,0.00,0.00
2427,-6.60,105.75,5.04,0.00,0.9700,19,0,1.00,None,1,0.00,0.00,0.00
2428,-6.60,105.75,5.04,0.00,0.9700,19,0,1.00,None,1,0.00,0.00,0.00
2429,-6.60,105.75,5.04,0.00,0.9700,19,0,1.00,None,1,0.00,0.00,0.00
2430,-6.60,105.75,5.04,0.00,0.9700,19,0,1.00,None,1,0.00,0.00,0.00
2431,-6.60,105.75,5.04,0.00,0.9700,19,0,1.00,None,1,0.00,0.00,0.00
2432,-6.60,105.75,5.04,0.00,0.9699,19,0,1.00,None,1,0.00,0.00,0.00
2433,-6.60,105.75,5.04,0.00,0.9699,19,0,1.00,None,1,0.00,0.00,0.00
2434,-6.60,105.75,5.04,0.00,0.9699,19,0,1.00,None,1,0.00,0.00,0.00
2435,-6.60,105.75,5.04,0.00,0.9699,19,0,1.00,None,1,0.00,0.00,0.00
2436,-6.60,105.75,5.04,0.00,0.9699,19,0,1.00,None,1,0.00,0.00,0.00
2437,-6.60,105.75,5.04,0.00,0.9699,19,0,1.00,None,1,0.00,0.00,0.00
2438,-6.60,105.75,5.04,0.00,0.9699,19,0,1.00,None,1,0.00,0.00,0.00
2439,-6.60,105.75,5.04,0.00,0.9699,19,0,1.00,None,1,0.00,0.00,0.00
2440,-6.60,105.75,5.04,0.00,0.9699,19,0,1.00,None,1,0.00,0.00,0.00
2441,-6.60,105.75,5.04,0.00,0.9698,19,0,1.00,None,1,0.00,0.00,0.00
2442,-6.60,105.75,5.04,0.00,0.9698,19,0,1.00,None,1,0.00,0.00,0.00
2443,-6.60,105.75,5.04,0.00,0.9698,19,0,1.00,None,1,0.00,0.00,0.00
2444,-6.60,105.75,5.04,0.00,0.9698,19,0,1.00,None,1,0.00,0.00,0.00
2445,-6.60,105.75,5.04,0.00,0.9698,19,0,1.00,None,1,0.00,0.00,0.00
2446,-6.60,105.75,5.04,0.00,0.9698,19,0,1.00,None,1,0.00,0.00,0.00
2447,-6.60,105.75,5.04,0.00,0.9698,19,0,1.00,None,1,0.00,0.00,0.00
2448,-6.60,105.94,5.04,4.16,0.9697,19,0,1.00,None,1,0.00,0.00,0.00
2449,-6.60,105.94,5.04,4.16,0.9697,19,0,1.00,None,1,0.00,0.00,0.00
2450,-6.59,106.33,5.04,8.39,0.9697,19,0,1.00,None,1,0.00,0.00,0.00
2451,-6.59,106.33,5.04,8.39,0.9697,19,0,1.00,None,1,0.00,0.00,0.00
2452,-6.59,106.33,5.04,8.39,0.9697,19,0,1.00,None,1,0.00,0.00,0.00
2453,-6.58,106.92,5.04,12.63,0.9697,19,0,1.00,None,1,0.00,0.00,0.00
2454,-6.58,106.92,5.04,12.63,0.9697,19,0,1.00,None,1,0.00,0.00,0.00
2455,-6.58,106.92,5.04,12.63,0.9697,19,0,1.00,None,1,0.00,0.00,0.00
2456,-6.58,106.92,5.04,12.63,0.9697,19,0,1.00,None,1,0.00,0.00,0.00
2457,-6.55,108.37,5.04,16.89,0.9697,19,0,1.00,None,1,0.00,0.00,0.00
2458,-6.55,108.37,5.04,16.89,0.9697,19,0,1.00,None,1,0.00,0.00,0.00
2459,-6.52,109.46,5.04,24.74,0.9696,19,0,1.00,None,1,0.00,0.00,0.00
2460,-6.52,109.46,5.04,24.74,0.9696,19,0,1.00,None,1,0.00,0.00,0.00
2461,-6.50,110.73,5.03,28.77,0.9696,19,0,1.00,None,1,0.00,0.00,0.00
2462,-6.50,110.73,5.03,28.77,0.9696,19,0,1.00,None,1,0.00,0.00,0.00
2463,-6.50,110.73,5.03,28.77,0.9696,19,0,1.00,None,1,0.00,0.00,0.00
2464,-6.46,112.59,5.03,32.80,0.9696,19,0,1.00,None,1,0.00,0.00,0.00
2465,-6.46,112.59,5.03,32.80,0.9696,19,0,1.00,None,1,0.00,0.00,0.00
2466,-6.43,113.92,5.03,37.99,0.9696,19,0,1.00,None,1,0.00,0.00,0.00
2467,-6.42,114.57,5.03,41.21,0.9695,19,0,1.00,None,1,0.00,0.00,0.00
2468,-6.39,116.07,5.03,42.65,0.9695,19,0,1.00,None,1,0.00,0.00,0.00
2469,-6.39,116.07,5.03,42.65,0.9695,19,0,1.00,None,1,0.00,0.00,0.00
2470,-6.39,116.07,5.03,42.65,0.9695,19,0,1.00,None,1,0.00,0.00,0.00
2471,-6.35,118.09,5.03,45.87,0.9695,19,0,1.00,None,1,0.00,0.00,0.00
2472,-6.35,118.09,5.03,45.87,0.9695,19,0,1.00,None,1,0.00,0.00,0.00
2473,-6.35,118.09,5.03,45.87,0.9695,19,0,1.00,None,1,0.00,0.00,0.00
2474,-6.35,118.09,5.03,45.87,0.9695,19,0,1.00,None,1,0.00,0.00,0.00
2475,-6.26,122.27,5.03,49.90,0.9695,19,0,1.00,None,1,0.00,0.00,0.00
2476,-6.26,122.27,5.03,49.90,0.9695,19,0,1.00,None,1,0.00,0.00,0.00
2477,-6.21,124.95,5.03,57.56,0.9694,19,0,1.00,None,1,0.00,0.00,0.00
2478,-6.19,125.93,5.03,61.82,0.9694,19,0,1.00,None,1,0.00,0.00,0.00
2479,-6.15,127.78,5.03,63.27,0.9694,19,0,1.00,None,1,0.00,0.00,0.00
2480,-6.15,127.78,5.03,63.27,0.9694,19,0,1.00,None,1,0.00,0.00,0.00
2481,-6.15,127.78,5.03,63.27,0.9694,19,0,1.00,None,1,0.00,0.00,0.00
2482,-6.15,127.78,5.03,63.27,0.9694,19,0,1.00,None,1,0.00,0.00,0.00
2483,-6.15,127.78,5.03,63.27,0.9694,19,0,1.00,None,1,0.00,0.00,0.00
2484,-6.04,133.47,5.03,65.95,0.9694,19,0,1.00,None,1,0.00,0.00,0.00
2485,-6.04,133.47,5.03,65.95,0.9694,19,0,1.00,None,1,0.00,0.00,0.00
2486,-5.96,137.14,5.03,73.84,0.9693,19,0,1.00,None,1,0.00,0.00,0.00
2487,-5.96,137.14,5.03,73.84,0.9693,19,0,1.00,None,1,0.00,0.00,0.00
2488,-5.90,140.30,5.03,78.39,0.9693,19,0,1.00,None,1,0.00,0.00,0.00
2489,-5.90,140.30,5.03,78.39,0.9693,19,0,1.00,None,1,0.00,0.00,0.00
2490,-5.90,140.30,5.03,78.39,0.9693,19,0,1.00,None,1,0.00,0.00,0.00
2491,-5.85,142.60,5.03,0.00,0.9693,19,0,1.00,None,1,0.00,0.00,0.00
2492,-5.85,142.60,5.03,0.00,0.9693,19,0,1.00,None,1,0.00,0.00,0.00
2493,-5.85,142.60,5.03,0.00,0.9693,19,0,1.00,None,1,0.00,0.00,0.00
2494,-5.85,142.60,5.03,0.00,0.9692,19,0,1.00,None,1,0.00,0.00,0.00
2495,-5.85,142.60,5.03,0.00,0.9692,19,0,1.00,None,1,0.00,0.00,0.00
2496,-5.85,142.60,5.03,0.00,0.9692,19,0,1.00,None,1,0.00,0.00,0.00
2497,-5.85,142.60,5.03,0.00,0.9692,19,0,1.00,None,1,0.00,0.00,0.00
2498,-5.85,142.60,5.03,0.00,0.9692,19,0,1.00,None,1,0.00,0.00,0.00
2499,-5.85,142.60,5.03,0.00,0.9692,19,0,1.00,None,1,0.00,0.00,0.00
2500,-5.85,142.60,5.03,0.00,0.9692,19,0,1.00,None,1,0.00,0.00,0.00
2501,-5.85,142.60,5.03,0.00,0.9692,19,0,1.00,None,1,0.00,0.00,0.00
2502,-5.85,142.60,5.03,0.00,0.9692,19,0,1.00,None,1,0.00,0.00,0.00
2503,-5.85,142.60,5.03,0.00,0.9691,19,0,1.00,None,1,0.00,0.00,0.00
2504,-5.85,142.60,5.03,0.00,0.9691,19,0,1.00,None,1,0.00,0.00,0.00
2505,-5.85,142.60,5.03,0.00,0.9691,19,0,1.00,None,1,0.00,0.00,0.00
2506,-5.85,142.60,5.03,0.00,0.9691,19,0,1.00,None,1,0.00,0.00,0.00
2507,-5.85,142.60,5.03,0.00,0.9691,19,0,1.00,None,1,0.00,0.00,0.00
2508,-5.85,142.60,5.03,0.00,0.9691,19,0,1.00,None,1,0.00,0.00,0.00
2509,-5.85,142.60,5.03,0.00,0.9691,19,0,1.00,None,1,0.00,0.00,0.00
2510,-5.85,142.60,5.03,0.00,0.9691,19,0,1.00,None,1,0.00,0.00,0.00
2511,-5.85,142.60,5.03,0.00,0.9691,19,0,1.00,None,1,0.00,0.00,0.00
2512,-5.85,142.60,5.03,0.00,0.9690,19,0,1.00,None,1,0.00,0.00,0.00
2513,-5.85,142.60,5.03,0.00,0.9690,19,0,1.00,None,1,0.00,0.00,0.00
2514,-5.85,142.60,5.03,0.00,0.9690,19,0,1.00,None,1,0.00,0.00,0.00
2515,-5.85,142.60,5.03,0.00,0.9690,19,0,1.00,None,1,0.00,0.00,0.00
2516,-5.85,142.60,5.03,0.00,0.9690,19,0,1.00,None,1,0.00,0.00,0.00
2517,-5.85,142.60,5.03,0.00,0.9690,19,0,1.00,None,1,0.00,0.00,0.00
2518,-5.85,142.60,5.03,0.00,0.9690,19,0,1.00,None,1,0.00,0.00,0.00
2519,-5.85,142.60,5.03,0.00,0.9690,19,0,1.00,None,1,0.00,0.00,0.00
2520,-5.85,142.60,5.03,0.00,0.9690,19,0,1.00,None,1,0.00,0.00,0.00
2521,-5.85,142.60,5.03,0.00,0.9689,19,0,1.00,None,1,0.00,0.00,0.00
2522,-5.85,142.60,5.03,0.00,0.9689,19,0,1.00,None,1,0.00,0.00,0.00
2523,-5.85,142.60,5.03,0.00,0.9689,19,0,1.00,None,1,0.00,0.00,0.00
2524,-5.85,142.60,5.03,0.00,0.9689,19,0,1.00,None,1,0.00,0.00,0.00
2525,-5.85,142.60,5.03,0.00,0.9689,19,0,1.00,None,1,0.00,0.00,0.00
2526,-5.85,142.60,5.03,0.00,0.9689,19,0,1.00,None,1,0.00,0.00,0.00
2527,-5.85,142.60,5.03,0.00,0.9689,19,0,1.00,None,1,0.00,0.00,0.00
2528,-5.85,142.60,5.03,0.00,0.9689,19,0,1.00,None,1,0.00,0.00,0.00
2529,-5.85,142.60,5.03,0.00,0.9688,19,0,1.00,None,1,0.00,0.00,0.00
2530,-5.85,142.60,5.03,0.00,0.9688,19,0,1.00,None,1,0.00,0.00,0.00
2531,-5.85,142.60,5.03,0.00,0.9688,19,0,1.00,None,1,0.00,0.00,0.00
2532,-5.85,142.60,5.03,0.00,0.9688,19,0,1.00,None,1,0.00,0.00,0.00
2533,-5.85,142.60,5.03,0.00,0.9688,19,0,1.00,None,1,0.00,0.00,0.00
2534,-5.85,142.60,5.03,0.00,0.9688,19,0,1.00,None,1,0.00,0.00,0.00
2535,-5.85,142.60,5.03,0.00,0.9688,19,0,1.00,None,1,0.00,0.00,0.00
2536,-5.85,142.60,5.03,0.00,0.9688,19,0,1.00,None,1,0.00,0.00,0.00
2537,-5.85,142.60,5.03,0.00,0.9688,19,0,1.00,None,1,0.00,0.00,0.00
2538,-5.85,142.60,5.03,0.00,0.9687,19,0,1.00,None,1,0.00,0.00,0.00
2539,-5.85,142.60,5.03,0.00,0.9687,19,0,1.00,None,1,0.00,0.00,0.00
2540,-5.85,142.60,5.03,0.00,0.9687,19,0,1.00,None,1,0.00,0.00,0.00
2541,-5.85,142.60,5.03,0.00,0.9687,19,0,1.00,None,1,0.00,0.00,0.00
2542,-5.85,142.60,5.03,0.00,0.9687,19,0,1.00,None,1,0.00,0.00,0.00
2543,-5.85,142.60,5.03,0.00,0.9687,19,0,1.00,None,1,0.00,0.00,0.00
2544,-5.85,142.60,5.03,0.00,0.9687,19,0,1.00,None,1,0.00,0.00,0.00
2545,-5.85,142.60,5.03,0.00,0.9687,19,0,1.00,None,1,0.00,0.00,0.00
2546,-5.85,142.60,5.03,0.00,0.9687,19,0,1.00,None,1,0.00,0.00,0.00
2547,-5.85,142.60,5.03,0.00,0.9687,19,0,1.00,None,1,0.00,0.00,0.00
2548,-5.85,142.60,5.03,0.00,0.9687,19,0,1.00,None,1,0.00,0.00,0.00
2549,-5.85,142.43,5.03,3.96,0.9686,19,0,1.00,None,1,0.00,0.00,0.00
2550,-5.85,142.43,5.03,3.96,0.9686,19,0,1.00,None,1,0.00,0.00,0.00
2551,-5.84,142.10,5.03,7.81,0.9686,19,0,1.00,None,1,0.00,0.00,0.00
2552,-5.84,142.10,5.03,7.81,0.9686,19,0,1.00,None,1,0.00,0.00,0.00
2553,-5.84,142.10,5.03,7.81,0.9686,19,0,1.00,None,1,0.00,0.00,0.00
2554,-5.84,142.10,5.03,7.81,0.9686,19,0,1.00,None,1,0.00,0.00,0.00
2555,-5.82,141.16,5.03,11.73,0.9686,19,0,1.00,None,1,0.00,0.00,0.00
2556,-5.82,141.16,5.03,11.73,0.9686,19,0,1.00,None,1,0.00,0.00,0.00
2557,-5.80,140.39,5.03,19.06,0.9685,19,0,1.00,None,1,0.00,0.00,0.00
2558,-5.80,140.06,5.03,22.76,0.9685,19,0,1.00,None,1,0.00,0.00,0.00
2559,-5.78,139.17,5.03,24.06,0.9685,19,0,1.00,None,1,0.00,0.00,0.00
2560,-5.78,139.17,5.03,24.06,0.9685,19,0,1.00,None,1,0.00,0.00,0.00
2561,-5.78,139.17,5.03,24.06,0.9685,19,0,1.00,None,1,0.00,0.00,0.00
2562,-5.78,139.17,5.03,24.06,0.9685,19,0,1.00,None,1,0.00,0.00,0.00
2563,-5.78,139.17,5.03,24.06,0.9685,19,0,1.00,None,1,0.00,0.00,0.00
2564,-5.73,136.89,5.03,27.47,0.9685,19,0,1.00,None,1,0.00,0.00,0.00
2565,-5.73,136.89,5.03,27.47,0.9685,19,0,1.00,None,1,0.00,0.00,0.00
2566,-5.70,135.23,5.03,35.05,0.9684,19,0,1.00,None,1,0.00,0.00,0.00
2567,-5.69,134.68,5.03,39.38,0.9684,19,0,1.00,None,1,0.00,0.00,0.00
2568,-5.66,133.37,5.03,40.68,0.9684,19,0,1.00,None,1,0.00,0.00,0.00
2569,-5.66,133.37,5.03,40.68,0.9684,19,0,1.00,None,1,0.00,0.00,0.00
2570,-5.66,133.37,5.03,40.68,0.9684,19,0,1.00,None,1,0.00,0.00,0.00
2571,-5.66,133.37,5.03,40.68,0.9684,19,0,1.00,None,1,0.00,0.00,0.00
2572,-5.66,133.37,5.03,40.68,0.9684,19,0,1.00,None,1,0.00,0.00,0.00
2573,-5.59,129.62,5.03,43.62,0.9684,19,0,1.00,None,1,0.00,0.00,0.00
2574,-5.59,129.62,5.03,43.62,0.9684,19,0,1.00,None,1,0.00,0.00,0.00
2575,-5.53,127.08,5.03,51.48,0.9683,19,0,1.00,None,1,0.00,0.00,0.00
2576,-5.53,127.08,5.03,51.48,0.9683,19,0,1.00,None,1,0.00,0.00,0.00
2577,-5.49,124.79,5.03,56.00,0.9683,19,0,1.00,None,1,0.00,0.00,0.00
2578,-5.49,124.79,5.03,56.00,0.9683,19,0,1.00,None,1,0.00,0.00,0.00
2579,-5.43,121.94,5.03,59.74,0.9683,19,0,1.00,None,1,0.00,0.00,0.00
2580,-5.43,121.94,5.03,59.74,0.9683,19,0,1.00,None,1,0.00,0.00,0.00
2581,-5.43,121.94,5.03,59.74,0.9683,19,0,1.00,None,1,0.00,0.00,0.00
2582,-5.35,118.01,5.03,68.15,0.9683,19,0,1.00,None,1,0.00,0.00,0.00
2583,-5.35,118.01,5.03,68.15,0.9683,19,0,1.00,None,1,0.00,0.00,0.00
2584,-5.30,115.37,5.03,69.63,0.9682,19,0,1.00,None,1,0.00,0.00,0.00
2585,-5.30,115.37,5.03,69.63,0.9682,19,0,1.00,None,1,0.00,0.00,0.00
2586,-5.30,115.37,5.03,69.63,0.9682,19,0,1.00,None,1,0.00,0.00,0.00
2587,-5.30,115.37,5.03,69.63,0.9682,19,0,1.00,None,1,0.00,0.00,0.00
2588,-5.18,109.56,5.04,73.09,0.9682,19,0,1.00,None,1,0.00,0.00,0.00
2589,-5.18,109.56,5.04,73.09,0.9682,19,0,1.00,None,1,0.00,0.00,0.00
2590,-5.18,109.56,5.04,73.09,0.9682,19,0,1.00,None,1,0.00,0.00,0.00
2591,-5.10,105.75,5.04,0.00,0.9682,19,0,1.00,None,1,0.00,0.00,0.00
2592,-5.10,105.75,5.04,0.00,0.9682,19,0,1.00,None,1,0.00,0.00,0.00
2593,-5.10,105.75,5.04,0.00,0.9681,19,0,1.00,None,1,0.00,0.00,0.00
2594,-5.10,105.75,5.04,0.00,0.9681,19,0,1.00,None,1,0.00,0.00,0.00
2595,-5.10,105.75,5.04,0.00,0.9681,19,0,1.00,None,1,0.00,0.00,0.00
2596,-5.10,105.75,5.04,0.00,0.9681,19,0,1.00,None,1,0.00,0.00,0.00
2597,-5.10,105.75,5.04,0.00,0.9681,19,0,1.00,None,1,0.00,0.00,0.00
2598,-5.10,105.75,5.04,0.00,0.9681,19,0,1.00,None,1,0.00,0.00,0.00
2599,-5.10,105.75,5.04,0.00,0.9681,19,0,1.00,None,1,0.00,0.00,0.00
2600,-5.10,105.75,5.04,0.00,0.9681,19,0,1.00,None,1,0.00,0.00,0.00
2601,-5.10,105.75,5.04,0.00,0.9681,19,0,1.00,None,1,0.00,0.00,0.00
2602,-5.10,105.75,5.04,0.00,0.9681,19,0,1.00,None,1,0.00,0.00,0.00
2603,-5.10,105.75,5.04,0.00,0.9680,19,0,1.00,None,1,0.00,0.00,0.00
2604,-5.10,105.75,5.04,0.00,0.9680,19,0,1.00,None,1,0.00,0.00,0.00
2605,-5.10,105.75,5.04,0.00,0.9680,19,0,1.00,None,1,0.00,0.00,0.00
2606,-5.10,105.75,5.04,0.00,0.9680,19,0,1.00,None,1,0.00,0.00,0.00
2607,-5.10,105.75,5.04,0.00,0.9680,19,0,1.00,None,1,0.00,0.00,0.00
2608,-5.10,105.75,5.04,0.00,0.9680,19,0,1.00,None,1,0.00,0.00,0.00
2609,-5.10,105.75,5.04,0.00,0.9680,19,0,1.00,None,1,0.00,0.00,0.00
2610,-5.10,105.75,5.04,0.00,0.9680,19,0,1.00,None,1,0.00,0.00,0.00
2611,-5.10,105.75,5.04,0.00,0.9680,19,0,1.00,None,1,0.00,0.00,0.00
2612,-5.10,105.75,5.04,0.00,0.9679,19,0,1.00,None,1,0.00,0.00,0.00
2613,-5.10,105.75,5.04,0.00,0.9679,19,0,1.00,None,1,0.00,0.00,0.00
2614,-5.10,105.75,5.04,0.00,0.9679,19,0,1.00,None,1,0.00,0.00,0.00
2615,-5.10,105.75,5.04,0.00,0.9679,19,0,1.00,None,1,0.00,0.00,0.00
2616,-5.10,105.75,5.04,0.00,0.9679,19,0,1.00,None,1,0.00,0.00,0.00
2617,-5.10,105.75,5.04,0.00,0.9679,19,0,1.00,None,1,0.00,0.00,0.00
2618,-5.10,105.75,5.04,0.00,0.9679,19,0,1.00,None,1,0.00,0.00,0.00
2619,-5.10,105.75,5.04,0.00,0.9679,19,0,1.00,None,1,0.00,0.00,0.00
2620,-5.10,105.75,5.04,0.00,0.9679,19,0,1.00,None,1,0.00,0.00,0.00
2621,-5.10,105.75,5.04,0.00,0.9678,19,0,1.00,None,1,0.00,0.00,0.00
2622,-5.10,105.75,5.04,0.00,0.9678,19,0,1.00,None,1,0.00,0.00,0.00
2623,-5.10,105.75,5.04,0.00,0.9678,19,0,1.00,None,1,0.00,0.00,0.00
2624,-5.10,105.75,5.04,0.00,0.9678,19,0,1.00,None,1,0.00,0.00,0.00
2625,-5.10,105.75,5.04,0.00,0.9678,19,0,1.00,None,1,0.00,0.00,0.00
2626,-5.10,105.75,5.04,0.00,0.9678,19,0,1.00,None,1,0.00,0.00,0.00
2627,-5.10,105.75,5.04,0.00,0.9678,19,0,1.00,None,1,0.00,0.00,0.00
2628,-5.10,105.75,5.04,0.00,0.9678,19,0,1.00,None,1,0.00,0.00,0.00
2629,-5.10,105.75,5.04,0.00,0.9678,19,0,1.00,None,1,0.00,0.00,0.00
2630,-5.10,105.75,5.04,0.00,0.9677,19,0,1.00,None,1,0.00,0.00,0.00
2631,-5.10,105.75,5.04,0.00,0.9677,19,0,1.00,None,1,0.00,0.00,0.00
2632,-5.10,105.75,5.04,0.00,0.9677,19,0,1.00,None,1,0.00,0.00,0.00
2633,-5.10,105.75,5.04,0.00,0.9677,19,0,1.00,None,1,0.00,0.00,0.00
2634,-5.10,105.75,5.04,0.00,0.9677,19,0,1.00,None,1,0.00,0.00,0.00
2635,-5.10,105.75,5.04,0.00,0.9677,19,0,1.00,None,1,0.00,0.00,0.00
2636,-5.10,105.75,5.04,0.00,0.9677,19,0,1.00,None,1,0.00,0.00,0.00
2637,-5.10,105.75,5.04,0.00,0.9676,19,0,1.00,None,1,0.00,0.00,0.00
2638,-5.10,105.75,5.04,0.00,0.9676,19,0,1.00,None,1,0.00,0.00,0.00
2639,-5.10,105.75,5.04,0.00,0.9676,19,0,1.00,None,1,0.00,0.00,0.00
2640,-5.10,105.75,5.04,0.00,0.9676,19,0,1.00,None,1,0.00,0.00,0.00
2641,-5.10,105.75,5.04,0.00,0.9676,19,0,1.00,None,1,0.00,0.00,0.00
2642,-5.10,105.75,5.04,0.00,0.9676,19,0,1.00,None,1,0.00,0.00,0.00
2643,-5.10,105.75,5.04,0.00,0.9676,19,0,1.00,None,1,0.00,0.00,0.00
2644,-5.10,105.75,5.04,0.00,0.9676,19,0,1.00,None,1,0.00,0.00,0.00
2645,-5.10,105.75,5.04,0.00,0.9676,19,0,1.00,None,1,0.00,0.00,0.00
2646,-5.10,105.75,5.04,0.00,0.9675,19,0,1.00,None,1,0.00,0.00,0.00
2647,-5.10,105.75,5.04,0.00,0.9675,19,0,1.00,None,1,0.00,0.00,0.00
2648,-5.10,105.75,5.04,0.00,0.9675,19,0,1.00,None,1,0.00,0.00,0.00
2649,-5.10,105.75,5.04,0.00,0.9675,19,0,1.00,None,1,0.00,0.00,0.00
2650,-5.10,105.75,5.04,0.00,0.9675,19,0,1.00,None,1,0.00,0.00,0.00
2651,-5.10,105.75,5.04,0.00,0.9675,19,0,1.00,None,1,0.00,0.00,0.00
2652,-5.10,105.75,5.04,0.00,0.9675,19,0,1.00,None,1,0.00,0.00,0.00
2653,-5.10,105.75,5.04,0.00,0.9675,19,0,1.00,None,1,0.00,0.00,0.00
2654,-5.10,105.75,5.04,0.00,0.9675,19,0,1.00,None,1,0.00,0.00,0.00
2655,-5.10,105.95,5.04,4.16,0.9674,19,0,1.00,None,1,0.00,0.00,0.00
2656,-5.10,105.95,5.04,4.16,0.9674,19,0,1.00,None,1,0.00,0.00,0.00
2657,-5.10,105.95,5.04,4.16,0.9674,19,0,1.00,None,1,0.00,0.00,0.00
2658,-5.10,105.95,5.04,4.16,0.9674,19,0,1.00,None,1,0.00,0.00,0.00
2659,-5.10,105.95,5.04,4.16,0.9674,19,0,1.00,None,1,0.00,0.00,0.00
2660,-5.08,106.67,5.04,8.45,0.9674,19,0,1.00,None,1,0.00,0.00,0.00
2661,-5.08,106.67,5.04,8.45,0.9674,19,0,1.00,None,1,0.00,0.00,0.00
2662,-5.07,107.39,5.04,16.27,0.9674,19,0,1.00,None,1,0.00,0.00,0.00
2663,-5.06,107.73,5.04,20.31,0.9674,19,0,1.00,None,1,0.00,0.00,0.00
2664,-5.06,107.73,5.04,20.31,0.9674,19,0,1.00,None,1,0.00,0.00,0.00
2665,-5.04,108.54,5.04,21.86,0.9673,19,0,1.00,None,1,0.00,0.00,0.00
2666,-5.04,108.54,5.04,21.86,0.9673,19,0,1.00,None,1,0.00,0.00,0.00
2667,-5.04,108.54,5.04,21.86,0.9673,19,0,1.00,None,1,0.00,0.00,0.00
2668,-5.04,108.54,5.04,21.86,0.9673,19,0,1.00,None,1,0.00,0.00,0.00
2669,-5.00,110.80,5.04,25.25,0.9673,19,0,1.00,None,1,0.00,0.00,0.00
2670,-5.00,110.80,5.04,25.25,0.9673,19,0,1.00,None,1,0.00,0.00,0.00
2671,-4.97,112.37,5.03,33.43,0.9673,19,0,1.00,None,1,0.00,0.00,0.00
2672,-4.95,113.01,5.03,37.74,0.9673,19,0,1.00,None,1,0.00,0.00,0.00
2673,-4.95,113.01,5.03,37.74,0.9673,19,0,1.00,None,1,0.00,0.00,0.00
2674,-4.95,113.01,5.03,37.74,0.9673,19,0,1.00,None,1,0.00,0.00,0.00
2675,-4.95,113.01,5.03,37.74,0.9673,19,0,1.00,None,1,0.00,0.00,0.00
2676,-4.90,115.64,5.03,39.30,0.9672,19,0,1.00,None,1,0.00,0.00,0.00
2677,-4.90,115.64,5.03,39.30,0.9672,19,0,1.00,None,1,0.00,0.00,0.00
2678,-4.86,117.73,5.03,45.42,0.9672,19,0,1.00,None,1,0.00,0.00,0.00
2679,-4.86,117.73,5.03,45.42,0.9672,19,0,1.00,None,1,0.00,0.00,0.00
2680,-4.82,119.70,5.03,49.62,0.9672,19,0,1.00,None,1,0.00,0.00,0.00
2681,-4.82,119.70,5.03,49.62,0.9672,19,0,1.00,None,1,0.00,0.00,0.00
2682,-4.77,122.10,5.03,53.25,0.9671,19,0,1.00,None,1,0.00,0.00,0.00
2683,-4.77,122.10,5.03,53.25,0.9671,19,0,1.00,None,1,0.00,0.00,0.00
2684,-4.72,124.50,5.03,57.38,0.9671,19,0,1.00,None,1,0.00,0.00,0.00
2685,-4.70,125.51,5.03,61.21,0.9671,19,0,1.00,None,1,0.00,0.00,0.00
2686,-4.70,125.51,5.03,61.21,0.9671,19,0,1.00,None,1,0.00,0.00,0.00
2687,-4.65,127.79,5.04,62.71,0.9671,19,0,1.00,None,1,0.00,0.00,0.00
2688,-4.65,127.79,5.04,62.71,0.9671,19,0,1.00,None,1,0.00,0.00,0.00
2689,-4.65,127.79,5.04,62.71,0.9671,19,0,1.00,None,1,0.00,0.00,0.00
2690,-4.65,127.79,5.04,62.71,0.9671,19,0,1.00,None,1,0.00,0.00,0.00
2691,-4.54,133.25,5.04,66.04,0.9670,19,0,1.00,None,1,0.00,0.00,0.00
2692,-4.54,133.25,5.04,66.04,0.9670,19,0,1.00,None,1,0.00,0.00,0.00
2693,-4.54,133.25,5.04,66.04,0.9670,19,0,1.00,None,1,0.00,0.00,0.00
2694,-4.46,137.39,5.04,73.61,0.9670,19,0,1.00,None,1,0.00,0.00,0.00
2695,-4.46,137.39,5.04,73.61,0.9670,19,0,1.00,None,1,0.00,0.00,0.00
2696,-4.40,140.27,5.04,78.75,0.9670,19,0,1.00,None,1,0.00,0.00,0.00
2697,-4.37,141.61,5.04,82.10,0.9670,19,0,1.00,None,1,0.00,0.00,0.00
2698,-4.35,142.60,5.04,0.00,0.9670,19,0,1.00,None,1,0.00,0.00,0.00
2699,-4.35,142.60,5.04,0.00,0.9670,19,0,1.00,None,1,0.00,0.00,0.00
2700,-4.35,142.60,5.04,0.00,0.9670,19,0,1.00,None,1,0.00,0.00,0.00
2701,-4.35,142.60,5.04,0.00,0.9670,19,0,1.00,None,1,0.00,0.00,0.00
2702,-4.35,142.60,5.04,0.00,0.9669,19,0,1.00,None,1,0.00,0.00,0.00
2703,-4.35,142.60,5.04,0.00,0.9669,19,0,1.00,None,1,0.00,0.00,0.00
2704,-4.35,142.60,5.04,0.00,0.9669,19,0,1.00,None,1,0.00,0.00,0.00
2705,-4.35,142.60,5.04,0.00,0.9669,19,0,1.00,None,1,0.00,0.00,0.00
2706,-4.35,142.60,5.04,0.00,0.9669,19,0,1.00,None,1,0.00,0.00,0.00
2707,-4.35,142.60,5.04,0.00,0.9669,19,0,1.00,None,1,0.00,0.00,0.00
2708,-4.35,142.60,5.04,0.00,0.9669,19,0,1.00,None,1,0.00,0.00,0.00
2709,-4.35,142.60,5.04,0.00,0.9668,19,0,1.00,None,1,0.00,0.00,0.00
2710,-4.35,142.60,5.04,0.00,0.9668,19,0,1.00,None,1,0.00,0.00,0.00
2711,-4.35,142.60,5.04,0.00,0.9668,19,0,1.00,None,1,0.00,0.00,0.00
2712,-4.35,142.60,5.04,0.00,0.9668,19,0,1.00,None,1,0.00,0.00,0.00
2713,-4.35,142.60,5.04,0.00,0.9668,19,0,1.00,None,1,0.00,0.00,0.00
2714,-4.35,142.60,5.04,0.00,0.9668,19,0,1.00,None,1,0.00,0.00,0.00
2715,-4.35,142.60,5.04,0.00,0.9668,19,0,1.00,None,1,0.00,0.00,0.00
2716,-4.35,142.60,5.04,0.00,0.9668,19,0,1.00,None,1,0.00,0.00,0.00
2717,-4.35,142.60,5.04,0.00,0.9668,19,0,1.00,None,1,0.00,0.00,0.00
2718,-4.35,142.60,5.04,0.00,0.9668,19,0,1.00,None,1,0.00,0.00,0.00
2719,-4.35,142.60,5.04,0.00,0.9668,19,0,1.00,None,1,0.00,0.00,0.00
2720,-4.35,142.60,5.04,0.00,0.9667,19,0,1.00,None,1,0.00,0.00,0.00
2721,-4.35,142.60,5.04,0.00,0.9667,19,0,1.00,None,1,0.00,0.00,0.00
2722,-4.35,142.60,5.04,0.00,0.9667,19,0,1.00,None,1,0.00,0.00,0.00
2723,-4.35,142.60,5.04,0.00,0.9667,19,0,1.00,None,1,0.00,0.00,0.00
2724,-4.35,142.60,5.04,0.00,0.9667,19,0,1.00,None,1,0.00,0.00,0.00
2725,-4.35,142.60,5.04,0.00,0.9667,19,0,1.00,None,1,0.00,0.00,0.00
2726,-4.35,142.60,5.04,0.00,0.9667,19,0,1.00,None,1,0.00,0.00,0.00
2727,-4.35,142.60,5.04,0.00,0.9667,19,0,1.00,None,1,0.00,0.00,0.00
2728,-4.35,142.60,5.04,0.00,0.9666,19,0,1.00,None,1,0.00,0.00,0.00
2729,-4.35,142.60,5.04,0.00,0.9666,19,0,1.00,None,1,0.00,0.00,0.00
2730,-4.35,142.60,5.04,0.00,0.9666,19,0,1.00,None,1,0.00,0.00,0.00
2731,-4.35,142.60,5.04,0.00,0.9666,19,0,1.00,None,1,0.00,0.00,0.00
2732,-4.35,142.60,5.04,0.00,0.9666,19,0,1.00,None,1,0.00,0.00,0.00
2733,-4.35,142.60,5.04,0.00,0.9666,19,0,1.00,None,1,0.00,0.00,0.00
2734,-4.35,142.60,5.04,0.00,0.9666,19,0,1.00,None,1,0.00,0.00,0.00
2735,-4.35,142.60,5.04,0.00,0.9666,19,0,1.00,None,1,0.00,0.00,0.00
2736,-4.35,142.60,5.04,0.00,0.9666,19,0,1.00,None,1,0.00,0.00,0.00
2737,-4.35,142.60,5.04,0.00,0.9665,19,0,1.00,None,1,0.00,0.00,0.00
2738,-4.35,142.60,5.04,0.00,0.9665,19,0,1.00,None,1,0.00,0.00,0.00
2739,-4.35,142.60,5.04,0.00,0.9665,19,0,1.00,None,1,0.00,0.00,0.00
2740,-4.35,142.60,5.04,0.00,0.9665,19,0,1.00,None,1,0.00,0.00,0.00
2741,-4.35,142.60,5.04,0.00,0.9665,19,0,1.00,None,1,0.00,0.00,0.00
2742,-4.35,142.60,5.04,0.00,0.9665,19,0,1.00,None,1,0.00,0.00,0.00
2743,-4.35,142.60,5.04,0.00,0.9665,19,0,1.00,None,1,0.00,0.00,0.00
2744,-4.35,142.60,5.04,0.00,0.9665,19,0,1.00,None,1,0.00,0.00,0.00
2745,-4.35,142.60,5.04,0.00,0.9665,19,0,1.00,None,1,0.00,0.00,0.00
2746,-4.35,142.60,5.04,0.00,0.9664,19,0,1.00,None,1,0.00,0.00,0.00
2747,-4.35,142.60,5.04,0.00,0.9664,19,0,1.00,None,1,0.00,0.00,0.00
2748,-4.35,142.60,5.04,0.00,0.9664,19,0,1.00,None,1,0.00,0.00,0.00
2749,-4.35,142.60,5.04,0.00,0.9664,19,0,1.00,None,1,0.00,0.00,0.00
2750,-4.35,142.60,5.04,0.00,0.9664,19,0,1.00,None,1,0.00,0.00,0.00
2751,-4.35,142.60,5.04,0.00,0.9664,19,0,1.00,None,1,0.00,0.00,0.00
2752,-4.35,142.60,5.04,0.00,0.9664,19,0,1.00,None,1,0.00,0.00,0.00
2753,-4.35,142.60,5.04,0.00,0.9664,19,0,1.00,None,1,0.00,0.00,0.00
2754,-4.35,142.60,5.04,0.00,0.9663,19,0,1.00,None,1,0.00,0.00,0.00
2755,-4.35,142.60,5.04,0.00,0.9663,19,0,1.00,None,1,0.00,0.00,0.00
2756,-4.35,142.60,5.04,0.00,0.9663,19,0,1.00,None,1,0.00,0.00,0.00
2757,-4.35,142.60,5.04,0.00,0.9663,19,0,1.00,None,1,0.00,0.00,0.00
2758,-4.35,142.60,5.04,0.00,0.9663,19,0,1.00,None,1,0.00,0.00,0.00
2759,-4.35,142.60,5.04,0.00,0.9663,19,0,1.00,None,1,0.00,0.00,0.00
2760,-4.35,142.43,5.04,3.89,0.9663,19,0,1.00,None,1,0.00,0.00,0.00
2761,-4.35,142.43,5.04,3.89,0.9663,19,0,1.00,None,1,0.00,0.00,0.00
2762,-4.35,142.43,5.04,3.89,0.9663,19,0,1.00,None,1,0.00,0.00,0.00
2763,-4.34,142.10,5.04,7.81,0.9663,19,0,1.00,None,1,0.00,0.00,0.00
2764,-4.34,142.10,5.04,7.81,0.9663,19,0,1.00,None,1,0.00,0.00,0.00
2765,-4.34,142.10,5.04,7.81,0.9663,19,0,1.00,None,1,0.00,0.00,0.00
2766,-4.34,142.10,5.04,7.81,0.9663,19,0,1.00,None,1,0.00,0.00,0.00
2767,-4.32,141.14,5.04,11.70,0.9662,19,0,1.00,None,1,0.00,0.00,0.00
2768,-4.32,141.14,5.04,11.70,0.9662,19,0,1.00,None,1,0.00,0.00,0.00
2769,-4.30,140.25,5.04,19.19,0.9662,19,0,1.00,None,1,0.00,0.00,0.00
2770,-4.29,139.89,5.04,23.44,0.9662,19,0,1.00,None,1,0.00,0.00,0.00
2771,-4.28,139.20,5.04,24.87,0.9662,19,0,1.00,None,1,0.00,0.00,0.00
2772,-4.28,139.20,5.04,24.87,0.9662,19,0,1.00,None,1,0.00,0.00,0.00
2773,-4.28,139.20,5.04,24.87,0.9662,19,0,1.00,None,1,0.00,0.00,0.00
2774,-4.28,139.20,5.04,24.87,0.9662,19,0,1.00,None,1,0.00,0.00,0.00
2775,-4.23,136.95,5.04,27.41,0.9661,19,0,1.00,None,1,0.00,0.00,0.00
2776,-4.23,136.95,5.04,27.41,0.9661,19,0,1.00,None,1,0.00,0.00,0.00
2777,-4.23,136.95,5.04,27.41,0.9661,19,0,1.00,None,1,0.00,0.00,0.00
2778,-4.20,135.28,5.04,34.92,0.9661,19,0,1.00,None,1,0.00,0.00,0.00
2779,-4.20,135.28,5.04,34.92,0.9661,19,0,1.00,None,1,0.00,0.00,0.00
2780,-4.17,133.69,5.04,39.30,0.9661,19,0,1.00,None,1,0.00,0.00,0.00
2781,-4.17,133.69,5.04,39.30,0.9661,19,0,1.00,None,1,0.00,0.00,0.00
2782,-4.13,131.62,5.04,42.99,0.9660,19,0,1.00,None,1,0.00,0.00,0.00
2783,-4.13,131.62,5.04,42.99,0.9660,19,0,1.00,None,1,0.00,0.00,0.00
2784,-4.08,129.57,5.04,47.39,0.9660,19,0,1.00,None,1,0.00,0.00,0.00
2785,-4.07,128.80,5.04,51.35,0.9660,19,0,1.00,None,1,0.00,0.00,0.00
2786,-4.07,128.80,5.04,51.35,0.9660,19,0,1.00,None,1,0.00,0.00,0.00
2787,-4.03,126.79,5.04,52.73,0.9660,19,0,1.00,None,1,0.00,0.00,0.00
2788,-4.03,126.79,5.04,52.73,0.9660,19,0,1.00,None,1,0.00,0.00,0.00
2789,-4.03,126.79,5.04,52.73,0.9660,19,0,1.00,None,1,0.00,0.00,0.00
2790,-4.03,126.79,5.04,52.73,0.9660,19,0,1.00,None,1,0.00,0.00,0.00
2791,-3.93,122.08,5.04,56.22,0.9659,19,0,1.00,None,1,0.00,0.00,0.00
2792,-3.93,122.08,5.04,56.22,0.9659,19,0,1.00,None,1,0.00,0.00,0.00
2793,-3.93,122.08,5.04,56.22,0.9659,19,0,1.00,None,1,0.00,0.00,0.00
2794,-3.86,118.41,5.04,63.88,0.9659,19,0,1.00,None,1,0.00,0.00,0.00
2795,-3.86,118.41,5.04,63.88,0.9659,19,0,1.00,None,1,0.00,0.00,0.00
2796,-3.81,115.91,5.04,69.13,0.9659,19,0,1.00,None,1,0.00,0.00,0.00
2797,-3.78,114.78,5.04,72.45,0.9659,19,0,1.00,None,1,0.00,0.00,0.00
2798,-3.73,112.02,5.04,73.87,0.9659,19,0,1.00,None,1,0.00,0.00,0.00
2799,-3.73,112.02,5.04,73.87,0.9659,19,0,1.00,None,1,0.00,0.00,0.00
2800,-3.73,112.02,5.04,73.87,0.9659,19,0,1.00,None,1,0.00,0.00,0.00
2801,-3.73,112.02,5.04,73.87,0.9659,19,0,1.00,None,1,0.00,0.00,0.00
2802,-3.60,105.92,5.04,77.28,0.9658,19,0,1.00,None,1,0.00,0.00,0.00
2803,-3.60,105.92,5.04,77.28,0.9658,19,0,1.00,None,1,0.00,0.00,0.00
2804,-3.60,105.92,5.04,77.28,0.9658,19,0,1.00,None,1,0.00,0.00,0.00
2805,-3.60,105.75,5.04,0.00,0.9658,19,0,1.00,None,1,0.00,0.00,0.00
2806,-3.60,105.75,5.04,0.00,0.9658,19,0,1.00,None,1,0.00,0.00,0.00
2807,-3.60,105.75,5.04,0.00,0.9658,19,0,1.00,None,1,0.00,0.00,0.00
2808,-3.60,105.75,5.04,0.00,0.9658,19,0,1.00,None,1,0.00,0.00,0.00
2809,-3.60,105.75,5.04,0.00,0.9658,19,0,1.00,None,1,0.00,0.00,0.00
2810,-3.60,105.75,5.04,0.00,0.9657,19,0,1.00,None,1,0.00,0.00,0.00
2811,-3.60,105.75,5.04,0.00,0.9657,19,0,1.00,None,1,0.00,0.00,0.00
2812,-3.60,105.75,5.04,0.00,0.9657,19,0,1.00,None,1,0.00,0.00,0.00
2813,-3.60,105.75,5.04,0.00,0.9657,19,0,1.00,None,1,0.00,0.00,0.00
2814,-3.60,105.75,5.04,0.00,0.9657,19,0,1.00,None,1,0.00,0.00,0.00
2815,-3.60,105.75,5.04,0.00,0.9657,19,0,1.00,None,1,0.00,0.00,0.00
2816,-3.60,105.75,5.04,0.00,0.9657,19,0,1.00,None,1,0.00,0.00,0.00
2817,-3.60,105.75,5.04,0.00,0.9657,19,0,1.00,None,1,0.00,0.00,0.00
2818,-3.60,105.75,5.04,0.00,0.9657,19,0,1.00,None,1,0.00,0.00,0.00
2819,-3.60,105.75,5.04,0.00,0.9656,19,0,1.00,None,1,0.00,0.00,0.00
2820,-3.60,105.75,5.04,0.00,0.9656,19,0,1.00,None,1,0.00,0.00,0.00
2821,-3.60,105.75,5.04,0.00,0.9656,19,0,1.00,None,1,0.00,0.00,0.00
2822,-3.60,105.75,5.04,0.00,0.9656,19,0,1.00,None,1,0.00,0.00,0.00
2823,-3.60,105.75,5.04,0.00,0.9656,19,0,1.00,None,1,0.00,0.00,0.00
2824,-3.60,105.75,5.04,0.00,0.9656,19,0,1.00,None,1,0.00,0.00,0.00
2825,-3.60,105.75,5.04,0.00,0.9656,19,0,1.00,None,1,0.00,0.00,0.00
2826,-3.60,105.75,5.04,0.00,0.9655,19,0,1.00,None,1,0.00,0.00,0.00
2827,-3.60,105.75,5.04,0.00,0.9655,19,0,1.00,None,1,0.00,0.00,0.00
2828,-3.60,105.75,5.04,0.00,0.9655,19,0,1.00,None,1,0.00,0.00,0.00
2829,-3.60,105.75,5.04,0.00,0.9655,19,0,1.00,None,1,0.00,0.00,0.00
2830,-3.60,105.75,5.04,0.00,0.9655,19,0,1.00,None,1,0.00,0.00,0.00
2831,-3.60,105.75,5.04,0.00,0.9655,19,0,1.00,None,1,0.00,0.00,0.00
2832,-3.60,105.75,5.04,0.00,0.9655,19,0,1.00,None,1,0.00,0.00,0.00
2833,-3.60,105.75,5.04,0.00,0.9655,19,0,1.00,None,1,0.00,0.00,0.00
2834,-3.60,105.75,5.04,0.00,0.9655,19,0,1.00,None,1,0.00,0.00,0.00
2835,-3.60,105.75,5.04,0.00,0.9655,19,0,1.00,None,1,0.00,0.00,0.00
2836,-3.60,105.75,5.04,0.00,0.9654,19,0,1.00,None,1,0.00,0.00,0.00
2837,-3.60,105.75,5.04,0.00,0.9654,19,0,1.00,None,1,0.00,0.00,0.00
2838,-3.60,105.75,5.04,0.00,0.9654,19,0,1.00,None,1,0.00,0.00,0.00
2839,-3.60,105.75,5.04,0.00,0.9654,19,0,1.00,None,1,0.00,0.00,0.00
2840,-3.60,105.75,5.04,0.00,0.9654,19,0,1.00,None,1,0.00,0.00,0.00
2841,-3.60,105.75,5.04,0.00,0.9654,19,0,1.00,None,1,0.00,0.00,0.00
2842,-3.60,105.75,5.04,0.00,0.9654,19,0,1.00,None,1,0.00,0.00,0.00
2843,-3.60,105.75,5.04,0.00,0.9654,19,0,1.00,None,1,0.00,0.00,0.00
2844,-3.60,105.75,5.04,0.00,0.9654,19,0,1.00,None,1,0.00,0.00,0.00
2845,-3.60,105.75,5.04,0.00,0.9653,19,0,1.00,None,1,0.00,0.00,0.00
2846,-3.60,105.75,5.04,0.00,0.9653,19,0,1.00,None,1,0.00,0.00,0.00
2847,-3.60,105.75,5.04,0.00,0.9653,19,0,1.00,None,1,0.00,0.00,0.00
2848,-3.60,105.75,5.04,0.00,0.9653,19,0,1.00,None,1,0.00,0.00,0.00
2849,-3.60,105.75,5.04,0.00,0.9653,19,0,1.00,None,1,0.00,0.00,0.00
2850,-3.60,105.75,5.04,0.00,0.9653,19,0,1.00,None,1,0.00,0.00,0.00
2851,-3.60,105.75,5.04,0.00,0.9653,19,0,1.00,None,1,0.00,0.00,0.00
2852,-3.60,105.75,5.04,0.00,0.9653,19,0,1.00,None,1,0.00,0.00,0.00
2853,-3.60,105.75,5.04,0.00,0.9653,19,0,1.00,None,1,0.00,0.00,0.00
2854,-3.60,105.75,5.04,0.00,0.9653,19,0,1.00,None,1,0.00,0.00,0.00
2855,-3.60,105.75,5.04,0.00,0.9653,19,0,1.00,None,1,0.00,0.00,0.00
2856,-3.60,105.75,5.04,0.00,0.9652,19,0,1.00,None,1,0.00,0.00,0.00
2857,-3.60,105.75,5.04,0.00,0.9652,19,0,1.00,None,1,0.00,0.00,0.00
2858,-3.60,105.75,5.04,0.00,0.9652,19,0,1.00,None,1,0.00,0.00,0.00
2859,-3.60,105.75,5.04,0.00,0.9652,19,0,1.00,None,1,0.00,0.00,0.00
2860,-3.60,105.75,5.04,0.00,0.9652,19,0,1.00,None,1,0.00,0.00,0.00
2861,-3.60,105.75,5.04,0.00,0.9652,19,0,1.00,None,1,0.00,0.00,0.00
2862,-3.60,105.75,5.04,0.00,0.9652,19,0,1.00,None,1,0.00,0.00,0.00
2863,-3.60,105.95,5.04,4.21,0.9651,19,0,1.00,None,1,0.00,0.00,0.00
2864,-3.60,105.95,5.04,4.21,0.9651,19,0,1.00,None,1,0.00,0.00,0.00
2865,-3.60,105.95,5.04,4.21,0.9651,19,0,1.00,None,1,0.00,0.00,0.00
2866,-3.59,106.34,5.04,8.50,0.9651,19,0,1.00,None,1,0.00,0.00,0.00
2867,-3.59,106.34,5.04,8.50,0.9651,19,0,1.00,None,1,0.00,0.00,0.00
2868,-3.59,106.34,5.04,8.50,0.9651,19,0,1.00,None,1,0.00,0.00,0.00
2869,-3.59,106.34,5.04,8.50,0.9651,19,0,1.00,None,1,0.00,0.00,0.00
2870,-3.57,107.45,5.04,12.74,0.9651,19,0,1.00,None,1,0.00,0.00,0.00
2871,-3.57,107.45,5.04,12.74,0.9651,19,0,1.00,None,1,0.00,0.00,0.00
2872,-3.57,107.45,5.04,12.74,0.9651,19,0,1.00,None,1,0.00,0.00,0.00
2873,-3.54,108.52,5.04,20.72,0.9650,19,0,1.00,None,1,0.00,0.00,0.00
2874,-3.54,108.52,5.04,20.72,0.9650,19,0,1.00,None,1,0.00,0.00,0.00
2875,-3.52,109.56,5.04,25.42,0.9650,19,0,1.00,None,1,0.00,0.00,0.00
2876,-3.52,109.56,5.04,25.42,0.9650,19,0,1.00,None,1,0.00,0.00,0.00
2877,-3.49,110.96,5.04,29.17,0.9650,19,0,1.00,None,1,0.00,0.00,0.00
2878,-3.49,110.96,5.04,29.17,0.9650,19,0,1.00,None,1,0.00,0.00,0.00
2879,-3.46,112.43,5.04,33.55,0.9650,19,0,1.00,None,1,0.00,0.00,0.00
2880,-3.45,113.01,5.04,37.57,0.9649,19,0,1.00,None,1,0.00,0.00,0.00
2881,-3.45,113.01,5.04,37.57,0.9649,19,0,1.00,None,1,0.00,0.00,0.00
2882,-3.42,114.46,5.04,38.99,0.9649,19,0,1.00,None,1,0.00,0.00,0.00
2883,-3.42,114.46,5.04,38.99,0.9649,19,0,1.00,None,1,0.00,0.00,0.00
2884,-3.42,114.46,5.04,38.99,0.9649,19,0,1.00,None,1,0.00,0.00,0.00
2885,-3.42,114.46,5.04,38.99,0.9649,19,0,1.00,None,1,0.00,0.00,0.00
2886,-3.35,117.83,5.04,42.39,0.9649,19,0,1.00,None,1,0.00,0.00,0.00
2887,-3.35,117.83,5.04,42.39,0.9649,19,0,1.00,None,1,0.00,0.00,0.00
2888,-3.35,117.83,5.04,42.39,0.9649,19,0,1.00,None,1,0.00,0.00,0.00
2889,-3.30,120.48,5.04,49.66,0.9649,19,0,1.00,None,1,0.00,0.00,0.00
2890,-3.26,122.46,5.04,54.55,0.9648,19,0,1.00,None,1,0.00,0.00,0.00
2891,-3.24,123.31,5.04,57.87,0.9648,19,0,1.00,None,1,0.00,0.00,0.00
2892,-3.24,123.31,5.04,57.87,0.9648,19,0,1.00,None,1,0.00,0.00,0.00
2893,-3.20,125.54,5.04,59.21,0.9648,19,0,1.00,None,1,0.00,0.00,0.00
2894,-3.20,125.54,5.04,59.21,0.9648,19,0,1.00,None,1,0.00,0.00,0.00
2895,-3.20,125.54,5.04,59.21,0.9648,19,0,1.00,None,1,0.00,0.00,0.00
2896,-3.20,125.54,5.04,59.21,0.9648,19,0,1.00,None,1,0.00,0.00,0.00
2897,-3.09,130.72,5.05,62.65,0.9648,19,0,1.00,None,1,0.00,0.00,0.00
2898,-3.09,130.72,5.05,62.65,0.9648,19,0,1.00,None,1,0.00,0.00,0.00
2899,-3.09,130.72,5.05,62.65,0.9648,19,0,1.00,None,1,0.00,0.00,0.00
2900,-3.01,134.77,5.10,70.22,0.9647,19,0,1.00,None,1,0.00,0.00,0.00
2901,-3.01,134.77,5.10,70.22,0.9647,19,0,1.00,None,1,0.00,0.00,0.00
2902,-2.95,137.55,5.13,75.50,0.9647,19,0,1.00,None,1,0.00,0.00,0.00
2903,-2.93,138.78,5.04,79.06,0.9647,19,0,1.00,None,1,0.00,0.00,0.00
2904,-2.93,138.78,5.04,79.06,0.9647,19,0,1.00,None,1,0.00,0.00,0.00
2905,-2.86,141.90,5.18,80.36,0.9647,19,0,1.00,None,1,0.00,0.00,0.00
2906,-2.86,141.90,5.18,80.36,0.9647,19,0,1.00,None,1,0.00,0.00,0.00
2907,-2.86,141.90,5.18,80.36,0.9647,19,0,1.00,None,1,0.00,0.00,0.00
2908,-2.86,141.90,5.18,80.36,0.9647,19,0,1.00,None,1,0.00,0.00,0.00
2909,-2.85,142.60,5.19,0.00,0.9646,19,0,1.00,None,1,0.00,0.00,0.00
2910,-2.85,142.60,5.19,0.00,0.9646,19,0,1.00,None,1,0.00,0.00,0.00
2911,-2.85,142.60,5.19,0.00,0.9646,19,0,1.00,None,1,0.00,0.00,0.00
2912,-2.85,142.60,5.19,0.00,0.9646,19,0,1.00,None,1,0.00,0.00,0.00
2913,-2.85,142.60,5.19,0.00,0.9646,19,0,1.00,None,1,0.00,0.00,0.00
2914,-2.85,142.60,5.19,0.00,0.9646,19,0,1.00,None,1,0.00,0.00,0.00
2915,-2.85,142.60,5.19,0.00,0.9646,19,0,1.00,None,1,0.00,0.00,0.00
2916,-2.85,142.55,5.19,1.32,0.9646,19,0,1.00,None,1,0.00,0.00,0.00
2917,-2.85,142.55,5.19,1.32,0.9646,19,0,1.00,None,1,0.00,0.00,0.00
2918,-2.85,142.55,5.19,1.32,0.9646,19,0,1.00,None,1,0.00,0.00,0.00
2919,-2.85,142.55,5.19,1.32,0.9646,19,0,1.00,None,1,0.00,0.00,0.00
2920,-2.83,142.19,5.20,4.67,0.9645,19,0,1.00,None,1,0.00,0.00,0.00
2921,-2.83,142.19,5.20,4.67,0.9645,19,0,1.00,None,1,0.00,0.00,0.00
2922,-2.80,141.57,5.22,11.79,0.9645,19,0,1.00,None,1,0.00,0.00,0.00
2923,-2.80,141.57,5.22,11.79,0.9645,19,0,1.00,None,1,0.00,0.00,0.00
2924,-2.77,140.99,5.24,16.58,0.9645,19,0,1.00,None,1,0.00,0.00,0.00
2925,-2.75,140.70,5.25,19.80,0.9645,19,0,1.00,None,1,0.00,0.00,0.00
2926,-2.75,140.70,5.25,19.80,0.9645,19,0,1.00,None,1,0.00,0.00,0.00
2927,-2.71,139.92,5.27,21.15,0.9644,19,0,1.00,None,1,0.00,0.00,0.00
2928,-2.71,139.92,5.27,21.15,0.9644,19,0,1.00,None,1,0.00,0.00,0.00
2929,-2.71,139.92,5.27,21.15,0.9644,19,0,1.00,None,1,0.00,0.00,0.00
2930,-2.71,139.92,5.27,21.15,0.9644,19,0,1.00,None,1,0.00,0.00,0.00
2931,-2.62,137.98,5.27,24.50,0.9644,19,0,1.00,None,1,0.00,0.00,0.00
2932,-2.62,137.98,5.27,24.50,0.9644,19,0,1.00,None,1,0.00,0.00,0.00
2933,-2.53,136.23,5.27,31.76,0.9644,19,0,1.00,None,1,0.00,0.00,0.00
2934,-2.53,136.23,5.27,31.76,0.9644,19,0,1.00,None,1,0.00,0.00,0.00
2935,-2.46,134.90,5.27,36.80,0.9643,19,0,1.00,None,1,0.00,0.00,0.00
2936,-2.43,134.30,5.27,40.13,0.9643,19,0,1.00,None,1,0.00,0.00,0.00
2937,-2.43,134.30,5.27,40.13,0.9643,19,0,1.00,None,1,0.00,0.00,0.00
2938,-2.35,132.62,5.27,41.50,0.9643,19,0,1.00,None,1,0.00,0.00,0.00
2939,-2.35,132.62,5.27,41.50,0.9643,19,0,1.00,None,1,0.00,0.00,0.00
2940,-2.35,132.62,5.27,41.50,0.9643,19,0,1.00,None,1,0.00,0.00,0.00
2941,-2.35,132.62,5.27,41.50,0.9643,19,0,1.00,None,1,0.00,0.00,0.00
2942,-2.16,128.86,5.27,45.21,0.9643,19,0,1.00,None,1,0.00,0.00,0.00
2943,-2.16,128.86,5.27,45.21,0.9643,19,0,1.00,None,1,0.00,0.00,0.00
2944,-2.16,128.86,5.27,45.21,0.9643,19,0,1.00,None,1,0.00,0.00,0.00
2945,-2.00,125.85,5.26,52.81,0.9642,19,0,1.00,None,1,0.00,0.00,0.00
2946,-2.00,125.85,5.26,52.81,0.9642,19,0,1.00,None,1,0.00,0.00,0.00
2947,-1.90,123.73,5.26,58.04,0.9642,19,0,1.00,None,1,0.00,0.00,0.00
2948,-1.85,122.81,5.26,61.39,0.9642,19,0,1.00,None,1,0.00,0.00,0.00
2949,-1.73,120.45,5.26,62.76,0.9642,19,0,1.00,None,1,0.00,0.00,0.00
2950,-1.73,120.45,5.26,62.76,0.9642,19,0,1.00,None,1,0.00,0.00,0.00
2951,-1.73,120.45,5.26,62.76,0.9642,19,0,1.00,None,1,0.00,0.00,0.00
2952,-1.73,120.45,5.26,62.76,0.9642,19,0,1.00,None,1,0.00,0.00,0.00
2953,-1.73,120.45,5.26,62.76,0.9642,19,0,1.00,None,1,0.00,0.00,0.00
2954,-1.46,115.05,5.25,66.20,0.9641,19,0,1.00,None,1,0.00,0.00,0.00
2955,-1.46,115.05,5.25,66.20,0.9641,19,0,1.00,None,1,0.00,0.00,0.00
2956,-1.28,110.98,5.25,73.65,0.9641,19,0,1.00,None,1,0.00,0.00,0.00
2957,-1.28,110.98,5.25,73.65,0.9641,19,0,1.00,None,1,0.00,0.00,0.00
2958,-1.18,108.20,5.25,78.70,0.9641,19,0,1.00,None,1,0.00,0.00,0.00
2959,-1.13,107.05,5.25,81.93,0.9641,19,0,1.00,None,1,0.00,0.00,0.00
2960,-1.13,107.05,5.25,81.93,0.9641,19,0,1.00,None,1,0.00,0.00,0.00
2961,-0.98,103.77,5.28,83.14,0.9641,19,0,1.00,None,1,0.00,0.00,0.00
2962,-0.98,103.77,5.28,83.14,0.9641,19,0,1.00,None,1,0.00,0.00,0.00
2963,-0.98,103.77,5.28,83.14,0.9641,19,0,1.00,None,1,0.00,0.00,0.00
2964,-0.98,103.77,5.28,83.14,0.9641,19,0,1.00,None,1,0.00,0.00,0.00
2965,-0.97,96.29,5.24,85.76,0.9640,19,0,1.00,None,1,0.00,0.00,0.00
2966,-0.97,96.29,5.24,85.76,0.9640,19,0,1.00,None,1,0.00,0.00,0.00
2967,-0.97,96.29,5.24,85.76,0.9640,19,0,1.00,None,1,0.00,0.00,0.00
2968,-0.97,90.87,5.24,85.08,0.9640,19,0,1.00,None,1,0.00,0.00,0.00
2969,-0.97,90.87,5.24,85.08,0.9640,19,0,1.00,None,1,0.00,0.00,0.00
2970,-0.97,87.90,5.24,79.28,0.9639,19,0,1.00,None,1,0.00,0.00,0.00
2971,-0.97,86.53,5.24,75.86,0.9639,19,0,1.00,None,1,0.00,0.00,0.00
2972,-0.97,86.53,5.24,75.86,0.9639,19,0,1.00,None,1,0.00,0.00,0.00
2973,-0.97,86.53,5.24,75.86,0.9639,19,0,1.00,None,1,0.00,0.00,0.00
2974,-0.97,86.53,5.24,75.86,0.9639,19,0,1.00,None,1,0.00,0.00,0.00
2975,-0.97,80.69,5.24,74.22,0.9639,19,0,1.00,None,1,0.00,0.00,0.00
2976,-0.97,80.69,5.24,74.22,0.9639,19,0,1.00,None,1,0.00,0.00,0.00
2977,-0.97,80.69,5.24,74.22,0.9639,19,0,1.00,None,1,0.00,0.00,0.00
2978,-0.97,77.08,5.24,67.04,0.9639,19,0,1.00,None,1,0.00,0.00,0.00
2979,-0.97,77.08,5.24,67.04,0.9639,19,0,1.00,None,1,0.00,0.00,0.00
2980,-0.97,74.01,5.24,58.87,0.9638,19,0,1.00,None,1,0.00,0.00,0.00
2981,-0.97,74.01,5.24,58.87,0.9638,19,0,1.00,None,1,0.00,0.00,0.00
2982,-0.97,71.87,5.24,57.55,0.9638,19,0,1.00,None,1,0.00,0.00,0.00
2983,-0.97,71.87,5.24,57.55,0.9638,19,0,1.00,None,1,0.00,0.00,0.00
2984,-0.97,71.87,5.24,57.55,0.9638,19,0,1.00,None,1,0.00,0.00,0.00
2985,-0.97,71.87,5.24,57.55,0.9638,19,0,1.00,None,1,0.00,0.00,0.00
2986,-0.97,67.60,5.24,54.17,0.9638,19,0,1.00,None,1,0.00,0.00,0.00
2987,-0.97,67.60,5.24,54.17,0.9638,19,0,1.00,None,1,0.00,0.00,0.00
2988,-0.97,67.60,5.24,54.17,0.9638,19,0,1.00,None,1,0.00,0.00,0.00
2989,-0.97,65.02,5.24,46.99,0.9637,19,0,1.00,None,1,0.00,0.00,0.00
2990,-0.97,65.02,5.24,46.99,0.9637,19,0,1.00,None,1,0.00,0.00,0.00
2991,-0.97,62.89,5.24,38.65,0.9637,19,0,1.00,None,1,0.00,0.00,0.00
2992,-0.97,62.89,5.24,38.65,0.9637,19,0,1.00,None,1,0.00,0.00,0.00
2993,-0.97,62.89,5.24,38.65,0.9637,19,0,1.00,None,1,0.00,0.00,0.00
2994,-0.97,61.27,5.24,37.24,0.9637,19,0,1.00,None,1,0.00,0.00,0.00
2995,-0.97,61.27,5.24,37.24,0.9637,19,0,1.00,None,1,0.00,0.00,0.00
2996,-0.97,61.27,5.24,37.24,0.9637,19,0,1.00,None,1,0.00,0.00,0.00
2997,-0.97,61.27,5.24,37.24,0.9637,19,0,1.00,None,1,0.00,0.00,0.00
2998,-0.97,61.27,5.24,37.24,0.9637,19,0,1.00,None,1,0.00,0.00,0.00
2999,-0.97,57.96,5.24,33.27,0.9636,19,0,1.00,None,1,0.00,0.00,0.00
3000,-0.97,57.96,5.24,33.27,0.9636,19,0,1.00,None,1,0.00,0.00,0.00
3001,-0.47,56.66,5.24,25.90,0.9636,19,0,1.00,None,1,0.00,0.00,0.00
3002,-0.47,56.66,5.24,25.90,0.9636,19,0,1.00,None,1,0.00,0.00,0.00
3003,-0.11,55.87,5.26,21.20,0.9636,19,0,1.00,None,1,0.00,0.00,0.00
3004,-0.11,55.87,5.26,21.20,0.9636,19,0,1.00,None,1,0.00,0.00,0.00
3005,-0.11,55.87,5.26,21.20,0.9636,19,0,1.00,None,1,0.00,0.00,0.00
3006,0.36,54.72,5.27,24.85,0.9636,19,0,1.00,None,1,0.00,0.00,0.00
3007,0.36,54.72,5.27,24.85,0.9636,19,0,1.00,None,1,0.00,0.00,0.00
3008,0.87,53.33,5.28,29.31,0.9635,19,0,1.00,None,1,0.00,0.00,0.00
3009,0.87,53.33,5.28,29.31,0.9635,19,0,1.00,None,1,0.00,0.00,0.00
3010,0.87,53.33,5.28,29.31,0.9635,19,0,1.00,None,1,0.00,0.00,0.00
3011,1.43,51.61,5.26,33.73,0.9635,19,0,1.00,None,1,0.00,0.00,0.00
3012,1.43,51.61,5.26,33.73,0.9635,19,0,1.00,None,1,0.00,0.00,0.00
3013,1.43,51.61,5.26,33.73,0.9635,19,0,1.00,None,1,0.00,0.00,0.00
3014,1.96,49.67,5.26,38.34,0.9635,19,0,1.00,None,1,0.00,0.00,0.00
3015,1.96,49.67,5.26,38.34,0.9635,19,0,1.00,None,1,0.00,0.00,0.00
3016,2.45,47.58,5.28,42.89,0.9634,19,0,1.00,None,1,0.00,0.00,0.00
3017,2.45,47.58,5.28,42.89,0.9634,19,0,1.00,None,1,0.00,0.00,0.00
3018,2.45,47.58,5.28,42.89,0.9634,19,0,1.00,None,1,0.00,0.00,0.00
3019,2.92,45.23,5.04,47.51,0.9634,19,0,1.00,None,1,0.00,0.00,0.00
3020,2.92,45.23,5.04,47.51,0.9634,19,0,1.00,None,1,0.00,0.00,0.00
3021,2.92,45.23,5.04,47.51,0.9634,19,0,1.00,None,1,0.00,0.00,0.00
3022,3.59,41.40,5.04,51.73,0.9634,19,0,1.00,None,1,0.00,0.00,0.00
3023,3.59,41.40,5.04,51.73,0.9634,19,0,1.00,None,1,0.00,0.00,0.00
3024,3.91,39.17,5.04,58.39,0.9633,19,0,1.00,None,1,0.00,0.00,0.00
3025,4.09,37.72,5.03,61.81,0.9633,19,0,1.00,None,1,0.00,0.00,0.00
3026,4.09,37.72,5.03,61.81,0.9633,19,0,1.00,None,1,0.00,0.00,0.00
3027,4.09,37.72,5.03,61.81,0.9633,19,0,1.00,None,1,0.00,0.00,0.00
3028,4.47,34.54,5.03,63.91,0.9633,19,0,1.00,None,1,0.00,0.00,0.00
3029,4.47,34.54,5.03,63.91,0.9633,19,0,1.00,None,1,0.00,0.00,0.00
3030,4.47,34.54,5.03,63.91,0.9633,19,0,1.00,None,1,0.00,0.00,0.00
3031,4.47,34.54,5.03,63.91,0.9633,19,0,1.00,None,1,0.00,0.00,0.00
3032,4.47,34.54,5.03,63.91,0.9633,19,0,1.00,None,1,0.00,0.00,0.00
3033,5.17,27.75,5.03,68.35,0.9632,19,0,1.00,None,1,0.00,0.00,0.00
3034,5.17,27.75,5.03,68.35,0.9632,19,0,1.00,None,1,0.00,0.00,0.00
3035,5.17,27.75,5.03,68.35,0.9632,19,0,1.00,None,1,0.00,0.00,0.00
3036,5.46,23.73,5.02,77.24,0.9632,19,0,1.00,None,1,0.00,0.00,0.00
3037,5.46,23.73,5.02,77.24,0.9632,19,0,1.00,None,1,0.00,0.00,0.00
3038,5.66,20.25,5.02,81.85,0.9632,19,0,1.00,None,1,0.00,0.00,0.00
3039,5.66,20.25,5.02,81.85,0.9632,19,0,1.00,None,1,0.00,0.00,0.00
3040,5.66,20.25,5.02,81.85,0.9632,19,0,1.00,None,1,0.00,0.00,0.00
3041,5.88,15.20,5.02,85.59,0.9632,19,0,1.00,None,1,0.00,0.00,0.00
3042,5.88,15.20,5.02,85.59,0.9632,19,0,1.00,None,1,0.00,0.00,0.00
3043,5.88,15.20,5.02,85.59,0.9632,19,0,1.00,None,1,0.00,0.00,0.00
3044,6.07,9.99,5.02,87.61,0.9631,19,0,1.00,None,1,0.00,0.00,0.00
3045,6.07,9.99,5.02,87.61,0.9631,19,0,1.00,None,1,0.00,0.00,0.00
3046,6.07,9.99,5.02,87.61,0.9631,19,0,1.00,None,1,0.00,0.00,0.00
3047,6.07,9.99,5.02,87.61,0.9631,19,0,1.00,None,1,0.00,0.00,0.00
3048,6.33,2.93,5.02,87.61,0.9631,19,0,1.00,None,1,0.00,0.00,0.00
3049,6.33,2.93,5.02,87.61,0.9631,19,0,1.00,None,1,0.00,0.00,0.00
3050,6.45,-0.47,5.02,87.61,0.9631,19,0,1.00,None,1,0.00,0.00,0.00
3051,6.47,-2.95,5.03,87.61,0.9630,19,0,1.00,None,1,0.00,0.00,0.00
3052,6.47,-2.95,5.03,87.61,0.9630,19,0,1.00,None,1,0.00,0.00,0.00
3053,6.47,-2.95,5.03,87.61,0.9630,19,0,1.00,None,1,0.00,0.00,0.00
3054,6.47,-2.95,5.03,87.61,0.9630,19,0,1.00,None,1,0.00,0.00,0.00
3055,6.47,-2.95,5.03,87.61,0.9630,19,0,1.00,None,1,0.00,0.00,0.00
3056,6.55,-11.65,5.04,87.61,0.9630,19,0,1.00,None,1,0.00,0.00,0.00
3057,6.55,-11.65,5.04,87.61,0.9630,19,0,1.00,None,1,0.00,0.00,0.00
3058,6.55,-11.65,5.04,87.61,0.9630,19,0,1.00,None,1,0.00,0.00,0.00
3059,6.55,-11.65,5.04,87.61,0.9630,19,0,1.00,None,1,0.00,0.00,0.00
3060,6.55,-11.65,5.04,87.61,0.9630,19,0,1.00,None,1,0.00,0.00,0.00
3061,6.64,-21.16,5.03,87.61,0.9629,19,0,1.00,None,1,0.00,0.00,0.00
3062,6.64,-21.16,5.03,87.61,0.9629,19,0,1.00,None,1,0.00,0.00,0.00
3063,6.64,-21.16,5.03,87.61,0.9629,19,0,1.00,None,1,0.00,0.00,0.00
3064,6.69,-26.40,5.02,87.61,0.9629,19,0,1.00,None,1,0.00,0.00,0.00
3065,6.69,-26.40,5.02,87.61,0.9629,19,0,1.00,None,1,0.00,0.00,0.00
3066,6.69,-26.40,5.02,87.61,0.9629,19,0,1.00,None,1,0.00,0.00,0.00
3067,6.69,-26.40,5.02,87.61,0.9629,19,0,1.00,None,1,0.00,0.00,0.00
3068,6.75,-32.47,5.02,87.61,0.9629,19,0,1.00,None,1,0.00,0.00,0.00
3069,6.75,-32.47,5.02,87.61,0.9629,19,0,1.00,None,1,0.00,0.00,0.00
3070,6.78,-35.86,5.02,87.61,0.9628,19,0,1.00,None,1,0.00,0.00,0.00
3071,6.81,-38.70,5.02,87.61,0.9628,19,0,1.00,None,1,0.00,0.00,0.00
3072,6.81,-38.70,5.02,87.61,0.9628,19,0,1.00,None,1,0.00,0.00,0.00
3073,6.81,-38.70,5.02,87.61,0.9628,19,0,1.00,None,1,0.00,0.00,0.00
3074,6.81,-38.70,5.02,87.61,0.9628,19,0,1.00,None,1,0.00,0.00,0.00
3075,6.81,-38.70,5.02,87.61,0.9628,19,0,1.00,None,1,0.00,0.00,0.00
3076,6.88,-46.52,5.01,87.61,0.9628,19,0,1.00,None,1,0.00,0.00,0.00
3077,6.88,-46.52,5.01,87.61,0.9628,19,0,1.00,None,1,0.00,0.00,0.00
3078,6.88,-46.52,5.01,87.61,0.9628,19,0,1.00,None,1,0.00,0.00,0.00
3079,6.88,-46.52,5.01,87.61,0.9628,19,0,1.00,None,1,0.00,0.00,0.00
3080,6.95,-54.08,5.01,87.61,0.9627,19,0,1.00,None,1,0.00,0.00,0.00
3081,6.95,-54.08,5.01,87.61,0.9627,19,0,1.00,None,1,0.00,0.00,0.00
3082,6.98,-57.47,5.01,87.61,0.9627,19,0,1.00,None,1,0.00,0.00,0.00
3083,6.98,-57.47,5.01,87.61,0.9627,19,0,1.00,None,1,0.00,0.00,0.00
3084,6.98,-57.47,5.01,87.61,0.9627,19,0,1.00,None,1,0.00,0.00,0.00
3085,7.03,-62.83,5.01,87.61,0.9627,19,0,1.00,None,1,0.00,0.00,0.00
3086,7.03,-62.83,5.01,87.61,0.9627,19,0,1.00,None,1,0.00,0.00,0.00
3087,7.03,-62.83,5.01,87.61,0.9627,19,0,1.00,None,1,0.00,0.00,0.00
3088,7.03,-62.83,5.01,87.61,0.9627,19,0,1.00,None,1,0.00,0.00,0.00
3089,7.03,-62.83,5.01,87.61,0.9627,19,0,1.00,None,1,0.00,0.00,0.00
3090,7.11,-71.05,5.01,87.61,0.9626,19,0,1.00,None,1,0.00,0.00,0.00
3091,7.11,-71.05,5.01,87.61,0.9626,19,0,1.00,None,1,0.00,0.00,0.00
3092,7.14,-74.20,5.01,87.61,0.9626,19,0,1.00,None,1,0.00,0.00,0.00
3093,7.16,-76.81,5.01,87.61,0.9626,19,0,1.00,None,1,0.00,0.00,0.00
3094,7.16,-76.81,5.01,87.61,0.9626,19,0,1.00,None,1,0.00,0.00,0.00
3095,7.16,-76.81,5.01,87.61,0.9626,19,0,1.00,None,1,0.00,0.00,0.00
3096,7.16,-76.81,5.01,87.61,0.9626,19,0,1.00,None,1,0.00,0.00,0.00
3097,7.16,-76.81,5.01,87.61,0.9626,19,0,1.00,None,1,0.00,0.00,0.00
3098,7.16,-76.81,5.01,87.61,0.9626,19,0,1.00,None,1,0.00,0.00,0.00
3099,7.25,-86.44,5.01,87.61,0.9625,19,0,1.00,None,1,0.00,0.00,0.00
3100,7.25,-86.44,5.01,87.61,0.9625,19,0,1.00,None,1,0.00,0.00,0.00
3101,7.25,-86.44,5.01,87.61,0.9625,19,0,1.00,None,1,0.00,0.00,0.00
3102,7.30,-91.95,5.01,87.61,0.9625,19,0,1.00,None,1,0.00,0.00,0.00
3103,7.30,-91.95,5.01,87.61,0.9625,19,0,1.00,None,1,0.00,0.00,0.00
3104,7.34,-95.55,5.01,87.61,0.9625,19,0,1.00,None,1,0.00,0.00,0.00
3105,7.34,-95.55,5.01,87.61,0.9625,19,0,1.00,None,1,0.00,0.00,0.00
3106,7.34,-95.55,5.01,87.61,0.9625,19,0,1.00,None,1,0.00,0.00,0.00
3107,7.34,-95.55,5.01,87.61,0.9625,19,0,1.00,None,1,0.00,0.00,0.00
3108,7.41,-103.49,5.01,87.61,0.9624,19,0,1.00,None,1,0.00,0.00,0.00
3109,7.41,-103.49,5.01,87.61,0.9624,19,0,1.00,None,1,0.00,0.00,0.00
3110,7.41,-103.49,5.01,87.61,0.9624,19,0,1.00,None,1,0.00,0.00,0.00
3111,7.45,-107.21,5.01,87.61,0.9624,19,0,1.00,None,1,0.00,0.00,0.00
3112,7.45,-107.21,5.01,87.61,0.9624,19,0,1.00,None,1,0.00,0.00,0.00
3113,7.45,-107.21,5.01,87.61,0.9624,19,0,1.00,None,1,0.00,0.00,0.00
3114,7.50,-113.04,5.01,87.61,0.9624,19,0,1.00,None,1,0.00,0.00,0.00
3115,7.50,-113.04,5.01,87.61,0.9624,19,0,1.00,None,1,0.00,0.00,0.00
3116,7.50,-113.04,5.01,87.61,0.9624,19,0,1.00,None,1,0.00,0.00,0.00
