t,p_t_x,p_t_y,h_t,v_t,e_t,|A_t|,|M_t|,Pi
1,7.56,-119.25,5.01,0.00,0.9979,19,0,None
2,7.56,-119.25,5.01,0.00,0.9979,19,0,None
3,7.56,-119.25,5.01,0.00,0.9979,19,0,None
4,7.56,-119.25,5.01,0.00,0.9979,19,0,None
5,7.56,-119.25,5.01,0.00,0.9979,19,0,None
6,7.55,-119.23,5.01,0.73,0.9979,19,0,None
7,7.55,-119.23,5.01,0.73,0.9979,19,0,None
8,7.55,-119.23,5.01,0.73,0.9979,19,0,None
9,7.55,-119.23,5.01,0.73,0.9979,19,0,None
10,7.55,-119.23,5.01,0.73,0.9979,19,0,None
11,7.50,-119.12,5.01,1.09,0.9978,19,0,None
12,7.50,-119.12,5.01,1.09,0.9978,19,0,None
13,7.50,-119.12,5.01,1.09,0.9978,19,0,None
14,7.50,-119.12,5.01,1.09,0.9978,19,0,None
15,7.50,-119.12,5.01,1.09,0.9978,19,0,None
16,7.43,-118.94,5.01,2.00,0.9978,19,0,None
17,7.43,-118.94,5.01,2.00,0.9978,19,0,None
18,7.43,-118.94,5.01,2.00,0.9978,19,0,None
19,7.38,-118.82,5.01,2.00,0.9977,19,0,None
20,7.38,-118.82,5.01,2.00,0.9977,19,0,None
21,7.38,-118.82,5.01,2.00,0.9977,19,0,None
22,7.38,-118.82,5.01,2.00,0.9977,19,0,None
23,7.33,-118.68,5.01,2.00,0.9977,19,0,None
24,7.33,-118.68,5.01,2.00,0.9977,19,0,None
25,7.29,-118.60,5.01,2.00,0.9977,19,0,None
26,7.29,-118.60,5.01,2.00,0.9977,19,0,None
27,7.29,-118.60,5.01,2.00,0.9977,19,0,None
28,7.25,-118.48,5.01,2.00,0.9976,19,0,None
29,7.25,-118.48,5.01,2.00,0.9976,19,0,None
30,7.25,-118.48,5.01,2.00,0.9976,19,0,None
31,7.25,-118.48,5.01,2.00,0.9976,19,0,None
32,7.25,-118.48,5.01,2.00,0.9976,19,0,None
33,7.25,-118.48,5.01,2.00,0.9976,19,0,None
34,7.17,-118.30,5.01,2.00,0.9976,19,0,None
35,7.17,-118.30,5.01,2.00,0.9976,19,0,None
36,7.17,-118.30,5.01,2.00,0.9976,19,0,None
37,7.12,-118.16,5.01,2.00,0.9975,19,0,None
38,7.12,-118.16,5.01,2.00,0.9975,19,0,None
39,7.08,-118.08,5.01,2.00,0.9975,19,0,None
40,7.08,-118.08,5.01,2.00,0.9975,19,0,None
41,7.08,-118.08,5.01,2.00,0.9975,19,0,None
42,7.08,-118.08,5.01,2.00,0.9975,19,0,None
43,7.03,-117.95,5.01,2.00,0.9975,19,0,None
44,7.03,-117.95,5.01,2.00,0.9975,19,0,None
45,7.03,-117.95,5.01,2.00,0.9975,19,0,None
46,7.03,-117.95,5.01,2.00,0.9975,19,0,None
47,7.03,-117.95,5.01,2.00,0.9975,19,0,None
48,6.96,-117.76,5.01,2.00,0.9974,19,0,None
49,6.96,-117.76,5.01,2.00,0.9974,19,0,None
50,6.93,-117.70,5.01,2.00,0.9974,19,0,None
51,6.90,-117.63,5.01,2.00,0.9974,19,0,None
52,6.90,-117.63,5.01,2.00,0.9974,19,0,None
53,6.90,-117.63,5.01,2.00,0.9974,19,0,None
54,6.90,-117.63,5.01,2.00,0.9974,19,0,None
55,6.85,-117.50,5.01,2.00,0.9973,19,0,None
56,6.85,-117.50,5.01,2.00,0.9973,19,0,None
57,6.85,-117.50,5.01,2.00,0.9973,19,0,None
58,6.80,-117.37,5.02,2.00,0.9973,19,0,None
59,6.80,-117.37,5.02,2.00,0.9973,19,0,None
60,6.80,-117.37,5.02,2.00,0.9973,19,0,None
61,6.80,-117.37,5.02,2.00,0.9973,19,0,None
62,6.74,-117.24,5.02,2.00,0.9972,19,0,None
63,6.74,-117.24,5.02,2.00,0.9972,19,0,None
64,6.74,-117.24,5.02,2.00,0.9972,19,0,None
65,6.74,-117.24,5.02,2.00,0.9972,19,0,None
66,6.69,-117.10,5.02,2.00,0.9972,19,0,None
67,6.69,-117.10,5.02,2.00,0.9972,19,0,None
68,6.69,-117.10,5.02,2.00,0.9972,19,0,None
69,6.69,-117.10,5.02,2.00,0.9972,19,0,None
70,6.69,-117.10,5.02,2.00,0.9972,19,0,None
71,6.69,-117.10,5.02,2.00,0.9972,19,0,None
72,6.60,-116.89,5.02,2.00,0.9971,19,0,None
73,6.60,-116.89,5.02,2.00,0.9971,19,0,None
74,6.60,-116.89,5.02,2.00,0.9971,19,0,None
75,6.55,-116.76,5.02,2.00,0.9971,19,0,None
76,6.55,-116.76,5.02,2.00,0.9971,19,0,None
77,6.55,-116.76,5.02,2.00,0.9971,19,0,None
78,6.50,-116.63,5.02,2.00,0.9971,19,0,None
79,6.50,-116.63,5.02,2.00,0.9971,19,0,None
80,6.50,-116.63,5.02,2.00,0.9971,19,0,None
81,6.50,-116.63,5.02,2.00,0.9971,19,0,None
82,6.44,-116.50,5.02,2.00,0.9970,19,0,None
83,6.44,-116.50,5.02,2.00,0.9970,19,0,None
84,6.44,-116.50,5.02,2.00,0.9970,19,0,None
85,6.39,-116.37,5.02,2.00,0.9970,19,0,None
86,6.39,-116.37,5.02,2.00,0.9970,19,0,None
87,6.39,-116.37,5.02,2.00,0.9970,19,0,None
88,6.39,-116.37,5.02,2.00,0.9970,19,0,None
89,6.34,-116.23,5.02,2.00,0.9969,19,0,None
90,6.34,-116.23,5.02,2.00,0.9969,19,0,None
91,6.34,-116.23,5.02,2.00,0.9969,19,0,None
92,6.34,-116.23,5.02,2.00,0.9969,19,0,None
93,6.28,-116.10,5.02,2.00,0.9969,19,0,None
94,6.28,-116.10,5.02,2.00,0.9969,19,0,None
95,6.28,-116.10,5.02,2.00,0.9969,19,0,None
96,6.24,-115.98,5.02,2.00,0.9969,19,0,None
97,6.24,-115.98,5.02,2.00,0.9969,19,0,None
98,6.24,-115.98,5.02,2.00,0.9969,19,0,None
99,6.24,-115.98,5.02,2.00,0.9969,19,0,None
100,6.18,-115.84,5.02,2.00,0.9968,19,0,None
101,6.18,-115.84,5.02,2.00,0.9968,19,0,None
102,6.18,-115.84,5.02,2.00,0.9968,19,0,None
103,6.12,-115.71,5.02,2.00,0.9968,19,0,None
104,6.12,-115.71,5.02,2.00,0.9968,19,0,None
105,6.12,-115.71,5.02,2.00,0.9968,19,0,None
106,6.12,-115.71,5.02,2.00,0.9968,19,0,None
107,6.07,-115.58,5.02,2.00,0.9967,19,0,None
108,6.07,-115.58,5.02,2.00,0.9967,19,0,None
109,6.07,-115.58,5.02,2.00,0.9967,19,0,None
110,6.02,-115.44,5.02,2.00,0.9967,19,0,None
111,6.02,-115.44,5.02,2.00,0.9967,19,0,None
112,6.02,-115.44,5.02,2.00,0.9967,19,0,None
113,6.02,-115.44,5.02,2.00,0.9967,19,0,None
114,5.97,-115.32,5.02,2.00,0.9967,19,0,None
115,5.97,-115.32,5.02,2.00,0.9967,19,0,None
116,5.97,-115.32,5.02,2.00,0.9967,19,0,None
117,5.97,-115.32,5.02,2.00,0.9967,19,0,None
118,5.91,-115.18,5.02,2.00,0.9966,19,0,None
119,5.91,-115.18,5.02,2.00,0.9966,19,0,None
120,5.91,-115.18,5.02,2.00,0.9966,19,0,None
121,5.86,-115.06,5.02,2.00,0.9966,19,0,None
122,5.86,-115.06,5.02,2.00,0.9966,19,0,None
123,5.84,-115.00,5.02,2.00,0.9966,19,0,None
124,5.84,-115.00,5.02,2.00,0.9966,19,0,None
125,5.84,-115.00,5.02,2.00,0.9966,19,0,None
126,5.78,-114.86,5.02,2.00,0.9965,19,0,None
127,5.78,-114.86,5.02,2.00,0.9965,19,0,None
128,5.78,-114.86,5.02,2.00,0.9965,19,0,None
129,5.78,-114.86,5.02,2.00,0.9965,19,0,None
130,5.73,-114.73,5.02,2.00,0.9965,19,0,None
131,5.73,-114.73,5.02,2.00,0.9965,19,0,None
132,5.73,-114.73,5.02,2.00,0.9965,19,0,None
133,5.68,-114.60,5.02,2.00,0.9965,19,0,None
134,5.68,-114.60,5.02,2.00,0.9965,19,0,None
135,5.68,-114.60,5.02,2.00,0.9965,19,0,None
136,5.68,-114.60,5.02,2.00,0.9965,19,0,None
137,5.62,-114.47,5.02,2.00,0.9964,19,0,None
138,5.62,-114.47,5.02,2.00,0.9964,19,0,None
139,5.62,-114.47,5.02,2.00,0.9964,19,0,None
140,5.62,-114.47,5.02,2.00,0.9964,19,0,None
141,5.62,-114.47,5.02,2.00,0.9964,19,0,None
142,5.62,-114.47,5.02,2.00,0.9964,19,0,None
143,5.54,-114.25,5.02,2.00,0.9964,19,0,None
144,5.54,-114.25,5.02,2.00,0.9964,19,0,None
145,5.54,-114.25,5.02,2.00,0.9964,19,0,None
146,5.49,-114.14,5.02,2.00,0.9963,19,0,None
147,5.46,-114.07,5.02,2.00,0.9963,19,0,None
148,5.46,-114.07,5.02,2.00,0.9963,19,0,None
149,5.46,-114.07,5.02,2.00,0.9963,19,0,None
150,5.46,-114.07,5.02,2.00,0.9963,19,0,None
151,5.41,-113.94,5.03,2.00,0.9963,19,0,None
152,5.41,-113.94,5.03,2.00,0.9963,19,0,None
153,5.41,-113.94,5.03,2.00,0.9963,19,0,None
154,5.41,-113.94,5.03,2.00,0.9963,19,0,None
155,5.36,-113.81,5.03,2.00,0.9962,19,0,None
156,5.36,-113.81,5.03,2.00,0.9962,19,0,None
157,5.36,-113.81,5.03,2.00,0.9962,19,0,None
158,5.36,-113.81,5.03,2.00,0.9962,19,0,None
159,5.36,-113.81,5.03,2.00,0.9962,19,0,None
160,5.27,-113.60,5.03,2.00,0.9962,19,0,None
161,5.27,-113.60,5.03,2.00,0.9962,19,0,None
162,5.27,-113.60,5.03,2.00,0.9962,19,0,None
163,5.27,-113.60,5.03,2.00,0.9962,19,0,None
164,5.21,-113.46,5.03,2.00,0.9961,19,0,None
165,5.21,-113.46,5.03,2.00,0.9961,19,0,None
166,5.21,-113.46,5.03,2.00,0.9961,19,0,None
167,5.21,-113.46,5.03,2.00,0.9961,19,0,None
168,5.21,-113.46,5.03,2.00,0.9961,19,0,None
169,5.21,-113.46,5.03,2.00,0.9961,19,0,None
170,5.21,-113.46,5.03,2.00,0.9961,19,0,None
171,5.21,-113.46,5.03,2.00,0.9961,19,0,None
172,5.21,-113.46,5.03,2.00,0.9961,19,0,None
173,5.21,-113.46,5.03,2.00,0.9961,19,0,None
174,5.21,-113.46,5.03,2.00,0.9961,19,0,None
175,5.21,-113.46,5.03,2.00,0.9961,19,0,None
176,5.21,-113.46,5.03,2.00,0.9961,19,0,None
177,5.21,-113.46,5.03,2.00,0.9961,19,0,None
178,5.21,-113.46,5.03,2.00,0.9961,19,0,None
179,5.21,-113.46,5.03,2.00,0.9961,19,0,None
180,5.21,-113.46,5.03,2.00,0.9961,19,0,None
181,4.96,-112.84,5.03,2.00,0.9959,19,0,None
182,4.96,-112.84,5.03,2.00,0.9959,19,0,None
183,4.96,-112.84,5.03,2.00,0.9959,19,0,None
184,4.96,-112.84,5.03,2.00,0.9959,19,0,None
185,4.96,-112.84,5.03,2.00,0.9959,19,0,None
186,4.96,-112.84,5.03,2.00,0.9959,19,0,None
187,4.96,-112.84,5.03,2.00,0.9959,19,0,None
188,4.96,-112.84,5.03,2.00,0.9959,19,0,None
189,4.85,-112.55,5.03,2.00,0.9958,19,0,None
190,4.82,-112.48,5.03,2.00,0.9958,19,0,None
191,4.82,-112.48,5.03,2.00,0.9958,19,0,None
192,4.82,-112.48,5.03,2.00,0.9958,19,0,None
193,4.78,-112.38,5.03,2.00,0.9958,19,0,None
194,4.78,-112.38,5.03,2.00,0.9958,19,0,None
195,4.78,-112.38,5.03,2.00,0.9958,19,0,None
196,4.78,-112.38,5.03,2.00,0.9958,19,0,None
197,4.72,-112.24,5.03,2.00,0.9957,19,0,None
198,4.72,-112.24,5.03,2.00,0.9957,19,0,None
199,4.72,-112.24,5.03,2.00,0.9957,19,0,None
200,4.67,-112.11,5.03,2.00,0.9957,19,0,None
201,4.67,-112.11,5.03,2.00,0.9957,19,0,None
202,4.67,-112.11,5.03,2.00,0.9957,19,0,None
203,4.67,-112.11,5.03,2.00,0.9957,19,0,None
204,4.62,-111.97,5.03,2.00,0.9957,19,0,None
205,4.62,-111.97,5.03,2.00,0.9957,19,0,None
206,4.62,-111.97,5.03,2.00,0.9957,19,0,None
207,4.62,-111.97,5.03,2.00,0.9957,19,0,None
208,4.56,-111.84,5.03,2.00,0.9956,19,0,None
209,4.56,-111.84,5.03,2.00,0.9956,19,0,None
210,4.56,-111.84,5.03,2.00,0.9956,19,0,None
211,4.51,-111.71,5.03,2.00,0.9956,19,0,None
212,4.51,-111.71,5.03,2.00,0.9956,19,0,None
213,4.51,-111.71,5.03,2.00,0.9956,19,0,None
214,4.47,-111.62,5.03,2.00,0.9956,19,0,None
215,4.47,-111.62,5.03,2.00,0.9956,19,0,None
216,4.47,-111.62,5.03,2.00,0.9956,19,0,None
217,4.42,-111.49,5.03,2.00,0.9955,19,0,None
218,4.42,-111.49,5.03,2.00,0.9955,19,0,None
219,4.42,-111.49,5.03,2.00,0.9955,19,0,None
220,4.42,-111.49,5.03,2.00,0.9955,19,0,None
221,4.42,-111.49,5.03,2.00,0.9955,19,0,None
222,4.35,-111.31,5.03,2.00,0.9955,19,0,None
223,4.35,-111.31,5.03,2.00,0.9955,19,0,None
224,4.32,-111.23,5.03,2.00,0.9954,19,0,None
225,4.32,-111.23,5.03,2.00,0.9954,19,0,None
226,4.29,-111.17,5.03,2.00,0.9954,19,0,None
227,4.29,-111.17,5.03,2.00,0.9954,19,0,None
228,4.29,-111.17,5.03,2.00,0.9954,19,0,None
229,4.29,-111.17,5.03,2.00,0.9954,19,0,None
230,4.29,-111.17,5.03,2.00,0.9954,19,0,None
231,4.21,-110.96,5.03,2.00,0.9954,19,0,None
232,4.21,-110.96,5.03,2.00,0.9954,19,0,None
233,4.21,-110.96,5.03,2.00,0.9954,19,0,None
234,4.21,-110.96,5.03,2.00,0.9954,19,0,None
235,4.21,-110.96,5.03,2.00,0.9954,19,0,None
236,4.13,-110.79,5.03,2.00,0.9953,19,0,None
237,4.13,-110.79,5.03,2.00,0.9953,19,0,None
238,4.13,-110.79,5.03,2.00,0.9953,19,0,None
239,4.13,-110.79,5.03,2.00,0.9953,19,0,None
240,4.08,-110.66,5.03,2.00,0.9953,19,0,None
241,4.08,-110.66,5.03,2.00,0.9953,19,0,None
242,4.08,-110.66,5.03,2.00,0.9953,19,0,None
243,4.03,-110.52,5.04,2.00,0.9952,19,0,None
244,4.03,-110.52,5.04,2.00,0.9952,19,0,None
245,4.03,-110.52,5.04,2.00,0.9952,19,0,None
246,4.03,-110.52,5.04,2.00,0.9952,19,0,None
247,3.98,-110.39,5.04,2.00,0.9952,19,0,None
248,3.98,-110.39,5.04,2.00,0.9952,19,0,None
249,3.98,-110.39,5.04,2.00,0.9952,19,0,None
250,3.92,-110.26,5.04,2.00,0.9952,19,0,None
251,3.92,-110.26,5.04,2.00,0.9952,19,0,None
252,3.92,-110.26,5.04,2.00,0.9952,19,0,None
253,3.92,-110.26,5.04,2.00,0.9952,19,0,None
254,3.87,-110.13,5.04,2.00,0.9951,19,0,None
255,3.87,-110.13,5.04,2.00,0.9951,19,0,None
256,3.87,-110.13,5.04,2.00,0.9951,19,0,None
257,3.82,-110.00,5.04,2.00,0.9951,19,0,None
258,3.82,-110.00,5.04,2.00,0.9951,19,0,None
259,3.82,-110.00,5.04,2.00,0.9951,19,0,None
260,3.82,-110.00,5.04,2.00,0.9951,19,0,None
261,3.76,-109.87,5.04,2.00,0.9950,19,0,None
262,3.76,-109.87,5.04,2.00,0.9950,19,0,None
263,3.76,-109.87,5.04,2.00,0.9950,19,0,None
264,3.76,-109.87,5.04,2.00,0.9950,19,0,None
265,3.71,-109.73,5.04,2.00,0.9950,19,0,None
266,3.71,-109.73,5.04,2.00,0.9950,19,0,None
267,3.71,-109.73,5.04,2.00,0.9950,19,0,None
268,3.66,-109.61,5.04,2.00,0.9950,19,0,None
269,3.66,-109.61,5.04,2.00,0.9950,19,0,None
270,3.66,-109.61,5.04,2.00,0.9950,19,0,None
271,3.61,-109.48,5.04,2.00,0.9949,19,0,None
272,3.61,-109.48,5.04,2.00,0.9949,19,0,None
273,3.57,-109.40,5.04,2.00,0.9949,19,0,None
274,3.57,-109.40,5.04,2.00,0.9949,19,0,None
275,3.57,-109.40,5.04,2.00,0.9949,19,0,None
276,3.57,-109.40,5.04,2.00,0.9949,19,0,None
277,3.52,-109.27,5.04,2.00,0.9949,19,0,None
278,3.52,-109.27,5.04,2.00,0.9949,19,0,None
279,3.52,-109.27,5.04,2.00,0.9949,19,0,None
280,3.52,-109.27,5.04,2.00,0.9949,19,0,None
281,3.52,-109.27,5.04,2.00,0.9949,19,0,None
282,3.45,-109.10,5.04,2.00,0.9948,19,0,None
283,3.45,-109.10,5.04,2.00,0.9948,19,0,None
284,3.45,-109.10,5.04,2.00,0.9948,19,0,None
285,3.40,-108.97,5.04,2.00,0.9948,19,0,None
286,3.40,-108.97,5.04,2.00,0.9948,19,0,None
287,3.40,-108.97,5.04,2.00,0.9948,19,0,None
288,3.35,-108.84,5.04,2.00,0.9947,19,0,None
289,3.35,-108.84,5.04,2.00,0.9947,19,0,None
290,3.35,-108.84,5.04,2.00,0.9947,19,0,None
291,3.32,-108.76,5.04,2.00,0.9947,19,0,None
292,3.32,-108.76,5.04,2.00,0.9947,19,0,None
293,3.32,-108.76,5.04,2.00,0.9947,19,0,None
294,3.26,-108.63,5.04,2.00,0.9947,19,0,None
295,3.26,-108.63,5.04,2.00,0.9947,19,0,None
296,3.26,-108.63,5.04,2.00,0.9947,19,0,None
297,3.26,-108.63,5.04,2.00,0.9947,19,0,None
298,3.26,-108.63,5.04,2.00,0.9947,19,0,None
299,3.20,-108.46,5.04,2.00,0.9946,19,0,None
300,3.20,-108.46,5.04,2.00,0.9946,19,0,None
301,3.20,-108.46,5.04,2.00,0.9946,19,0,None
302,3.14,-108.34,5.04,2.00,0.9946,19,0,None
303,3.14,-108.34,5.04,2.00,0.9946,19,0,None
304,3.14,-108.34,5.04,2.00,0.9946,19,0,None
305,3.14,-108.34,5.04,2.00,0.9946,19,0,None
306,3.09,-108.21,5.04,2.00,0.9945,19,0,None
307,3.09,-108.21,5.04,2.00,0.9945,19,0,None
308,3.09,-108.21,5.04,2.00,0.9945,19,0,None
309,3.04,-108.09,5.04,2.00,0.9945,19,0,None
310,3.04,-108.09,5.04,2.00,0.9945,19,0,None
311,3.04,-108.09,5.04,2.00,0.9945,19,0,None
312,3.04,-108.09,5.04,2.00,0.9945,19,0,None
313,2.99,-107.95,5.04,2.00,0.9945,19,0,None
314,2.99,-107.95,5.04,2.00,0.9945,19,0,None
315,2.99,-107.95,5.04,2.00,0.9945,19,0,None
316,2.99,-107.95,5.04,2.00,0.9945,19,0,None
317,2.93,-107.80,5.04,2.00,0.9944,19,0,None
318,2.93,-107.80,5.04,2.00,0.9944,19,0,None
319,2.89,-107.70,5.05,2.01,0.9944,19,0,None
320,2.89,-107.70,5.05,2.01,0.9944,19,0,None
321,2.89,-107.70,5.05,2.01,0.9944,19,0,None
322,2.89,-107.70,5.05,2.01,0.9944,19,0,None
323,2.83,-107.57,5.08,2.05,0.9943,19,0,None
324,2.83,-107.57,5.08,2.05,0.9943,19,0,None
325,2.83,-107.57,5.08,2.05,0.9943,19,0,None
326,2.83,-107.57,5.08,2.05,0.9943,19,0,None
327,2.77,-107.41,5.12,2.05,0.9943,19,0,None
328,2.77,-107.41,5.12,2.05,0.9943,19,0,None
329,2.77,-107.41,5.12,2.05,0.9943,19,0,None
330,2.73,-107.31,5.14,2.05,0.9943,19,0,None
331,2.73,-107.31,5.14,2.05,0.9943,19,0,None
332,2.73,-107.31,5.14,2.05,0.9943,19,0,None
333,2.68,-107.18,5.17,2.05,0.9942,19,0,None
334,2.68,-107.18,5.17,2.05,0.9942,19,0,None
335,2.65,-107.10,5.19,2.05,0.9942,19,0,None
336,2.65,-107.10,5.19,2.05,0.9942,19,0,None
337,2.65,-107.10,5.19,2.05,0.9942,19,0,None
338,2.65,-107.10,5.19,2.05,0.9942,19,0,None
339,2.59,-106.98,5.22,2.05,0.9942,19,0,None
340,2.59,-106.98,5.22,2.05,0.9942,19,0,None
341,2.57,-106.91,5.24,2.05,0.9942,19,0,None
342,2.57,-106.91,5.24,2.05,0.9942,19,0,None
343,2.57,-106.91,5.24,2.05,0.9942,19,0,None
344,2.52,-106.80,5.26,2.05,0.9941,19,0,None
345,2.52,-106.80,5.26,2.05,0.9941,19,0,None
346,2.52,-106.80,5.26,2.05,0.9941,19,0,None
347,2.52,-106.80,5.26,2.05,0.9941,19,0,None
348,2.52,-106.80,5.26,2.05,0.9941,19,0,None
349,2.44,-106.59,5.28,2.00,0.9941,19,0,None
350,2.44,-106.59,5.28,2.00,0.9941,19,0,None
351,2.44,-106.59,5.28,2.00,0.9941,19,0,None
352,2.44,-106.59,5.28,2.00,0.9941,19,0,None
353,2.39,-106.46,5.27,2.00,0.9940,19,0,None
354,2.39,-106.46,5.27,2.00,0.9940,19,0,None
355,2.39,-106.46,5.27,2.00,0.9940,19,0,None
356,2.34,-106.33,5.27,2.00,0.9940,19,0,None
357,2.34,-106.33,5.27,2.00,0.9940,19,0,None
358,2.34,-106.33,5.27,2.00,0.9940,19,0,None
359,2.34,-106.33,5.27,2.00,0.9940,19,0,None
360,2.28,-106.21,5.27,2.00,0.9939,19,0,None
361,2.28,-106.21,5.27,2.00,0.9939,19,0,None
362,2.28,-106.21,5.27,2.00,0.9939,19,0,None
363,2.23,-106.08,5.27,2.00,0.9939,19,0,None
364,2.23,-106.08,5.27,2.00,0.9939,19,0,None
365,2.23,-106.08,5.27,2.00,0.9939,19,0,None
366,2.23,-106.08,5.27,2.00,0.9939,19,0,None
367,2.23,-106.08,5.27,2.00,0.9939,19,0,None
368,2.16,-105.90,5.27,2.00,0.9938,19,0,None
369,2.16,-105.90,5.27,2.00,0.9938,19,0,None
370,2.13,-105.82,5.27,2.00,0.9938,19,0,None
371,2.13,-105.82,5.27,2.00,0.9938,19,0,None
372,2.10,-105.76,5.27,2.00,0.9938,19,0,None
373,2.10,-105.76,5.27,2.00,0.9938,19,0,None
374,2.10,-105.76,5.27,2.00,0.9938,19,0,None
375,2.10,-105.76,5.27,2.00,0.9938,19,0,None
376,2.10,-105.76,5.27,2.00,0.9938,19,0,None
377,2.02,-105.56,5.27,2.00,0.9937,19,0,None
378,2.02,-105.56,5.27,2.00,0.9937,19,0,None
379,2.02,-105.56,5.27,2.00,0.9937,19,0,None
380,2.02,-105.56,5.27,2.00,0.9937,19,0,None
381,2.02,-105.56,5.27,2.00,0.9937,19,0,None
382,1.95,-105.39,5.26,2.00,0.9937,19,0,None
383,1.95,-105.39,5.26,2.00,0.9937,19,0,None
384,1.95,-105.39,5.26,2.00,0.9937,19,0,None
385,1.90,-105.26,5.26,2.00,0.9937,19,0,None
386,1.90,-105.26,5.26,2.00,0.9937,19,0,None
387,1.90,-105.26,5.26,2.00,0.9937,19,0,None
388,1.90,-105.26,5.26,2.00,0.9937,19,0,None
389,1.85,-105.13,5.26,2.00,0.9936,19,0,None
390,1.85,-105.13,5.26,2.00,0.9936,19,0,None
391,1.82,-105.05,5.26,2.00,0.9936,19,0,None
392,1.82,-105.05,5.26,2.00,0.9936,19,0,None
393,1.82,-105.05,5.26,2.00,0.9936,19,0,None
394,1.76,-104.92,5.26,2.00,0.9936,19,0,None
395,1.76,-104.92,5.26,2.00,0.9936,19,0,None
396,1.76,-104.92,5.26,2.00,0.9936,19,0,None
397,1.76,-104.92,5.26,2.00,0.9936,19,0,None
398,1.76,-104.92,5.26,2.00,0.9936,19,0,None
399,1.69,-104.74,5.26,2.00,0.9935,19,0,None
400,1.69,-104.74,5.26,2.00,0.9935,19,0,None
401,1.69,-104.74,5.26,2.00,0.9935,19,0,None
402,1.69,-104.74,5.26,2.00,0.9935,19,0,None
403,1.64,-104.61,5.26,2.00,0.9935,19,0,None
404,1.64,-104.61,5.26,2.00,0.9935,19,0,None
405,1.61,-104.53,5.26,2.00,0.9934,19,0,None
406,1.61,-104.53,5.26,2.00,0.9934,19,0,None
407,1.61,-104.53,5.26,2.00,0.9934,19,0,None
408,1.56,-104.41,5.26,2.00,0.9934,19,0,None
409,1.56,-104.41,5.26,2.00,0.9934,19,0,None
410,1.56,-104.41,5.26,2.00,0.9934,19,0,None
411,1.56,-104.41,5.26,2.00,0.9934,19,0,None
412,1.56,-104.41,5.26,2.00,0.9934,19,0,None
413,1.48,-104.23,5.26,2.00,0.9933,19,0,None
414,1.48,-104.23,5.26,2.00,0.9933,19,0,None
415,1.48,-104.23,5.26,2.00,0.9933,19,0,None
416,1.48,-104.23,5.26,2.00,0.9933,19,0,None
417,1.43,-104.10,5.26,2.00,0.9933,19,0,None
418,1.43,-104.10,5.26,2.00,0.9933,19,0,None
419,1.43,-104.10,5.26,2.00,0.9933,19,0,None
420,1.38,-103.97,5.26,2.00,0.9933,19,0,None
421,1.38,-103.97,5.26,2.00,0.9933,19,0,None
422,1.35,-103.89,5.26,2.00,0.9932,19,0,None
423,1.35,-103.89,5.26,2.00,0.9932,19,0,None
424,1.32,-103.82,5.27,2.00,0.9932,19,0,None
425,1.32,-103.82,5.27,2.00,0.9932,19,0,None
426,1.32,-103.82,5.27,2.00,0.9932,19,0,None
427,1.27,-103.71,5.27,2.00,0.9932,19,0,None
428,1.27,-103.71,5.27,2.00,0.9932,19,0,None
429,1.27,-103.71,5.27,2.00,0.9932,19,0,None
430,1.27,-103.71,5.27,2.00,0.9932,19,0,None
431,1.27,-103.71,5.27,2.00,0.9932,19,0,None
432,1.27,-103.71,5.27,2.00,0.9932,19,0,None
433,1.19,-103.49,5.27,2.00,0.9931,19,0,None
434,1.19,-103.49,5.27,2.00,0.9931,19,0,None
435,1.19,-103.49,5.27,2.00,0.9931,19,0,None
436,1.19,-103.49,5.27,2.00,0.9931,19,0,None
437,1.12,-103.32,5.28,2.00,0.9931,19,0,None
438,1.12,-103.32,5.28,2.00,0.9931,19,0,None
439,1.12,-103.32,5.28,2.00,0.9931,19,0,None
440,1.12,-103.32,5.28,2.00,0.9931,19,0,None
441,1.06,-103.19,5.28,2.00,0.9930,19,0,None
442,1.06,-103.19,5.28,2.00,0.9930,19,0,None
443,1.03,-103.11,5.28,2.00,0.9930,19,0,None
444,1.03,-103.11,5.28,2.00,0.9930,19,0,None
445,1.01,-103.05,5.28,2.00,0.9930,19,0,None
446,1.01,-103.05,5.28,2.00,0.9930,19,0,None
447,1.01,-103.05,5.28,2.00,0.9930,19,0,None
448,0.96,-102.93,5.28,2.00,0.9930,19,0,None
449,0.96,-102.93,5.28,2.00,0.9930,19,0,None
450,0.96,-102.93,5.28,2.00,0.9930,19,0,None
451,0.96,-102.93,5.28,2.00,0.9930,19,0,None
452,0.96,-102.93,5.28,2.00,0.9930,19,0,None
453,0.96,-102.93,5.28,2.00,0.9930,19,0,None
454,0.88,-102.72,5.28,2.00,0.9929,19,0,None
455,0.88,-102.72,5.28,2.00,0.9929,19,0,None
456,0.88,-102.72,5.28,2.00,0.9929,19,0,None
457,0.82,-102.59,5.28,2.00,0.9929,19,0,None
458,0.82,-102.59,5.28,2.00,0.9929,19,0,None
459,0.82,-102.59,5.28,2.00,0.9929,19,0,None
460,0.82,-102.59,5.28,2.00,0.9929,19,0,None
461,0.77,-102.46,5.28,2.00,0.9928,19,0,None
462,0.77,-102.46,5.28,2.00,0.9928,19,0,None
463,0.77,-102.46,5.28,2.00,0.9928,19,0,None
464,0.77,-102.46,5.28,2.00,0.9928,19,0,None
465,0.70,-102.29,5.28,2.00,0.9928,19,0,None
466,0.70,-102.29,5.28,2.00,0.9928,19,0,None
467,0.70,-102.29,5.28,2.00,0.9928,19,0,None
468,0.70,-102.29,5.28,2.00,0.9928,19,0,None
469,0.64,-102.15,5.28,2.00,0.9927,19,0,None
470,0.64,-102.15,5.28,2.00,0.9927,19,0,None
471,0.61,-102.08,5.28,2.00,0.9927,19,0,None
472,0.61,-102.08,5.28,2.00,0.9927,19,0,None
473,0.59,-102.01,5.28,2.00,0.9927,19,0,None
474,0.59,-102.01,5.28,2.00,0.9927,19,0,None
475,0.59,-102.01,5.28,2.00,0.9927,19,0,None
476,0.54,-101.90,5.28,2.00,0.9926,19,0,None
477,0.54,-101.90,5.28,2.00,0.9926,19,0,None
478,0.54,-101.90,5.28,2.00,0.9926,19,0,None
479,0.54,-101.90,5.28,2.00,0.9926,19,0,None
480,0.54,-101.90,5.28,2.00,0.9926,19,0,None
481,0.46,-101.69,5.28,2.00,0.9926,19,0,None
482,0.46,-101.69,5.28,2.00,0.9926,19,0,None
483,0.46,-101.69,5.28,2.00,0.9926,19,0,None
484,0.46,-101.69,5.28,2.00,0.9926,19,0,None
485,0.46,-101.69,5.28,2.00,0.9926,19,0,None
486,0.39,-101.51,5.28,2.00,0.9925,19,0,None
487,0.39,-101.51,5.28,2.00,0.9925,19,0,None
488,0.39,-101.51,5.28,2.00,0.9925,19,0,None
489,0.39,-101.51,5.28,2.00,0.9925,19,0,None
490,0.33,-101.39,5.28,2.00,0.9925,19,0,None
491,0.33,-101.39,5.28,2.00,0.9925,19,0,None
492,0.30,-101.30,5.28,2.00,0.9925,19,0,None
493,0.30,-101.30,5.28,2.00,0.9925,19,0,None
494,0.28,-101.24,5.28,2.00,0.9925,19,0,None
495,0.28,-101.24,5.28,2.00,0.9925,19,0,None
496,0.28,-101.24,5.28,2.00,0.9925,19,0,None
497,0.23,-101.13,5.28,2.00,0.9924,19,0,None
498,0.23,-101.13,5.28,2.00,0.9924,19,0,None
499,0.23,-101.13,5.28,2.00,0.9924,19,0,None
500,0.23,-101.13,5.28,2.00,0.9924,19,0,None
501,0.23,-101.13,5.28,2.00,0.9924,19,0,None
502,0.14,-100.92,5.28,2.00,0.9924,19,0,None
503,0.14,-100.92,5.28,2.00,0.9924,19,0,None
504,0.14,-100.92,5.28,2.00,0.9924,19,0,None
505,0.14,-100.92,5.28,2.00,0.9924,19,0,None
506,0.09,-100.79,5.28,2.00,0.9923,19,0,None
507,0.09,-100.79,5.28,2.00,0.9923,19,0,None
508,0.09,-100.79,5.28,2.00,0.9923,19,0,None
509,0.04,-100.66,5.28,2.00,0.9923,19,0,None
510,0.04,-100.66,5.28,2.00,0.9923,19,0,None
511,0.04,-100.66,5.28,2.00,0.9923,19,0,None
512,0.04,-100.66,5.28,2.00,0.9923,19,0,None
513,-0.01,-100.53,5.28,2.00,0.9922,19,0,None
514,-0.04,-100.46,5.28,2.00,0.9922,19,0,None
515,-0.04,-100.46,5.28,2.00,0.9922,19,0,None
516,-0.04,-100.46,5.28,2.00,0.9922,19,0,None
517,-0.04,-100.46,5.28,2.00,0.9922,19,0,None
518,-0.04,-100.46,5.28,2.00,0.9922,19,0,None
519,-0.04,-100.46,5.28,2.00,0.9922,19,0,None
520,-0.12,-100.27,5.28,2.00,0.9922,19,0,None
521,-0.12,-100.27,5.28,2.00,0.9922,19,0,None
522,-0.12,-100.27,5.28,2.00,0.9922,19,0,None
523,-0.12,-100.27,5.28,2.00,0.9922,19,0,None
524,-0.19,-100.09,5.28,2.00,0.9921,19,0,None
525,-0.19,-100.09,5.28,2.00,0.9921,19,0,None
526,-0.19,-100.09,5.28,2.00,0.9921,19,0,None
527,-0.19,-100.09,5.28,2.00,0.9921,19,0,None
528,-0.24,-99.96,5.27,2.00,0.9921,19,0,None
529,-0.24,-99.96,5.27,2.00,0.9921,19,0,None
530,-0.24,-99.96,5.27,2.00,0.9921,19,0,None
531,-0.29,-99.83,5.27,2.00,0.9920,19,0,None
532,-0.29,-99.83,5.27,2.00,0.9920,19,0,None
533,-0.29,-99.83,5.27,2.00,0.9920,19,0,None
534,-0.29,-99.83,5.27,2.00,0.9920,19,0,None
535,-0.35,-99.70,5.27,1.99,0.9920,19,0,None
536,-0.35,-99.70,5.27,1.99,0.9920,19,0,None
537,-0.35,-99.70,5.27,1.99,0.9920,19,0,None
538,-0.35,-99.70,5.27,1.99,0.9920,19,0,None
539,-0.40,-99.57,5.27,1.99,0.9919,19,0,None
540,-0.40,-99.57,5.27,1.99,0.9919,19,0,None
541,-0.40,-99.57,5.27,1.99,0.9919,19,0,None
542,-0.45,-99.44,5.26,2.00,0.9919,19,0,None
543,-0.45,-99.44,5.26,2.00,0.9919,19,0,None
544,-0.45,-99.44,5.26,2.00,0.9919,19,0,None
545,-0.45,-99.44,5.26,2.00,0.9919,19,0,None
546,-0.51,-99.31,5.26,1.99,0.9919,19,0,None
547,-0.51,-99.31,5.26,1.99,0.9919,19,0,None
548,-0.51,-99.31,5.26,1.99,0.9919,19,0,None
549,-0.56,-99.18,5.26,1.99,0.9918,19,0,None
550,-0.56,-99.18,5.26,1.99,0.9918,19,0,None
551,-0.56,-99.18,5.26,1.99,0.9918,19,0,None
552,-0.56,-99.18,5.26,1.99,0.9918,19,0,None
553,-0.61,-99.05,5.26,2.00,0.9918,19,0,None
554,-0.63,-99.01,5.26,1.99,0.9918,19,0,None
555,-0.63,-99.01,5.26,1.99,0.9918,19,0,None
556,-0.63,-99.01,5.26,1.99,0.9918,19,0,None
557,-0.63,-99.01,5.26,1.99,0.9918,19,0,None
558,-0.70,-98.84,5.25,1.99,0.9917,19,0,None
559,-0.70,-98.84,5.25,1.99,0.9917,19,0,None
560,-0.70,-98.84,5.25,1.99,0.9917,19,0,None
561,-0.70,-98.84,5.25,1.99,0.9917,19,0,None
562,-0.75,-98.71,5.25,1.99,0.9917,19,0,None
563,-0.75,-98.71,5.25,1.99,0.9917,19,0,None
564,-0.75,-98.71,5.25,1.99,0.9917,19,0,None
565,-0.80,-98.58,5.25,2.00,0.9917,19,0,None
566,-0.80,-98.58,5.25,2.00,0.9917,19,0,None
567,-0.80,-98.58,5.25,2.00,0.9917,19,0,None
568,-0.80,-98.58,5.25,2.00,0.9917,19,0,None
569,-0.85,-98.45,5.25,1.99,0.9916,19,0,None
570,-0.85,-98.45,5.25,1.99,0.9916,19,0,None
571,-0.88,-98.39,5.24,1.99,0.9916,19,0,None
572,-0.88,-98.39,5.24,1.99,0.9916,19,0,None
573,-0.88,-98.39,5.24,1.99,0.9916,19,0,None
574,-0.88,-98.39,5.24,1.99,0.9916,19,0,None
575,-0.88,-98.39,5.24,1.99,0.9916,19,0,None
576,-0.96,-98.19,5.24,2.00,0.9915,19,0,None
577,-0.96,-98.19,5.24,2.00,0.9915,19,0,None
578,-0.96,-98.19,5.24,2.00,0.9915,19,0,None
579,-0.96,-98.19,5.24,2.00,0.9915,19,0,None
580,-0.96,-98.19,5.24,2.00,0.9915,19,0,None
581,-1.03,-98.01,5.24,1.99,0.9915,19,0,None
582,-1.03,-98.01,5.24,1.99,0.9915,19,0,None
583,-1.03,-98.01,5.24,1.99,0.9915,19,0,None
584,-1.08,-97.89,5.25,2.00,0.9914,19,0,None
585,-1.08,-97.89,5.25,2.00,0.9914,19,0,None
586,-1.08,-97.89,5.25,2.00,0.9914,19,0,None
587,-1.08,-97.89,5.25,2.00,0.9914,19,0,None
588,-1.09,-97.74,5.25,2.00,0.9914,19,0,None
589,-1.09,-97.74,5.25,2.00,0.9914,19,0,None
590,-1.09,-97.74,5.25,2.00,0.9914,19,0,None
591,-1.10,-97.61,5.25,2.00,0.9914,19,0,None
592,-1.10,-97.61,5.25,2.00,0.9914,19,0,None
593,-1.10,-97.61,5.25,2.00,0.9914,19,0,None
594,-1.10,-97.61,5.25,2.00,0.9914,19,0,None
595,-1.12,-97.47,5.25,2.00,0.9913,19,0,None
596,-1.12,-97.47,5.25,2.00,0.9913,19,0,None
597,-1.13,-97.38,5.25,2.00,0.9913,19,0,None
598,-1.13,-97.38,5.25,2.00,0.9913,19,0,None
599,-1.14,-97.31,5.25,2.00,0.9913,19,0,None
600,-1.14,-97.31,5.25,2.00,0.9913,19,0,None
601,-1.14,-97.31,5.25,2.00,0.9913,19,0,None
602,-1.15,-97.19,5.25,2.00,0.9913,19,0,None
603,-1.15,-97.19,5.25,2.00,0.9913,19,0,None
604,-1.15,-97.19,5.25,2.00,0.9913,19,0,None
605,-1.15,-97.19,5.25,2.00,0.9913,19,0,None
606,-1.15,-97.19,5.25,2.00,0.9913,19,0,None
607,-1.18,-96.96,5.25,2.00,0.9912,19,0,None
608,-1.18,-96.96,5.25,2.00,0.9912,19,0,None
609,-1.18,-96.96,5.25,2.00,0.9912,19,0,None
610,-1.18,-96.96,5.25,2.00,0.9912,19,0,None
611,-1.19,-96.83,5.25,2.00,0.9911,19,0,None
612,-1.19,-96.83,5.25,2.00,0.9911,19,0,None
613,-1.19,-96.83,5.25,2.00,0.9911,19,0,None
614,-1.21,-96.69,5.25,2.00,0.9911,19,0,None
615,-1.21,-96.69,5.25,2.00,0.9911,19,0,None
616,-1.21,-96.69,5.25,2.00,0.9911,19,0,None
617,-1.21,-96.69,5.25,2.00,0.9911,19,0,None
618,-1.22,-96.55,5.25,2.00,0.9911,19,0,None
619,-1.23,-96.48,5.25,2.00,0.9911,19,0,None
620,-1.23,-96.48,5.25,2.00,0.9911,19,0,None
621,-1.23,-96.48,5.25,2.00,0.9911,19,0,None
622,-1.23,-96.48,5.25,2.00,0.9911,19,0,None
623,-1.23,-96.48,5.25,2.00,0.9911,19,0,None
624,-1.23,-96.48,5.25,2.00,0.9911,19,0,None
625,-1.25,-96.27,5.25,2.00,0.9910,19,0,None
626,-1.25,-96.27,5.25,2.00,0.9910,19,0,None
627,-1.25,-96.27,5.25,2.00,0.9910,19,0,None
628,-1.27,-96.13,5.25,2.00,0.9910,19,0,None
629,-1.27,-96.13,5.25,2.00,0.9910,19,0,None
630,-1.27,-96.13,5.25,2.00,0.9910,19,0,None
631,-1.27,-96.13,5.25,2.00,0.9910,19,0,None
632,-1.28,-95.99,5.25,2.00,0.9909,19,0,None
633,-1.28,-95.99,5.25,2.00,0.9909,19,0,None
634,-1.28,-95.99,5.25,2.00,0.9909,19,0,None
635,-1.28,-95.99,5.25,2.00,0.9909,19,0,None
636,-1.30,-95.80,5.25,2.00,0.9909,19,0,None
637,-1.30,-95.80,5.25,2.00,0.9909,19,0,None
638,-1.30,-95.80,5.25,2.00,0.9909,19,0,None
639,-1.30,-95.80,5.25,2.00,0.9909,19,0,None
640,-1.32,-95.67,5.25,2.00,0.9908,19,0,None
641,-1.32,-95.67,5.25,2.00,0.9908,19,0,None
642,-1.33,-95.58,5.25,2.00,0.9908,19,0,None
643,-1.33,-95.58,5.25,2.00,0.9908,19,0,None
644,-1.33,-95.51,5.25,2.00,0.9908,19,0,None
645,-1.33,-95.51,5.25,2.00,0.9908,19,0,None
646,-1.33,-95.51,5.25,2.00,0.9908,19,0,None
647,-1.35,-95.39,5.25,2.00,0.9907,19,0,None
648,-1.35,-95.39,5.25,2.00,0.9907,19,0,None
649,-1.35,-95.39,5.25,2.00,0.9907,19,0,None
650,-1.35,-95.39,5.25,2.00,0.9907,19,0,None
651,-1.35,-95.39,5.25,2.00,0.9907,19,0,None
652,-1.35,-95.39,5.25,2.00,0.9907,19,0,None
653,-1.37,-95.16,5.25,2.00,0.9907,19,0,None
654,-1.37,-95.16,5.25,2.00,0.9907,19,0,None
655,-1.37,-95.16,5.25,2.00,0.9907,19,0,None
656,-1.39,-95.03,5.25,2.00,0.9906,19,0,None
657,-1.39,-95.03,5.25,2.00,0.9906,19,0,None
658,-1.39,-95.03,5.25,2.00,0.9906,19,0,None
659,-1.39,-95.03,5.25,2.00,0.9906,19,0,None
660,-1.40,-94.89,5.25,2.00,0.9906,19,0,None
661,-1.40,-94.89,5.25,2.00,0.9906,19,0,None
662,-1.40,-94.89,5.25,2.00,0.9906,19,0,None
663,-1.40,-94.89,5.25,2.00,0.9906,19,0,None
664,-1.42,-94.70,5.25,2.00,0.9906,19,0,None
665,-1.42,-94.70,5.25,2.00,0.9906,19,0,None
666,-1.42,-94.70,5.25,2.00,0.9906,19,0,None
667,-1.42,-94.70,5.25,2.00,0.9906,19,0,None
668,-1.44,-94.56,5.25,2.00,0.9905,19,0,None
669,-1.44,-94.56,5.25,2.00,0.9905,19,0,None
670,-1.44,-94.56,5.25,2.00,0.9905,19,0,None
671,-1.45,-94.42,5.25,2.00,0.9905,19,0,None
672,-1.45,-94.42,5.25,2.00,0.9905,19,0,None
673,-1.45,-94.42,5.25,2.00,0.9905,19,0,None
674,-1.45,-94.42,5.25,2.00,0.9905,19,0,None
675,-1.47,-94.28,5.25,2.00,0.9904,19,0,None
676,-1.47,-94.28,5.25,2.00,0.9904,19,0,None
677,-1.47,-94.28,5.25,2.00,0.9904,19,0,None
678,-1.48,-94.15,5.25,2.00,0.9904,19,0,None
679,-1.48,-94.15,5.25,2.00,0.9904,19,0,None
680,-1.48,-94.15,5.25,2.00,0.9904,19,0,None
681,-1.48,-94.15,5.25,2.00,0.9904,19,0,None
682,-1.50,-94.01,5.25,2.00,0.9904,19,0,None
683,-1.50,-94.01,5.25,2.00,0.9904,19,0,None
684,-1.51,-93.92,5.25,2.00,0.9903,19,0,None
685,-1.51,-93.92,5.25,2.00,0.9903,19,0,None
686,-1.51,-93.92,5.25,2.00,0.9903,19,0,None
687,-1.52,-93.78,5.25,2.00,0.9903,19,0,None
688,-1.52,-93.78,5.25,2.00,0.9903,19,0,None
689,-1.52,-93.78,5.25,2.00,0.9903,19,0,None
690,-1.52,-93.78,5.25,2.00,0.9903,19,0,None
691,-1.52,-93.78,5.25,2.00,0.9903,19,0,None
692,-1.55,-93.59,5.25,2.00,0.9902,19,0,None
693,-1.55,-93.59,5.25,2.00,0.9902,19,0,None
694,-1.55,-93.59,5.25,2.00,0.9902,19,0,None
695,-1.55,-93.59,5.25,2.00,0.9902,19,0,None
696,-1.56,-93.45,5.25,2.00,0.9902,19,0,None
697,-1.56,-93.45,5.25,2.00,0.9902,19,0,None
698,-1.57,-93.36,5.25,2.00,0.9902,19,0,None
699,-1.57,-93.36,5.25,2.00,0.9902,19,0,None
700,-1.58,-93.29,5.25,2.00,0.9902,19,0,None
701,-1.58,-93.29,5.25,2.00,0.9902,19,0,None
702,-1.58,-93.29,5.25,2.00,0.9902,19,0,None
703,-1.58,-93.29,5.25,2.00,0.9902,19,0,None
704,-1.58,-93.29,5.25,2.00,0.9902,19,0,None
705,-1.60,-93.08,5.26,2.00,0.9901,19,0,None
706,-1.60,-93.08,5.26,2.00,0.9901,19,0,None
707,-1.60,-93.08,5.26,2.00,0.9901,19,0,None
708,-1.60,-93.08,5.26,2.00,0.9901,19,0,None
709,-1.60,-93.08,5.26,2.00,0.9901,19,0,None
710,-1.62,-92.90,5.26,2.00,0.9901,19,0,None
711,-1.62,-92.90,5.26,2.00,0.9901,19,0,None
712,-1.62,-92.90,5.26,2.00,0.9901,19,0,None
713,-1.64,-92.76,5.26,2.00,0.9900,19,0,None
714,-1.64,-92.76,5.26,2.00,0.9900,19,0,None
715,-1.64,-92.76,5.26,2.00,0.9900,19,0,None
716,-1.64,-92.76,5.26,2.00,0.9900,19,0,None
717,-1.65,-92.62,5.26,2.00,0.9900,19,0,None
718,-1.65,-92.62,5.26,2.00,0.9900,19,0,None
719,-1.66,-92.53,5.26,2.00,0.9899,19,0,None
720,-1.67,-92.47,5.26,2.00,0.9899,19,0,None
721,-1.67,-92.47,5.26,2.00,0.9899,19,0,None
722,-1.67,-92.47,5.26,2.00,0.9899,19,0,None
723,-1.67,-92.47,5.26,2.00,0.9899,19,0,None
724,-1.68,-92.34,5.26,2.00,0.9899,19,0,None
725,-1.68,-92.34,5.26,2.00,0.9899,19,0,None
726,-1.68,-92.34,5.26,2.00,0.9899,19,0,None
727,-1.68,-92.34,5.26,2.00,0.9899,19,0,None
728,-1.68,-92.34,5.26,2.00,0.9899,19,0,None
729,-1.71,-92.12,5.26,2.00,0.9898,19,0,None
730,-1.71,-92.12,5.26,2.00,0.9898,19,0,None
731,-1.71,-92.12,5.26,2.00,0.9898,19,0,None
732,-1.71,-92.12,5.26,2.00,0.9898,19,0,None
733,-1.71,-92.12,5.26,2.00,0.9898,19,0,None
734,-1.73,-91.93,5.26,2.00,0.9898,19,0,None
735,-1.73,-91.93,5.26,2.00,0.9898,19,0,None
736,-1.73,-91.93,5.26,2.00,0.9898,19,0,None
737,-1.74,-91.79,5.26,2.00,0.9897,19,0,None
738,-1.74,-91.79,5.26,2.00,0.9897,19,0,None
739,-1.74,-91.79,5.26,2.00,0.9897,19,0,None
740,-1.75,-91.70,5.26,2.00,0.9897,19,0,None
741,-1.76,-91.63,5.26,2.00,0.9897,19,0,None
742,-1.76,-91.63,5.26,2.00,0.9897,19,0,None
743,-1.76,-91.63,5.26,2.00,0.9897,19,0,None
744,-1.77,-91.51,5.26,2.00,0.9897,19,0,None
745,-1.77,-91.51,5.26,2.00,0.9897,19,0,None
746,-1.77,-91.51,5.26,2.00,0.9897,19,0,None
747,-1.77,-91.51,5.26,2.00,0.9897,19,0,None
748,-1.77,-91.51,5.26,2.00,0.9897,19,0,None
749,-1.77,-91.51,5.26,2.00,0.9897,19,0,None
750,-1.80,-91.29,5.26,2.00,0.9896,19,0,None
751,-1.80,-91.29,5.26,2.00,0.9896,19,0,None
752,-1.80,-91.29,5.26,2.00,0.9896,19,0,None
753,-1.81,-91.15,5.26,2.00,0.9896,19,0,None
754,-1.81,-91.15,5.26,2.00,0.9896,19,0,None
755,-1.81,-91.15,5.26,2.00,0.9896,19,0,None
756,-1.81,-91.15,5.26,2.00,0.9896,19,0,None
757,-1.83,-91.01,5.26,2.00,0.9895,19,0,None
758,-1.83,-91.01,5.26,2.00,0.9895,19,0,None
759,-1.83,-91.01,5.26,2.00,0.9895,19,0,None
760,-1.84,-90.88,5.26,2.00,0.9895,19,0,None
761,-1.84,-90.88,5.26,2.00,0.9895,19,0,None
762,-1.85,-90.81,5.26,2.00,0.9895,19,0,None
763,-1.85,-90.81,5.26,2.00,0.9895,19,0,None
764,-1.85,-90.81,5.26,2.00,0.9895,19,0,None
765,-1.85,-90.81,5.26,2.00,0.9895,19,0,None
766,-1.85,-90.81,5.26,2.00,0.9895,19,0,None
767,-1.87,-90.60,5.26,2.00,0.9894,19,0,None
768,-1.87,-90.60,5.26,2.00,0.9894,19,0,None
769,-1.87,-90.60,5.26,2.00,0.9894,19,0,None
770,-1.87,-90.60,5.26,2.00,0.9894,19,0,None
771,-1.89,-90.46,5.26,2.00,0.9894,19,0,None
772,-1.89,-90.46,5.26,2.00,0.9894,19,0,None
773,-1.89,-90.46,5.26,2.00,0.9894,19,0,None
774,-1.89,-90.46,5.26,2.00,0.9894,19,0,None
775,-1.89,-90.46,5.26,2.00,0.9894,19,0,None
776,-1.91,-90.27,5.26,2.00,0.9893,19,0,None
777,-1.91,-90.27,5.26,2.00,0.9893,19,0,None
778,-1.91,-90.27,5.26,2.00,0.9893,19,0,None
779,-1.92,-90.13,5.26,2.00,0.9893,19,0,None
780,-1.92,-90.13,5.26,2.00,0.9893,19,0,None
781,-1.92,-90.13,5.26,2.00,0.9893,19,0,None
782,-1.92,-90.13,5.26,2.00,0.9893,19,0,None
783,-1.95,-89.92,5.26,2.72,0.9892,19,0,None
784,-1.95,-89.92,5.26,2.72,0.9892,19,0,None
785,-1.95,-89.92,5.26,2.72,0.9892,19,0,None
786,-1.97,-89.70,5.26,3.49,0.9892,19,0,None
787,-1.97,-89.70,5.26,3.49,0.9892,19,0,None
788,-1.97,-89.70,5.26,3.49,0.9892,19,0,None
789,-1.97,-89.70,5.26,3.49,0.9892,19,0,None
790,-2.00,-89.41,5.26,4.13,0.9892,19,0,None
791,-2.00,-89.41,5.26,4.13,0.9892,19,0,None
792,-2.00,-89.41,5.26,4.13,0.9892,19,0,None
793,-2.04,-89.07,5.26,4.84,0.9891,19,0,None
794,-2.04,-89.07,5.26,4.84,0.9891,19,0,None
795,-2.04,-89.07,5.26,4.84,0.9891,19,0,None
796,-2.04,-89.07,5.26,4.84,0.9891,19,0,None
797,-2.08,-88.70,5.26,5.55,0.9891,19,0,None
798,-2.08,-88.70,5.26,5.55,0.9891,19,0,None
799,-2.11,-88.41,5.27,6.22,0.9891,19,0,None
800,-2.11,-88.41,5.27,6.22,0.9891,19,0,None
801,-2.11,-88.41,5.27,6.22,0.9891,19,0,None
802,-2.11,-88.41,5.27,6.22,0.9891,19,0,None
803,-2.17,-87.91,5.27,6.69,0.9890,19,0,None
804,-2.17,-87.91,5.27,6.69,0.9890,19,0,None
805,-2.17,-87.91,5.27,6.69,0.9890,19,0,None
806,-2.17,-87.91,5.27,6.69,0.9890,19,0,None
807,-2.17,-87.91,5.27,6.69,0.9890,19,0,None
808,-2.25,-87.16,5.27,7.43,0.9890,19,0,None
809,-2.25,-87.16,5.27,7.43,0.9890,19,0,None
810,-2.25,-87.16,5.27,7.43,0.9890,19,0,None
811,-2.31,-86.58,5.27,8.45,0.9889,19,0,None
812,-2.31,-86.58,5.27,8.45,0.9889,19,0,None
813,-2.31,-86.58,5.27,8.45,0.9889,19,0,None
814,-2.31,-86.58,5.27,8.45,0.9889,19,0,None
815,-2.38,-85.94,5.27,9.14,0.9889,19,0,None
816,-2.38,-85.94,5.27,9.14,0.9889,19,0,None
817,-2.42,-85.58,5.27,9.84,0.9889,19,0,None
818,-2.42,-85.58,5.27,9.84,0.9889,19,0,None
819,-2.42,-85.58,5.27,9.84,0.9889,19,0,None
820,-2.50,-84.87,5.27,10.21,0.9888,19,0,None
821,-2.50,-84.87,5.27,10.21,0.9888,19,0,None
822,-2.50,-84.87,5.27,10.21,0.9888,19,0,None
823,-2.50,-84.87,5.27,10.21,0.9888,19,0,None
824,-2.50,-84.87,5.27,10.21,0.9888,19,0,None
825,-2.61,-83.90,5.27,10.91,0.9888,19,0,None
826,-2.61,-83.90,5.27,10.91,0.9888,19,0,None
827,-2.61,-83.90,5.27,10.91,0.9888,19,0,None
828,-2.70,-83.05,5.17,11.89,0.9887,19,0,None
829,-2.70,-83.05,5.17,11.89,0.9887,19,0,None
830,-2.76,-82.53,5.20,12.56,0.9887,19,0,None
831,-2.76,-82.53,5.20,12.56,0.9887,19,0,None
832,-2.76,-82.53,5.20,12.56,0.9887,19,0,None
833,-2.76,-82.53,5.20,12.56,0.9887,19,0,None
834,-2.85,-81.68,5.19,12.95,0.9887,19,0,None
835,-2.85,-81.68,5.19,12.95,0.9887,19,0,None
836,-2.85,-81.68,5.19,12.95,0.9887,19,0,None
837,-2.85,-81.68,5.19,12.95,0.9887,19,0,None
838,-2.99,-80.39,5.11,13.64,0.9886,19,0,None
839,-2.99,-80.39,5.11,13.64,0.9886,19,0,None
840,-2.99,-80.39,5.11,13.64,0.9886,19,0,None
841,-3.06,-79.77,5.07,14.60,0.9886,19,0,None
842,-3.06,-79.77,5.07,14.60,0.9886,19,0,None
843,-3.06,-79.77,5.07,14.60,0.9886,19,0,None
844,-3.17,-78.79,5.04,15.00,0.9886,19,0,None
845,-3.17,-78.79,5.04,15.00,0.9886,19,0,None
846,-3.17,-78.79,5.04,15.00,0.9886,19,0,None
847,-3.17,-78.79,5.04,15.00,0.9886,19,0,None
848,-3.17,-78.79,5.04,15.00,0.9886,19,0,None
849,-3.34,-77.24,5.04,15.65,0.9885,19,0,None
850,-3.34,-77.24,5.04,15.65,0.9885,19,0,None
851,-3.41,-76.53,5.04,16.64,0.9885,19,0,None
852,-3.41,-76.53,5.04,16.64,0.9885,19,0,None
853,-3.41,-76.53,5.04,16.64,0.9885,19,0,None
854,-3.55,-75.33,5.04,17.07,0.9884,19,0,None
855,-3.55,-75.33,5.04,17.07,0.9884,19,0,None
856,-3.55,-75.33,5.04,17.07,0.9884,19,0,None
857,-3.55,-75.33,5.04,17.07,0.9884,19,0,None
858,-3.55,-75.33,5.04,17.07,0.9884,19,0,None
859,-3.55,-75.33,5.04,17.07,0.9884,19,0,None
860,-3.75,-73.45,5.04,17.78,0.9884,19,0,None
861,-3.75,-73.45,5.04,17.78,0.9884,19,0,None
862,-3.85,-72.60,5.04,18.85,0.9884,19,0,None
863,-3.85,-72.60,5.04,18.85,0.9884,19,0,None
864,-3.85,-72.60,5.04,18.85,0.9884,19,0,None
865,-3.85,-72.60,5.04,18.85,0.9884,19,0,None
866,-3.85,-72.60,5.04,18.85,0.9884,19,0,None
867,-4.06,-70.61,5.04,19.30,0.9883,19,0,None
868,-4.06,-70.61,5.04,19.30,0.9883,19,0,None
869,-4.06,-70.61,5.04,19.30,0.9883,19,0,None
870,-4.06,-70.61,5.04,19.30,0.9883,19,0,None
871,-4.24,-69.03,5.04,20.34,0.9883,19,0,None
872,-4.24,-69.03,5.04,20.34,0.9883,19,0,None
873,-4.34,-68.06,5.04,21.12,0.9882,19,0,None
874,-4.34,-68.06,5.04,21.12,0.9882,19,0,None
875,-4.34,-68.06,5.04,21.12,0.9882,19,0,None
876,-4.34,-68.06,5.04,21.12,0.9882,19,0,None
877,-4.34,-68.06,5.04,21.12,0.9882,19,0,None
878,-4.56,-66.03,5.03,21.58,0.9882,19,0,None
879,-4.56,-66.03,5.03,21.58,0.9882,19,0,None
880,-4.56,-66.03,5.03,21.58,0.9882,19,0,None
881,-4.68,-64.98,5.03,22.52,0.9882,19,0,None
882,-4.68,-64.98,5.03,22.52,0.9882,19,0,None
883,-4.68,-64.98,5.03,22.52,0.9882,19,0,None
884,-4.86,-63.37,5.03,22.99,0.9881,19,0,None
885,-4.86,-63.37,5.03,22.99,0.9881,19,0,None
886,-4.86,-63.37,5.03,22.99,0.9881,19,0,None
887,-4.86,-63.37,5.03,22.99,0.9881,19,0,None
888,-4.86,-63.37,5.03,22.99,0.9881,19,0,None
889,-5.09,-61.23,5.03,23.70,0.9881,19,0,None
890,-5.09,-61.23,5.03,23.70,0.9881,19,0,None
891,-5.09,-61.23,5.03,23.70,0.9881,19,0,None
892,-5.29,-59.43,5.04,24.61,0.9880,19,0,None
893,-5.29,-59.43,5.04,24.61,0.9880,19,0,None
894,-5.41,-58.33,5.04,25.34,0.9880,19,0,None
895,-5.41,-58.33,5.04,25.34,0.9880,19,0,None
896,-5.41,-58.33,5.04,25.34,0.9880,19,0,None
897,-5.41,-58.33,5.04,25.34,0.9880,19,0,None
898,-5.59,-56.67,5.04,25.78,0.9880,19,0,None
899,-5.59,-56.67,5.04,25.78,0.9880,19,0,None
900,-5.59,-56.67,5.04,25.78,0.9880,19,0,None
901,-5.59,-56.67,5.04,25.78,0.9880,19,0,None
902,-5.59,-56.67,5.04,25.78,0.9880,19,0,None
903,-5.88,-54.05,5.04,26.43,0.9879,19,0,None
904,-5.88,-54.05,5.04,26.43,0.9879,19,0,None
905,-6.01,-52.86,5.04,27.42,0.9879,19,0,None
906,-6.01,-52.86,5.04,27.42,0.9879,19,0,None
907,-6.01,-52.86,5.04,27.42,0.9879,19,0,None
908,-6.22,-50.93,5.04,27.86,0.9878,19,0,None
909,-6.22,-50.93,5.04,27.86,0.9878,19,0,None
910,-6.22,-50.93,5.04,27.86,0.9878,19,0,None
911,-6.22,-50.93,5.04,27.86,0.9878,19,0,None
912,-6.22,-50.93,5.04,27.86,0.9878,19,0,None
913,-6.53,-48.05,5.04,28.56,0.9878,19,0,None
914,-6.53,-48.05,5.04,28.56,0.9878,19,0,None
915,-6.53,-48.05,5.04,28.56,0.9878,19,0,None
916,-6.67,-46.81,5.04,29.57,0.9878,19,0,None
917,-6.67,-46.81,5.04,29.57,0.9878,19,0,None
918,-6.67,-46.81,5.04,29.57,0.9878,19,0,None
919,-6.88,-44.93,5.04,30.00,0.9877,19,0,None
920,-6.88,-44.93,5.04,30.00,0.9877,19,0,None
921,-6.88,-44.93,5.04,30.00,0.9877,19,0,None
922,-6.88,-44.93,5.04,30.00,0.9877,19,0,None
923,-7.17,-42.30,5.03,30.62,0.9877,19,0,None
924,-7.17,-42.30,5.03,30.62,0.9877,19,0,None
925,-7.31,-41.02,5.03,30.67,0.9877,19,0,None
926,-7.31,-41.02,5.03,30.67,0.9877,19,0,None
927,-7.40,-40.12,5.03,30.67,0.9876,19,0,None
928,-7.40,-40.12,5.03,30.67,0.9876,19,0,None
929,-7.40,-40.12,5.03,30.67,0.9876,19,0,None
930,-7.40,-40.12,5.03,30.67,0.9876,19,0,None
931,-7.40,-40.12,5.03,30.67,0.9876,19,0,None
932,-7.78,-36.68,5.02,30.67,0.9876,19,0,None
933,-7.78,-36.68,5.02,30.67,0.9876,19,0,None
934,-7.78,-36.68,5.02,30.67,0.9876,19,0,None
935,-7.78,-36.68,5.02,30.67,0.9876,19,0,None
936,-8.01,-34.62,5.02,30.67,0.9875,19,0,None
937,-8.01,-34.62,5.02,30.67,0.9875,19,0,None
938,-8.16,-33.19,5.02,30.67,0.9875,19,0,None
939,-8.16,-33.19,5.02,30.67,0.9875,19,0,None
940,-8.16,-33.19,5.02,30.67,0.9875,19,0,None
941,-8.39,-31.08,5.02,30.67,0.9875,19,0,None
942,-8.39,-31.08,5.02,30.67,0.9875,19,0,None
943,-8.50,-30.10,5.02,30.67,0.9875,19,0,None
944,-8.50,-30.10,5.02,30.67,0.9875,19,0,None
945,-8.50,-30.10,5.02,30.67,0.9875,19,0,None
946,-8.71,-28.21,5.02,30.67,0.9874,19,0,None
947,-8.71,-28.21,5.02,30.67,0.9874,19,0,None
948,-8.71,-28.21,5.02,30.67,0.9874,19,0,None
949,-8.71,-28.21,5.02,30.67,0.9874,19,0,None
950,-8.71,-28.21,5.02,30.67,0.9874,19,0,None
951,-8.71,-28.21,5.02,30.67,0.9874,19,0,None
952,-9.09,-24.75,5.02,30.67,0.9874,19,0,None
953,-9.09,-24.75,5.02,30.67,0.9874,19,0,None
954,-9.09,-24.75,5.02,30.67,0.9874,19,0,None
955,-9.30,-22.81,5.03,30.67,0.9873,19,0,None
956,-9.30,-22.81,5.03,30.67,0.9873,19,0,None
957,-9.30,-22.81,5.03,30.67,0.9873,19,0,None
958,-9.52,-20.83,5.03,30.67,0.9873,19,0,None
959,-9.52,-20.83,5.03,30.67,0.9873,19,0,None
960,-9.52,-20.83,5.03,30.67,0.9873,19,0,None
961,-9.52,-20.83,5.03,30.67,0.9873,19,0,None
962,-9.79,-18.34,5.04,30.67,0.9872,19,0,None
963,-9.79,-18.34,5.04,30.67,0.9872,19,0,None
964,-9.79,-18.34,5.04,30.67,0.9872,19,0,None
965,-10.00,-16.42,5.04,30.67,0.9872,19,0,None
966,-10.00,-16.42,5.04,30.67,0.9872,19,0,None
967,-10.00,-16.42,5.04,30.67,0.9872,19,0,None
968,-10.00,-16.42,5.04,30.67,0.9872,19,0,None
969,-10.21,-14.48,5.05,30.67,0.9872,19,0,None
970,-10.21,-14.48,5.05,30.67,0.9872,19,0,None
971,-10.21,-14.48,5.05,30.67,0.9872,19,0,None
972,-10.40,-12.74,5.04,30.67,0.9871,19,0,None
973,-10.47,-12.10,5.04,30.67,0.9871,19,0,None
974,-10.60,-10.93,5.04,30.67,0.9871,19,0,None
975,-10.60,-10.93,5.04,30.67,0.9871,19,0,None
976,-10.60,-10.93,5.04,30.67,0.9871,19,0,None
977,-10.60,-10.93,5.04,30.67,0.9871,19,0,None
978,-10.60,-10.93,5.04,30.67,0.9871,19,0,None
979,-10.60,-10.93,5.04,30.67,0.9871,19,0,None
980,-10.96,-7.71,5.04,30.67,0.9870,19,0,None
981,-10.96,-7.71,5.04,30.67,0.9870,19,0,None
982,-10.96,-7.71,5.04,30.67,0.9870,19,0,None
983,-11.16,-5.87,5.04,30.67,0.9870,19,0,None
984,-11.16,-5.87,5.04,30.67,0.9870,19,0,None
985,-11.16,-5.87,5.04,30.67,0.9870,19,0,None
986,-11.36,-4.01,5.03,30.67,0.9870,19,0,None
987,-11.36,-4.01,5.03,30.67,0.9870,19,0,None
988,-11.36,-4.01,5.03,30.67,0.9870,19,0,None
989,-11.55,-2.27,5.03,30.67,0.9869,19,0,None
990,-11.63,-1.56,5.03,30.67,0.9869,19,0,None
991,-11.63,-1.56,5.03,30.67,0.9869,19,0,None
992,-11.79,-0.05,5.03,30.67,0.9869,19,0,None
993,-11.79,-0.05,5.03,30.67,0.9869,19,0,None
994,-11.79,-0.05,5.03,30.67,0.9869,19,0,None
995,-11.79,-0.05,5.03,30.67,0.9869,19,0,None
996,-11.79,-0.05,5.03,30.67,0.9869,19,0,None
997,-12.14,3.08,5.04,30.67,0.9869,19,0,None
998,-12.14,3.08,5.04,30.67,0.9869,19,0,None
999,-12.14,3.08,5.04,30.67,0.9869,19,0,None
1000,-12.33,4.86,5.04,30.67,0.9868,19,0,None
1001,-12.33,4.86,5.04,30.67,0.9868,19,0,None
1002,-12.33,4.86,5.04,30.67,0.9868,19,0,None
1003,-12.33,4.86,5.04,30.67,0.9868,19,0,None
1004,-12.56,6.94,5.05,30.67,0.9868,19,0,None
1005,-12.56,6.94,5.05,30.67,0.9868,19,0,None
1006,-12.56,6.94,5.05,30.67,0.9868,19,0,None
1007,-12.79,9.07,5.05,30.66,0.9867,19,0,None
1008,-12.79,9.07,5.05,30.66,0.9867,19,0,None
1009,-12.90,10.03,5.05,30.66,0.9867,19,0,None
1010,-12.90,10.03,5.05,30.66,0.9867,19,0,None
1011,-12.90,10.03,5.05,30.66,0.9867,19,0,None
1012,-12.90,10.03,5.05,30.66,0.9867,19,0,None
1013,-12.90,10.03,5.05,30.66,0.9867,19,0,None
1014,-12.90,10.03,5.05,30.66,0.9867,19,0,None
1015,-13.31,13.76,5.05,30.66,0.9867,19,0,None
1016,-13.31,13.76,5.05,30.66,0.9867,19,0,None
1017,-13.31,13.76,5.05,30.66,0.9867,19,0,None
1018,-13.52,15.72,5.17,30.71,0.9866,19,0,None
1019,-13.52,15.72,5.17,30.71,0.9866,19,0,None
1020,-13.52,15.72,5.17,30.71,0.9866,19,0,None
1021,-13.63,16.71,5.24,21.64,0.9866,19,0,None
1022,-13.63,16.71,5.24,21.64,0.9866,19,0,None
1023,-13.63,16.71,5.24,21.64,0.9866,19,0,None
1024,-13.67,17.07,5.27,0.00,0.9866,19,0,None
1025,-13.67,17.07,5.27,0.00,0.9866,19,0,None
1026,-13.67,17.07,5.27,0.00,0.9865,19,0,None
1027,-13.67,17.07,5.27,0.00,0.9865,19,0,None
1028,-13.67,17.07,5.27,0.00,0.9865,19,0,None
1029,-13.67,17.07,5.27,0.00,0.9865,19,0,None
1030,-13.67,17.07,5.27,0.00,0.9865,19,0,None
1031,-13.67,17.07,5.27,0.00,0.9865,19,0,None
1032,-13.67,17.07,5.27,0.00,0.9865,19,0,None
1033,-13.67,17.07,5.27,0.00,0.9865,19,0,None
1034,-13.67,17.07,5.27,0.00,0.9865,19,0,None
1035,-13.67,17.07,5.27,0.00,0.9864,19,0,None
1036,-13.67,17.07,5.27,0.00,0.9864,19,0,None
1037,-13.67,17.07,5.27,0.00,0.9864,19,0,None
1038,-13.67,17.07,5.27,0.00,0.9864,19,0,None
1039,-13.67,17.07,5.27,0.00,0.9864,19,0,None
1040,-13.67,17.07,5.27,0.00,0.9864,19,0,None
1041,-13.67,17.07,5.27,0.00,0.9864,19,0,None
1042,-13.67,17.07,5.27,0.00,0.9864,19,0,None
1043,-13.67,17.07,5.27,0.00,0.9864,19,0,None
1044,-13.67,17.07,5.27,0.00,0.9863,19,0,None
1045,-13.67,17.07,5.27,0.00,0.9863,19,0,None
1046,-13.67,17.07,5.27,0.00,0.9863,19,0,None
1047,-13.67,17.07,5.27,0.00,0.9863,19,0,None
1048,-13.67,17.07,5.27,0.00,0.9863,19,0,None
1049,-13.67,17.07,5.27,0.00,0.9863,19,0,None
1050,-13.67,17.07,5.27,0.00,0.9863,19,0,None
1051,-13.67,17.07,5.27,0.00,0.9863,19,0,None
1052,-13.67,17.07,5.27,0.00,0.9863,19,0,None
1053,-13.67,17.07,5.27,0.00,0.9862,19,0,None
1054,-13.67,17.07,5.27,0.00,0.9862,19,0,None
1055,-13.67,17.07,5.27,0.00,0.9862,19,0,None
1056,-13.67,17.07,5.27,0.00,0.9862,19,0,None
1057,-13.67,17.07,5.27,0.00,0.9862,19,0,None
1058,-13.67,17.07,5.27,0.00,0.9862,19,0,None
1059,-13.67,17.07,5.27,0.00,0.9862,19,0,None
1060,-13.67,17.07,5.27,0.00,0.9862,19,0,None
1061,-13.67,17.07,5.27,0.00,0.9861,19,0,None
1062,-13.67,17.07,5.27,0.00,0.9861,19,0,None
1063,-13.67,17.07,5.27,0.00,0.9861,19,0,None
1064,-13.67,17.07,5.27,0.00,0.9861,19,0,None
1065,-13.67,17.07,5.27,0.00,0.9861,19,0,None
1066,-13.67,17.07,5.27,0.00,0.9861,19,0,None
1067,-13.67,17.07,5.27,0.00,0.9861,19,0,None
1068,-13.67,17.07,5.27,0.00,0.9861,19,0,None
1069,-13.67,17.07,5.27,0.00,0.9861,19,0,None
1070,-13.67,17.07,5.27,0.00,0.9860,19,0,None
1071,-13.67,17.07,5.27,0.00,0.9860,19,0,None
1072,-13.67,17.07,5.27,0.00,0.9860,19,0,None
1073,-13.67,17.10,5.27,0.56,0.9860,19,0,None
1074,-13.67,17.10,5.27,0.56,0.9860,19,0,None
1075,-13.67,17.16,5.27,1.13,0.9860,19,0,None
1076,-13.67,17.16,5.27,1.13,0.9860,19,0,None
1077,-13.67,17.16,5.27,1.13,0.9860,19,0,None
1078,-13.67,17.26,5.26,1.71,0.9860,19,0,None
1079,-13.67,17.26,5.26,1.71,0.9860,19,0,None
1080,-13.67,17.26,5.26,1.71,0.9860,19,0,None
1081,-13.67,17.26,5.26,1.71,0.9860,19,0,None
1082,-13.67,17.26,5.26,1.71,0.9860,19,0,None
1083,-13.67,17.26,5.26,1.71,0.9860,19,0,None
1084,-13.67,17.52,5.25,2.28,0.9859,19,0,None
1085,-13.67,17.52,5.25,2.28,0.9859,19,0,None
1086,-13.67,17.52,5.25,2.28,0.9859,19,0,None
1087,-13.66,17.72,5.25,3.39,0.9859,19,0,None
1088,-13.66,17.72,5.25,3.39,0.9859,19,0,None
1089,-13.66,17.90,5.24,3.99,0.9858,19,0,None
1090,-13.66,17.90,5.24,3.99,0.9858,19,0,None
1091,-13.66,17.90,5.24,3.99,0.9858,19,0,None
1092,-13.66,17.90,5.24,3.99,0.9858,19,0,None
1093,-13.66,18.20,5.23,4.44,0.9858,19,0,None
1094,-13.66,18.20,5.23,4.44,0.9858,19,0,None
1095,-13.66,18.44,5.22,5.12,0.9858,19,0,None
1096,-13.66,18.44,5.22,5.12,0.9858,19,0,None
1097,-13.66,18.44,5.22,5.12,0.9858,19,0,None
1098,-13.66,18.77,5.21,5.59,0.9857,19,0,None
1099,-13.66,18.77,5.21,5.59,0.9857,19,0,None
1100,-13.66,18.77,5.21,5.59,0.9857,19,0,None
1101,-13.65,19.11,5.19,6.18,0.9857,19,0,None
1102,-13.65,19.11,5.19,6.18,0.9857,19,0,None
1103,-13.65,19.49,5.18,6.74,0.9857,19,0,None
1104,-13.65,19.49,5.18,6.74,0.9857,19,0,None
1105,-13.65,19.49,5.18,6.74,0.9857,19,0,None
1106,-13.65,19.49,5.18,6.74,0.9857,19,0,None
1107,-13.64,20.05,5.18,7.30,0.9856,19,0,None
1108,-13.64,20.05,5.18,7.30,0.9856,19,0,None
1109,-13.64,20.39,5.18,8.06,0.9856,19,0,None
1110,-13.64,20.39,5.18,8.06,0.9856,19,0,None
1111,-13.64,20.63,5.19,8.48,0.9856,19,0,None
1112,-13.64,20.63,5.19,8.48,0.9856,19,0,None
1113,-13.64,20.63,5.19,8.48,0.9856,19,0,None
1114,-13.64,20.63,5.19,8.48,0.9856,19,0,None
1115,-13.63,21.36,5.19,8.77,0.9855,19,0,None
1116,-13.63,21.36,5.19,8.77,0.9855,19,0,None
1117,-13.63,21.36,5.19,8.77,0.9855,19,0,None
1118,-13.63,22.03,5.19,9.60,0.9855,19,0,None
1119,-13.63,22.03,5.19,9.60,0.9855,19,0,None
1120,-13.63,22.03,5.19,9.60,0.9855,19,0,None
1121,-13.62,22.46,5.19,10.30,0.9855,19,0,None
1122,-13.62,22.68,5.19,10.71,0.9855,19,0,None
1123,-13.62,22.68,5.19,10.71,0.9855,19,0,None
1124,-13.62,22.68,5.19,10.71,0.9855,19,0,None
1125,-13.62,22.68,5.19,10.71,0.9855,19,0,None
1126,-13.61,23.62,5.18,10.92,0.9854,19,0,None
1127,-13.61,23.62,5.18,10.92,0.9854,19,0,None
1128,-13.61,23.62,5.18,10.92,0.9854,19,0,None
1129,-13.61,24.42,5.18,11.78,0.9854,19,0,None
1130,-13.61,24.42,5.18,11.78,0.9854,19,0,None
1131,-13.60,24.94,5.17,12.46,0.9854,19,0,None
1132,-13.60,25.19,5.17,12.88,0.9854,19,0,None
1133,-13.60,25.19,5.17,12.88,0.9854,19,0,None
1134,-13.60,25.19,5.17,12.88,0.9854,19,0,None
1135,-13.60,25.19,5.17,12.88,0.9854,19,0,None
1136,-13.60,25.19,5.17,12.88,0.9854,19,0,None
1137,-13.59,26.33,5.16,13.07,0.9853,19,0,None
1138,-13.59,26.33,5.16,13.07,0.9853,19,0,None
1139,-13.59,26.33,5.16,13.07,0.9853,19,0,None
1140,-13.58,27.27,5.16,13.95,0.9853,19,0,None
1141,-13.58,27.27,5.16,13.95,0.9853,19,0,None
1142,-13.58,27.88,5.15,14.62,0.9852,19,0,None
1143,-13.57,28.17,5.15,15.04,0.9852,19,0,None
1144,-13.57,28.17,5.15,15.04,0.9852,19,0,None
1145,-13.57,28.17,5.15,15.04,0.9852,19,0,None
1146,-13.57,28.17,5.15,15.04,0.9852,19,0,None
1147,-13.57,28.17,5.15,15.04,0.9852,19,0,None
1148,-13.56,29.52,5.14,15.23,0.9852,19,0,None
1149,-13.56,29.52,5.14,15.23,0.9852,19,0,None
1150,-13.56,29.52,5.14,15.23,0.9852,19,0,None
1151,-13.55,30.62,5.13,16.11,0.9851,19,0,None
1152,-13.55,30.62,5.13,16.11,0.9851,19,0,None
1153,-13.55,31.33,5.13,16.80,0.9851,19,0,None
1154,-13.54,31.67,5.13,17.22,0.9851,19,0,None
1155,-13.54,31.67,5.13,17.22,0.9851,19,0,None
1156,-13.54,31.67,5.13,17.22,0.9851,19,0,None
1157,-13.54,31.67,5.13,17.22,0.9851,19,0,None
1158,-13.54,31.67,5.13,17.22,0.9851,19,0,None
1159,-13.53,33.32,5.11,17.42,0.9851,19,0,None
1160,-13.53,33.32,5.11,17.42,0.9851,19,0,None
1161,-13.53,33.32,5.11,17.42,0.9851,19,0,None
1162,-13.53,33.32,5.11,17.42,0.9851,19,0,None
1163,-13.52,34.77,5.10,18.37,0.9850,19,0,None
1164,-13.52,34.77,5.10,18.37,0.9850,19,0,None
1165,-13.51,35.59,5.10,19.15,0.9850,19,0,None
1166,-13.51,35.59,5.10,19.15,0.9850,19,0,None
1167,-13.51,35.59,5.10,19.15,0.9850,19,0,None
1168,-13.50,36.73,5.09,19.59,0.9850,19,0,None
1169,-13.50,36.73,5.09,19.59,0.9850,19,0,None
1170,-13.50,36.73,5.09,19.59,0.9850,19,0,None
1171,-13.50,36.73,5.09,19.59,0.9850,19,0,None
1172,-13.49,38.30,5.10,20.17,0.9849,19,0,None
1173,-13.49,38.30,5.10,20.17,0.9849,19,0,None
1174,-13.48,39.22,5.11,20.94,0.9849,19,0,None
1175,-13.47,39.69,5.10,21.38,0.9849,19,0,None
1176,-13.47,39.69,5.10,21.38,0.9849,19,0,None
1177,-13.47,39.69,5.10,21.38,0.9849,19,0,None
1178,-13.47,39.69,5.10,21.38,0.9849,19,0,None
1179,-13.47,39.69,5.10,21.38,0.9849,19,0,None
1180,-13.46,41.74,5.09,21.60,0.9848,19,0,None
1181,-13.46,41.74,5.09,21.60,0.9848,19,0,None
1182,-13.46,41.74,5.09,21.60,0.9848,19,0,None
1183,-13.46,41.74,5.09,21.60,0.9848,19,0,None
1184,-13.44,43.45,5.08,22.55,0.9848,19,0,None
1185,-13.44,43.45,5.08,22.55,0.9848,19,0,None
1186,-13.43,44.43,5.07,23.31,0.9848,19,0,None
1187,-13.43,44.43,5.07,23.31,0.9848,19,0,None
1188,-13.42,45.71,5.06,23.73,0.9847,19,0,None
1189,-13.42,45.71,5.06,23.73,0.9847,19,0,None
1190,-13.42,45.71,5.06,23.73,0.9847,19,0,None
1191,-13.42,45.71,5.06,23.73,0.9847,19,0,None
1192,-13.41,47.38,5.05,24.27,0.9847,19,0,None
1193,-13.41,47.38,5.05,24.27,0.9847,19,0,None
1194,-13.40,48.46,5.04,24.96,0.9847,19,0,None
1195,-13.39,48.97,5.04,25.39,0.9847,19,0,None
1196,-13.39,48.97,5.04,25.39,0.9847,19,0,None
1197,-13.38,50.14,5.04,25.59,0.9846,19,0,None
1198,-13.38,50.14,5.04,25.59,0.9846,19,0,None
1199,-13.38,50.14,5.04,25.59,0.9846,19,0,None
1200,-13.38,50.14,5.04,25.59,0.9846,19,0,None
1201,-13.38,50.14,5.04,25.59,0.9846,19,0,None
1202,-13.38,50.14,5.04,25.59,0.9846,19,0,None
1203,-13.36,52.97,5.04,26.05,0.9846,19,0,None
1204,-13.36,52.97,5.04,26.05,0.9846,19,0,None
1205,-13.35,53.91,5.04,16.50,0.9845,19,0,None
1206,-13.35,53.91,5.04,16.50,0.9845,19,0,None
1207,-13.35,53.91,5.04,16.50,0.9845,19,0,None
1208,-13.35,54.00,5.04,0.00,0.9845,19,0,None
1209,-13.35,54.00,5.04,0.00,0.9845,19,0,None
1210,-13.35,54.00,5.04,0.00,0.9845,19,0,None
1211,-13.35,54.00,5.04,0.00,0.9845,19,0,None
1212,-13.35,54.00,5.04,0.00,0.9845,19,0,None
1213,-13.35,54.00,5.04,0.00,0.9845,19,0,None
1214,-13.35,54.00,5.04,0.00,0.9845,19,0,None
1215,-13.35,54.00,5.04,0.00,0.9845,19,0,None
1216,-13.35,54.00,5.04,0.00,0.9844,19,0,None
1217,-13.35,54.00,5.04,0.00,0.9844,19,0,None
1218,-13.35,54.00,5.04,0.00,0.9844,19,0,None
1219,-13.35,54.00,5.04,0.00,0.9844,19,0,None
1220,-13.35,54.00,5.04,0.00,0.9844,19,0,None
1221,-13.35,54.00,5.04,0.00,0.9844,19,0,None
1222,-13.35,54.00,5.04,0.00,0.9844,19,0,None
1223,-13.35,54.00,5.04,0.00,0.9844,19,0,None
1224,-13.35,54.00,5.04,0.00,0.9844,19,0,None
1225,-13.35,54.00,5.04,0.00,0.9843,19,0,None
1226,-13.35,54.00,5.04,0.00,0.9843,19,0,None
1227,-13.35,54.00,5.04,0.00,0.9843,19,0,None
1228,-13.35,54.00,5.04,0.00,0.9843,19,0,None
1229,-13.35,54.00,5.04,0.00,0.9843,19,0,None
1230,-13.35,54.00,5.04,0.00,0.9843,19,0,None
1231,-13.35,54.00,5.04,0.00,0.9843,19,0,None
1232,-13.35,54.00,5.04,0.00,0.9843,19,0,None
1233,-13.35,54.00,5.04,0.00,0.9842,19,0,None
1234,-13.35,54.00,5.04,0.00,0.9842,19,0,None
1235,-13.35,54.00,5.04,0.00,0.9842,19,0,None
1236,-13.35,54.00,5.04,0.00,0.9842,19,0,None
1237,-13.35,54.00,5.04,0.00,0.9842,19,0,None
1238,-13.35,54.00,5.04,0.00,0.9842,19,0,None
1239,-13.35,54.00,5.04,0.00,0.9842,19,0,None
1240,-13.35,54.00,5.04,0.00,0.9842,19,0,None
1241,-13.35,54.00,5.04,0.00,0.9842,19,0,None
1242,-13.35,54.00,5.04,0.00,0.9841,19,0,None
1243,-13.35,54.00,5.04,0.00,0.9841,19,0,None
1244,-13.35,54.00,5.04,0.00,0.9841,19,0,None
1245,-13.35,54.00,5.04,0.00,0.9841,19,0,None
1246,-13.35,54.00,5.04,0.00,0.9841,19,0,None
1247,-13.35,54.00,5.04,0.00,0.9841,19,0,None
1248,-13.35,54.00,5.04,0.00,0.9841,19,0,None
1249,-13.35,54.00,5.04,0.00,0.9841,19,0,None
1250,-13.35,54.00,5.04,0.00,0.9841,19,0,None
1251,-13.35,54.00,5.04,0.00,0.9841,19,0,None
1252,-13.35,54.00,5.04,0.00,0.9841,19,0,None
1253,-13.35,54.00,5.04,0.00,0.9840,19,0,None
1254,-13.35,54.00,5.04,0.00,0.9840,19,0,None
1255,-13.35,54.00,5.04,0.00,0.9840,19,0,None
1256,-13.35,54.00,5.04,0.00,0.9840,19,0,None
1257,-13.35,54.00,5.04,0.00,0.9840,19,0,None
1258,-13.35,54.00,5.04,0.00,0.9840,19,0,None
1259,-13.35,54.00,5.04,0.00,0.9840,19,0,None
1260,-13.35,54.00,5.04,0.00,0.9840,19,0,None
1261,-13.35,54.00,5.04,0.00,0.9839,19,0,None
1262,-13.35,54.00,5.04,0.00,0.9839,19,0,None
1263,-13.35,54.00,5.04,0.00,0.9839,19,0,None
1264,-13.35,54.00,5.04,0.00,0.9839,19,0,None
1265,-13.35,54.00,5.04,0.00,0.9839,19,0,None
1266,-13.35,54.00,5.04,0.00,0.9839,19,0,None
1267,-13.35,54.00,5.04,0.00,0.9839,19,0,None
1268,-13.35,54.00,5.04,0.00,0.9839,19,0,None
1269,-13.35,54.00,5.04,0.00,0.9838,19,0,None
1270,-13.35,54.00,5.04,0.00,0.9838,19,0,None
1271,-13.35,54.00,5.04,0.00,0.9838,19,0,None
1272,-13.35,54.00,5.04,0.00,0.9838,19,0,None
1273,-13.35,54.00,5.04,0.00,0.9838,19,0,None
1274,-13.35,54.00,5.04,0.00,0.9838,19,0,None
1275,-13.35,54.00,5.04,0.00,0.9838,19,0,None
1276,-13.35,54.00,5.04,0.00,0.9838,19,0,None
1277,-13.35,54.00,5.04,0.00,0.9838,19,0,None
1278,-13.35,54.00,5.04,0.00,0.9837,19,0,None
1279,-13.35,54.00,5.04,0.00,0.9837,19,0,None
1280,-13.35,54.00,5.04,0.00,0.9837,19,0,None
1281,-13.35,54.00,5.04,0.00,0.9837,19,0,None
1282,-13.35,54.00,5.04,0.00,0.9837,19,0,None
1283,-13.35,54.00,5.04,0.00,0.9837,19,0,None
1284,-13.35,54.00,5.04,0.00,0.9837,19,0,None
1285,-13.35,54.00,5.04,0.00,0.9837,19,0,None
1286,-13.35,54.00,5.04,0.00,0.9837,19,0,None
1287,-13.35,54.00,5.04,0.00,0.9837,19,0,None
1288,-13.35,54.00,5.04,0.00,0.9837,19,0,None
1289,-13.35,54.00,5.04,0.00,0.9837,19,0,None
1290,-13.35,53.94,5.04,0.55,0.9836,19,0,None
1291,-13.35,53.94,5.04,0.55,0.9836,19,0,None
1292,-13.35,53.94,5.04,0.55,0.9836,19,0,None
1293,-13.35,53.84,5.04,1.56,0.9836,19,0,None
1294,-13.35,53.84,5.04,1.56,0.9836,19,0,None
1295,-13.35,53.84,5.04,1.56,0.9836,19,0,None
1296,-13.34,53.72,5.04,2.21,0.9835,19,0,None
1297,-13.34,53.72,5.04,2.21,0.9835,19,0,None
1298,-13.34,53.72,5.04,2.21,0.9835,19,0,None
1299,-13.34,53.58,5.04,2.76,0.9835,19,0,None
1300,-13.34,53.58,5.04,2.76,0.9835,19,0,None
1301,-13.34,53.58,5.04,2.76,0.9835,19,0,None
1302,-13.34,53.39,5.04,3.26,0.9835,19,0,None
1303,-13.34,53.39,5.04,3.26,0.9835,19,0,None
1304,-13.33,53.23,5.04,3.84,0.9834,19,0,None
1305,-13.33,53.15,5.04,4.27,0.9834,19,0,None
1306,-13.33,53.15,5.04,4.27,0.9834,19,0,None
1307,-13.33,52.94,5.04,4.46,0.9834,19,0,None
1308,-13.33,52.94,5.04,4.46,0.9834,19,0,None
1309,-13.33,52.94,5.04,4.46,0.9834,19,0,None
1310,-13.33,52.94,5.04,4.46,0.9834,19,0,None
1311,-13.33,52.94,5.04,4.46,0.9834,19,0,None
1312,-13.32,52.41,5.04,4.93,0.9834,19,0,None
1313,-13.32,52.41,5.04,4.93,0.9834,19,0,None
1314,-13.32,52.41,5.04,4.93,0.9834,19,0,None
1315,-13.31,52.07,5.04,6.00,0.9833,19,0,None
1316,-13.31,52.07,5.04,6.00,0.9833,19,0,None
1317,-13.31,52.07,5.04,6.00,0.9833,19,0,None
1318,-13.30,51.77,5.04,6.56,0.9833,19,0,None
1319,-13.30,51.77,5.04,6.56,0.9833,19,0,None
1320,-13.30,51.77,5.04,6.56,0.9833,19,0,None
1321,-13.30,51.30,5.04,7.03,0.9833,19,0,None
1322,-13.30,51.30,5.04,7.03,0.9833,19,0,None
1323,-13.30,51.30,5.04,7.03,0.9833,19,0,None
1324,-13.29,50.86,5.04,7.70,0.9832,19,0,None
1325,-13.29,50.86,5.04,7.70,0.9832,19,0,None
1326,-13.28,50.40,5.04,8.26,0.9832,19,0,None
1327,-13.28,50.40,5.04,8.26,0.9832,19,0,None
1328,-13.28,50.40,5.04,8.26,0.9832,19,0,None
1329,-13.27,49.94,5.04,8.82,0.9832,19,0,None
1330,-13.27,49.94,5.04,8.82,0.9832,19,0,None
1331,-13.26,49.55,5.04,9.35,0.9831,19,0,None
1332,-13.26,49.55,5.04,9.35,0.9831,19,0,None
1333,-13.26,49.55,5.04,9.35,0.9831,19,0,None
1334,-13.26,49.55,5.04,9.35,0.9831,19,0,None
1335,-13.25,48.84,5.04,9.77,0.9831,19,0,None
1336,-13.25,48.84,5.04,9.77,0.9831,19,0,None
1337,-13.23,48.29,5.04,10.49,0.9831,19,0,None
1338,-13.23,48.29,5.04,10.49,0.9831,19,0,None
1339,-13.23,48.29,5.04,10.49,0.9831,19,0,None
1340,-13.22,47.81,5.04,11.01,0.9831,19,0,None
1341,-13.22,47.81,5.04,11.01,0.9831,19,0,None
1342,-13.22,47.81,5.04,11.01,0.9831,19,0,None
1343,-13.21,47.00,5.04,11.45,0.9830,19,0,None
1344,-13.21,47.00,5.04,11.45,0.9830,19,0,None
1345,-13.21,47.00,5.04,11.45,0.9830,19,0,None
1346,-13.19,46.34,5.04,12.16,0.9830,19,0,None
1347,-13.19,46.34,5.04,12.16,0.9830,19,0,None
1348,-13.18,45.77,5.04,12.70,0.9830,19,0,None
1349,-13.18,45.77,5.04,12.70,0.9830,19,0,None
1350,-13.18,45.77,5.04,12.70,0.9830,19,0,None
1351,-13.17,44.89,5.04,13.15,0.9829,19,0,None
1352,-13.17,44.89,5.04,13.15,0.9829,19,0,None
1353,-13.17,44.89,5.04,13.15,0.9829,19,0,None
1354,-13.15,44.10,5.04,13.82,0.9829,19,0,None
1355,-13.15,44.10,5.04,13.82,0.9829,19,0,None
1356,-13.15,44.10,5.04,13.82,0.9829,19,0,None
1357,-13.13,43.35,5.04,14.39,0.9829,19,0,None
1358,-13.13,43.35,5.04,14.39,0.9829,19,0,None
1359,-13.12,42.66,5.04,14.91,0.9828,19,0,None
1360,-13.12,42.66,5.04,14.91,0.9828,19,0,None
1361,-13.12,42.66,5.04,14.91,0.9828,19,0,None
1362,-13.10,41.83,5.04,15.37,0.9828,19,0,None
1363,-13.10,41.83,5.04,15.37,0.9828,19,0,None
1364,-13.10,41.83,5.04,15.37,0.9828,19,0,None
1365,-13.09,40.98,5.04,15.91,0.9828,19,0,None
1366,-13.09,40.98,5.04,15.91,0.9828,19,0,None
1367,-13.09,40.98,5.04,15.91,0.9828,19,0,None
1368,-13.06,39.82,5.04,16.45,0.9827,19,0,None
1369,-13.06,39.82,5.04,16.45,0.9827,19,0,None
1370,-13.06,39.82,5.04,16.45,0.9827,19,0,None
1371,-13.04,38.87,5.04,17.15,0.9827,19,0,None
1372,-13.04,38.87,5.04,17.15,0.9827,19,0,None
1373,-13.04,38.87,5.04,17.15,0.9827,19,0,None
1374,-13.02,37.82,5.04,17.71,0.9827,19,0,None
1375,-13.02,37.82,5.04,17.71,0.9827,19,0,None
1376,-13.02,37.82,5.04,17.71,0.9827,19,0,None
1377,-13.00,36.67,5.04,18.30,0.9826,19,0,None
1378,-13.00,36.67,5.04,18.30,0.9826,19,0,None
1379,-13.00,36.67,5.04,18.30,0.9826,19,0,None
1380,-12.98,35.51,5.04,18.93,0.9826,19,0,None
1381,-12.98,35.51,5.04,18.93,0.9826,19,0,None
1382,-12.98,35.51,5.04,18.93,0.9826,19,0,None
1383,-12.95,34.36,5.04,19.54,0.9826,19,0,None
1384,-12.95,34.36,5.04,19.54,0.9826,19,0,None
1385,-12.95,34.36,5.04,19.54,0.9826,19,0,None
1386,-12.93,33.15,5.04,20.13,0.9825,19,0,None
1387,-12.93,33.15,5.04,20.13,0.9825,19,0,None
1388,-12.93,33.15,5.04,20.13,0.9825,19,0,None
1389,-12.90,32.00,5.04,20.73,0.9825,19,0,None
1390,-12.90,32.00,5.04,20.73,0.9825,19,0,None
1391,-12.88,30.97,5.04,21.29,0.9825,19,0,None
1392,-12.88,30.97,5.04,21.29,0.9825,19,0,None
1393,-12.88,30.97,5.04,21.29,0.9825,19,0,None
1394,-12.86,29.62,5.04,21.77,0.9824,19,0,None
1395,-12.86,29.62,5.04,21.77,0.9824,19,0,None
1396,-12.86,29.62,5.04,21.77,0.9824,19,0,None
1397,-12.83,28.26,5.04,22.39,0.9824,19,0,None
1398,-12.83,28.26,5.04,22.39,0.9824,19,0,None
1399,-12.83,28.26,5.04,22.39,0.9824,19,0,None
1400,-12.80,26.95,5.04,23.00,0.9824,19,0,None
1401,-12.80,26.95,5.04,23.00,0.9824,19,0,None
1402,-12.80,26.95,5.04,23.00,0.9824,19,0,None
1403,-12.80,26.95,5.04,23.00,0.9824,19,0,None
1404,-12.77,25.29,5.04,23.57,0.9823,19,0,None
1405,-12.77,25.29,5.04,23.57,0.9823,19,0,None
1406,-12.77,25.29,5.04,23.57,0.9823,19,0,None
1407,-12.74,23.95,5.04,24.27,0.9823,19,0,None
1408,-12.74,23.95,5.04,24.27,0.9823,19,0,None
1409,-12.72,22.90,5.04,24.83,0.9823,19,0,None
1410,-12.72,22.90,5.04,24.83,0.9823,19,0,None
1411,-12.72,22.90,5.04,24.83,0.9823,19,0,None
1412,-12.69,21.25,5.04,25.25,0.9822,19,0,None
1413,-12.69,21.25,5.04,25.25,0.9822,19,0,None
1414,-12.69,21.25,5.04,25.25,0.9822,19,0,None
1415,-12.66,19.75,5.04,25.90,0.9822,19,0,None
1416,-12.65,19.25,5.04,26.48,0.9822,19,0,None
1417,-12.65,19.25,5.04,26.48,0.9822,19,0,None
1418,-12.63,18.24,5.04,26.67,0.9822,19,0,None
1419,-12.63,18.24,5.04,26.67,0.9822,19,0,None
1420,-12.63,18.24,5.04,26.67,0.9822,19,0,None
1421,-12.63,18.24,5.04,26.67,0.9822,19,0,None
1422,-12.63,18.24,5.04,26.67,0.9822,19,0,None
1423,-12.60,17.00,5.05,0.00,0.9821,19,0,None
1424,-12.60,17.00,5.05,0.00,0.9821,19,0,None
1425,-12.60,17.00,5.05,0.00,0.9821,19,0,None
1426,-12.60,17.00,5.05,0.00,0.9821,19,0,None
1427,-12.60,17.00,5.05,0.00,0.9821,19,0,None
1428,-12.60,17.00,5.05,0.00,0.9821,19,0,None
1429,-12.60,17.00,5.05,0.00,0.9821,19,0,None
1430,-12.60,17.00,5.05,0.00,0.9820,19,0,None
1431,-12.60,17.00,5.05,0.00,0.9820,19,0,None
1432,-12.60,17.00,5.05,0.00,0.9820,19,0,None
1433,-12.60,17.00,5.05,0.00,0.9820,19,0,None
1434,-12.60,17.00,5.05,0.00,0.9820,19,0,None
1435,-12.60,17.00,5.05,0.00,0.9820,19,0,None
1436,-12.60,17.00,5.05,0.00,0.9820,19,0,None
1437,-12.60,17.00,5.05,0.00,0.9820,19,0,None
1438,-12.60,17.00,5.05,0.00,0.9820,19,0,None
1439,-12.60,17.00,5.05,0.00,0.9820,19,0,None
1440,-12.60,17.00,5.05,0.00,0.9820,19,0,None
1441,-12.60,17.00,5.05,0.00,0.9819,19,0,None
1442,-12.60,17.00,5.05,0.00,0.9819,19,0,None
1443,-12.60,17.00,5.05,0.00,0.9819,19,0,None
1444,-12.60,17.00,5.05,0.00,0.9819,19,0,None
1445,-12.60,17.00,5.05,0.00,0.9819,19,0,None
1446,-12.60,17.00,5.05,0.00,0.9819,19,0,None
1447,-12.60,17.00,5.05,0.00,0.9819,19,0,None
1448,-12.60,17.00,5.05,0.00,0.9819,19,0,None
1449,-12.60,17.00,5.05,0.00,0.9819,19,0,None
1450,-12.60,17.00,5.05,0.00,0.9818,19,0,None
1451,-12.60,17.00,5.05,0.00,0.9818,19,0,None
1452,-12.60,17.00,5.05,0.00,0.9818,19,0,None
1453,-12.60,17.00,5.05,0.00,0.9818,19,0,None
1454,-12.60,17.00,5.05,0.00,0.9818,19,0,None
1455,-12.60,17.00,5.05,0.00,0.9818,19,0,None
1456,-12.60,17.00,5.05,0.00,0.9818,19,0,None
1457,-12.60,17.00,5.05,0.00,0.9818,19,0,None
1458,-12.60,17.00,5.05,0.00,0.9818,19,0,None
1459,-12.60,17.00,5.05,0.00,0.9817,19,0,None
1460,-12.60,17.00,5.05,0.00,0.9817,19,0,None
1461,-12.60,17.00,5.05,0.00,0.9817,19,0,None
1462,-12.60,17.00,5.05,0.00,0.9817,19,0,None
1463,-12.60,17.00,5.05,0.00,0.9817,19,0,None
1464,-12.60,17.00,5.05,0.00,0.9817,19,0,None
1465,-12.60,17.00,5.05,0.00,0.9817,19,0,None
1466,-12.60,17.00,5.05,0.00,0.9817,19,0,None
1467,-12.60,17.00,5.05,0.00,0.9817,19,0,None
1468,-12.60,17.00,5.05,0.00,0.9816,19,0,None
1469,-12.60,17.00,5.05,0.00,0.9816,19,0,None
1470,-12.60,17.00,5.05,0.00,0.9816,19,0,None
1471,-12.60,17.00,5.05,0.00,0.9816,19,0,None
1472,-12.60,17.00,5.05,0.00,0.9816,19,0,None
1473,-12.60,17.00,5.05,0.00,0.9816,19,0,None
1474,-12.60,17.00,5.05,0.00,0.9816,19,0,None
1475,-12.60,17.00,5.05,0.00,0.9816,19,0,None
1476,-12.60,17.00,5.05,0.00,0.9816,19,0,None
1477,-12.60,17.00,5.05,0.00,0.9815,19,0,None
1478,-12.60,17.00,5.05,0.00,0.9815,19,0,None
1479,-12.60,17.00,5.05,0.00,0.9815,19,0,None
1480,-12.60,17.00,5.05,0.00,0.9815,19,0,None
1481,-12.60,17.00,5.05,0.00,0.9815,19,0,None
1482,-12.60,17.00,5.05,0.00,0.9815,19,0,None
1483,-12.60,17.00,5.05,0.00,0.9815,19,0,None
1484,-12.60,17.00,5.05,0.00,0.9815,19,0,None
1485,-12.60,17.00,5.05,0.00,0.9815,19,0,None
1486,-12.60,17.00,5.05,0.00,0.9815,19,0,None
1487,-12.60,17.00,5.05,0.00,0.9815,19,0,None
1488,-12.60,17.00,5.05,0.00,0.9814,19,0,None
1489,-12.60,17.00,5.05,0.00,0.9814,19,0,None
1490,-12.60,17.00,5.05,0.00,0.9814,19,0,None
1491,-12.60,17.00,5.05,0.00,0.9814,19,0,None
1492,-12.60,17.00,5.05,0.00,0.9814,19,0,None
1493,-12.60,17.00,5.05,0.00,0.9813,19,0,None
1494,-12.60,17.00,5.05,0.00,0.9813,19,0,None
1495,-12.60,17.00,5.05,0.00,0.9813,19,0,None
1496,-12.60,17.00,5.05,0.00,0.9813,19,0,None
1497,-12.60,17.00,5.05,0.00,0.9813,19,0,None
1498,-12.60,17.00,5.05,0.00,0.9813,19,0,None
1499,-12.60,17.00,5.05,0.00,0.9813,19,0,None
1500,-12.60,17.00,5.05,0.00,0.9813,19,0,None
1501,-12.60,17.00,5.05,0.00,0.9813,19,0,None
1502,-12.60,17.00,5.05,0.00,0.9813,19,0,None
1503,-12.60,17.00,5.05,0.00,0.9812,19,0,None
1504,-12.60,17.00,5.05,0.00,0.9812,19,0,None
1505,-12.60,17.03,5.05,0.72,0.9812,19,0,None
1506,-12.60,17.06,5.05,1.15,0.9812,19,0,None
1507,-12.60,17.06,5.05,1.15,0.9812,19,0,None
1508,-12.60,17.06,5.05,1.15,0.9812,19,0,None
1509,-12.60,17.13,5.05,1.39,0.9812,19,0,None
1510,-12.60,17.13,5.05,1.39,0.9812,19,0,None
1511,-12.60,17.13,5.05,1.39,0.9812,19,0,None
1512,-12.60,17.13,5.05,1.39,0.9812,19,0,None
1513,-12.60,17.13,5.05,1.39,0.9812,19,0,None
1514,-12.59,17.33,5.05,1.89,0.9811,19,0,None
1515,-12.59,17.33,5.05,1.89,0.9811,19,0,None
1516,-12.59,17.33,5.05,1.89,0.9811,19,0,None
1517,-12.59,17.33,5.05,1.89,0.9811,19,0,None
1518,-12.59,17.54,5.04,2.94,0.9811,19,0,None
1519,-12.59,17.54,5.04,2.94,0.9811,19,0,None
1520,-12.59,17.54,5.04,2.94,0.9811,19,0,None
1521,-12.58,17.76,5.04,3.66,0.9810,19,0,None
1522,-12.58,17.76,5.04,3.66,0.9810,19,0,None
1523,-12.58,17.76,5.04,3.66,0.9810,19,0,None
1524,-12.58,18.01,5.04,4.28,0.9810,19,0,None
1525,-12.58,18.01,5.04,4.28,0.9810,19,0,None
1526,-12.58,18.01,5.04,4.28,0.9810,19,0,None
1527,-12.57,18.30,5.04,4.86,0.9810,19,0,None
1528,-12.57,18.30,5.04,4.86,0.9810,19,0,None
1529,-12.57,18.30,5.04,4.86,0.9810,19,0,None
1530,-12.57,18.62,5.04,5.45,0.9809,19,0,None
1531,-12.57,18.62,5.04,5.45,0.9809,19,0,None
1532,-12.57,18.62,5.04,5.45,0.9809,19,0,None
1533,-12.56,19.00,5.04,6.04,0.9809,19,0,None
1534,-12.56,19.00,5.04,6.04,0.9809,19,0,None
1535,-12.56,19.00,5.04,6.04,0.9809,19,0,None
1536,-12.55,19.39,5.04,6.67,0.9809,19,0,None
1537,-12.55,19.39,5.04,6.67,0.9809,19,0,None
1538,-12.55,19.39,5.04,6.67,0.9809,19,0,None
1539,-12.54,19.83,5.04,7.25,0.9808,19,0,None
1540,-12.54,19.83,5.04,7.25,0.9808,19,0,None
1541,-12.54,19.83,5.04,7.25,0.9808,19,0,None
1542,-12.53,20.30,5.04,7.86,0.9808,19,0,None
1543,-12.53,20.30,5.04,7.86,0.9808,19,0,None
1544,-12.53,20.30,5.04,7.86,0.9808,19,0,None
1545,-12.52,20.82,5.04,8.45,0.9808,19,0,None
1546,-12.52,20.82,5.04,8.45,0.9808,19,0,None
1547,-12.51,21.30,5.04,9.07,0.9807,19,0,None
1548,-12.51,21.30,5.04,9.07,0.9807,19,0,None
1549,-12.51,21.30,5.04,9.07,0.9807,19,0,None
1550,-12.50,21.83,5.04,9.60,0.9807,19,0,None
1551,-12.50,21.83,5.04,9.60,0.9807,19,0,None
1552,-12.50,21.83,5.04,9.60,0.9807,19,0,None
1553,-12.49,22.39,5.04,10.16,0.9807,19,0,None
1554,-12.49,22.39,5.04,10.16,0.9807,19,0,None
1555,-12.49,22.39,5.04,10.16,0.9807,19,0,None
1556,-12.48,22.99,5.04,10.70,0.9806,19,0,None
1557,-12.48,22.99,5.04,10.70,0.9806,19,0,None
1558,-12.47,23.58,5.04,11.27,0.9806,19,0,None
1559,-12.47,23.58,5.04,11.27,0.9806,19,0,None
1560,-12.47,23.58,5.04,11.27,0.9806,19,0,None
1561,-12.45,24.23,5.04,11.79,0.9806,19,0,None
1562,-12.45,24.23,5.04,11.79,0.9806,19,0,None
1563,-12.45,24.23,5.04,11.79,0.9806,19,0,None
1564,-12.44,24.90,5.04,12.34,0.9806,19,0,None
1565,-12.44,24.90,5.04,12.34,0.9806,19,0,None
1566,-12.43,25.54,5.03,12.88,0.9805,19,0,None
1567,-12.42,25.78,5.03,13.38,0.9805,19,0,None
1568,-12.42,25.78,5.03,13.38,0.9805,19,0,None
1569,-12.41,26.28,5.03,13.56,0.9805,19,0,None
1570,-12.41,26.28,5.03,13.56,0.9805,19,0,None
1571,-12.41,26.28,5.03,13.56,0.9805,19,0,None
1572,-12.41,26.28,5.03,13.56,0.9805,19,0,None
1573,-12.41,26.28,5.03,13.56,0.9805,19,0,None
1574,-12.38,27.67,5.03,13.93,0.9804,19,0,None
1575,-12.38,27.67,5.03,13.93,0.9804,19,0,None
1576,-12.38,27.67,5.03,13.93,0.9804,19,0,None
1577,-12.36,28.64,5.03,14.93,0.9804,19,0,None
1578,-12.36,28.64,5.03,14.93,0.9804,19,0,None
1579,-12.36,28.64,5.03,14.93,0.9804,19,0,None
1580,-12.35,29.53,5.03,15.58,0.9804,19,0,None
1581,-12.35,29.53,5.03,15.58,0.9804,19,0,None
1582,-12.35,29.53,5.03,15.58,0.9804,19,0,None
1583,-12.33,30.39,5.03,16.15,0.9803,19,0,None
1584,-12.33,30.39,5.03,16.15,0.9803,19,0,None
1585,-12.31,31.27,5.03,16.68,0.9803,19,0,None
1586,-12.31,31.27,5.03,16.68,0.9803,19,0,None
1587,-12.31,31.27,5.03,16.68,0.9803,19,0,None
1588,-12.29,32.26,5.03,17.21,0.9803,19,0,None
1589,-12.29,32.26,5.03,17.21,0.9803,19,0,None
1590,-12.29,32.26,5.03,17.21,0.9803,19,0,None
1591,-12.27,33.30,5.03,17.79,0.9803,19,0,None
1592,-12.27,33.30,5.03,17.79,0.9803,19,0,None
1593,-12.25,34.11,5.03,18.37,0.9802,19,0,None
1594,-12.25,34.11,5.03,18.37,0.9802,19,0,None
1595,-12.25,34.11,5.03,18.37,0.9802,19,0,None
1596,-12.23,35.22,5.03,18.81,0.9802,19,0,None
1597,-12.23,35.22,5.03,18.81,0.9802,19,0,None
1598,-12.23,35.22,5.03,18.81,0.9802,19,0,None
1599,-12.23,35.22,5.03,18.81,0.9802,19,0,None
1600,-12.20,36.55,5.03,19.40,0.9802,19,0,None
1601,-12.20,36.55,5.03,19.40,0.9802,19,0,None
1602,-12.18,37.50,5.03,20.08,0.9801,19,0,None
1603,-12.18,37.50,5.03,20.08,0.9801,19,0,None
1604,-12.18,37.50,5.03,20.08,0.9801,19,0,None
1605,-12.16,38.73,5.03,20.56,0.9801,19,0,None
1606,-12.16,38.73,5.03,20.56,0.9801,19,0,None
1607,-12.16,38.73,5.03,20.56,0.9801,19,0,None
1608,-12.14,39.92,5.03,21.16,0.9801,19,0,None
1609,-12.14,39.92,5.03,21.16,0.9801,19,0,None
1610,-12.14,39.92,5.03,21.16,0.9801,19,0,None
1611,-12.11,41.14,5.03,21.72,0.9800,19,0,None
1612,-12.11,41.14,5.03,21.72,0.9800,19,0,None
1613,-12.11,41.14,5.03,21.72,0.9800,19,0,None
1614,-12.08,42.76,5.03,22.28,0.9800,19,0,None
1615,-12.08,42.76,5.03,22.28,0.9800,19,0,None
1616,-12.08,42.76,5.03,22.28,0.9800,19,0,None
1617,-12.05,44.17,5.03,23.43,0.9800,19,0,None
1618,-12.05,44.17,5.03,23.43,0.9800,19,0,None
1619,-12.05,44.17,5.03,23.43,0.9800,19,0,None
1620,-12.03,45.29,5.03,23.62,0.9799,19,0,None
1621,-12.03,45.29,5.03,23.62,0.9799,19,0,None
1622,-12.03,45.29,5.03,23.62,0.9799,19,0,None
1623,-12.03,45.29,5.03,23.62,0.9799,19,0,None
1624,-12.03,45.29,5.03,23.62,0.9799,19,0,None
1625,-11.97,47.86,5.03,24.09,0.9799,19,0,None
1626,-11.97,47.86,5.03,24.09,0.9799,19,0,None
1627,-11.97,47.86,5.03,24.09,0.9799,19,0,None
1628,-11.95,49.27,5.03,25.16,0.9798,19,0,None
1629,-11.95,49.27,5.03,25.16,0.9798,19,0,None
1630,-11.92,50.49,5.03,25.72,0.9798,19,0,None
1631,-11.92,50.49,5.03,25.72,0.9798,19,0,None
1632,-11.92,50.49,5.03,25.72,0.9798,19,0,None
1633,-11.89,52.10,5.03,26.19,0.9798,19,0,None
1634,-11.89,52.10,5.03,26.19,0.9798,19,0,None
1635,-11.89,52.10,5.03,26.19,0.9798,19,0,None
1636,-11.86,53.36,5.03,26.81,0.9798,19,0,None
1637,-11.86,53.36,5.03,26.81,0.9798,19,0,None
1638,-11.86,53.36,5.03,26.81,0.9798,19,0,None
1639,-11.85,54.00,5.03,0.00,0.9797,19,0,None
1640,-11.85,54.00,5.03,0.00,0.9797,19,0,None
1641,-11.85,54.00,5.03,0.00,0.9797,19,0,None
1642,-11.85,54.00,5.03,0.00,0.9797,19,0,None
1643,-11.85,54.00,5.03,0.00,0.9797,19,0,None
1644,-11.85,54.00,5.03,0.00,0.9797,19,0,None
1645,-11.85,54.00,5.03,0.00,0.9797,19,0,None
1646,-11.85,54.00,5.03,0.00,0.9797,19,0,None
1647,-11.85,54.00,5.03,0.00,0.9796,19,0,None
1648,-11.85,54.00,5.03,0.00,0.9796,19,0,None
1649,-11.85,54.00,5.03,0.00,0.9796,19,0,None
1650,-11.85,54.00,5.03,0.00,0.9796,19,0,None
1651,-11.85,54.00,5.03,0.00,0.9796,19,0,None
1652,-11.85,54.00,5.03,0.00,0.9796,19,0,None
1653,-11.85,54.00,5.03,0.00,0.9796,19,0,None
1654,-11.85,54.00,5.03,0.00,0.9796,19,0,None
1655,-11.85,54.00,5.03,0.00,0.9795,19,0,None
1656,-11.85,54.00,5.03,0.00,0.9795,19,0,None
1657,-11.85,54.00,5.03,0.00,0.9795,19,0,None
1658,-11.85,54.00,5.03,0.00,0.9795,19,0,None
1659,-11.85,54.00,5.03,0.00,0.9795,19,0,None
1660,-11.85,54.00,5.03,0.00,0.9795,19,0,None
1661,-11.85,54.00,5.03,0.00,0.9795,19,0,None
1662,-11.85,54.00,5.03,0.00,0.9795,19,0,None
1663,-11.85,54.00,5.03,0.00,0.9795,19,0,None
1664,-11.85,54.00,5.03,0.00,0.9795,19,0,None
1665,-11.85,54.00,5.03,0.00,0.9795,19,0,None
1666,-11.85,54.00,5.03,0.00,0.9794,19,0,None
1667,-11.85,54.00,5.03,0.00,0.9794,19,0,None
1668,-11.85,54.00,5.03,0.00,0.9794,19,0,None
1669,-11.85,54.00,5.03,0.00,0.9794,19,0,None
1670,-11.85,54.00,5.03,0.00,0.9794,19,0,None
1671,-11.85,54.00,5.03,0.00,0.9794,19,0,None
1672,-11.85,54.00,5.03,0.00,0.9794,19,0,None
1673,-11.85,54.00,5.03,0.00,0.9794,19,0,None
1674,-11.85,54.00,5.03,0.00,0.9793,19,0,None
1675,-11.85,54.00,5.03,0.00,0.9793,19,0,None
1676,-11.85,54.00,5.03,0.00,0.9793,19,0,None
1677,-11.85,54.00,5.03,0.00,0.9793,19,0,None
1678,-11.85,54.00,5.03,0.00,0.9793,19,0,None
1679,-11.85,54.00,5.03,0.00,0.9793,19,0,None
1680,-11.85,54.00,5.03,0.00,0.9793,19,0,None
1681,-11.85,54.00,5.03,0.00,0.9793,19,0,None
1682,-11.85,54.00,5.03,0.00,0.9792,19,0,None
1683,-11.85,54.00,5.03,0.00,0.9792,19,0,None
1684,-11.85,54.00,5.03,0.00,0.9792,19,0,None
1685,-11.85,54.00,5.03,0.00,0.9792,19,0,None
1686,-11.85,54.00,5.03,0.00,0.9792,19,0,None
1687,-11.85,54.00,5.03,0.00,0.9792,19,0,None
1688,-11.85,54.00,5.03,0.00,0.9792,19,0,None
1689,-11.85,54.00,5.03,0.00,0.9792,19,0,None
1690,-11.85,54.00,5.03,0.00,0.9792,19,0,None
1691,-11.85,54.00,5.03,0.00,0.9792,19,0,None
1692,-11.85,54.00,5.03,0.00,0.9792,19,0,None
1693,-11.85,54.00,5.03,0.00,0.9791,19,0,None
1694,-11.85,54.00,5.03,0.00,0.9791,19,0,None
1695,-11.85,54.00,5.03,0.00,0.9791,19,0,None
1696,-11.85,54.00,5.03,0.00,0.9791,19,0,None
1697,-11.85,54.00,5.03,0.00,0.9791,19,0,None
1698,-11.85,54.00,5.03,0.00,0.9791,19,0,None
1699,-11.85,54.00,5.03,0.00,0.9791,19,0,None
1700,-11.85,54.00,5.03,0.00,0.9791,19,0,None
1701,-11.85,54.00,5.03,0.00,0.9790,19,0,None
1702,-11.85,54.00,5.03,0.00,0.9790,19,0,None
1703,-11.85,54.00,5.03,0.00,0.9790,19,0,None
1704,-11.85,54.00,5.03,0.00,0.9790,19,0,None
1705,-11.85,54.00,5.03,0.00,0.9790,19,0,None
1706,-11.85,54.00,5.03,0.00,0.9790,19,0,None
1707,-11.85,54.00,5.03,0.00,0.9790,19,0,None
1708,-11.85,54.00,5.03,0.00,0.9790,19,0,None
1709,-11.85,54.00,5.03,0.00,0.9789,19,0,None
1710,-11.85,54.00,5.03,0.00,0.9789,19,0,None
1711,-11.85,54.00,5.03,0.00,0.9789,19,0,None
1712,-11.85,54.00,5.03,0.00,0.9789,19,0,None
1713,-11.85,54.00,5.03,0.00,0.9789,19,0,None
1714,-11.85,54.00,5.03,0.00,0.9789,19,0,None
1715,-11.85,54.00,5.03,0.00,0.9789,19,0,None
1716,-11.85,54.00,5.03,0.00,0.9789,19,0,None
1717,-11.85,53.97,5.03,0.53,0.9789,19,0,None
1718,-11.85,53.97,5.03,0.53,0.9789,19,0,None
1719,-11.85,53.97,5.03,0.53,0.9789,19,0,None
1720,-11.85,53.97,5.03,0.53,0.9789,19,0,None
1721,-11.85,53.97,5.03,0.53,0.9789,19,0,None
1722,-11.85,53.86,5.03,1.07,0.9788,19,0,None
1723,-11.85,53.86,5.03,1.07,0.9788,19,0,None
1724,-11.85,53.86,5.03,1.07,0.9788,19,0,None
1725,-11.85,53.76,5.03,2.08,0.9788,19,0,None
1726,-11.85,53.76,5.03,2.08,0.9788,19,0,None
1727,-11.84,53.61,5.03,2.59,0.9787,19,0,None
1728,-11.84,53.61,5.03,2.59,0.9787,19,0,None
1729,-11.84,53.61,5.03,2.59,0.9787,19,0,None
1730,-11.84,53.61,5.03,2.59,0.9787,19,0,None
1731,-11.84,53.42,5.03,3.15,0.9787,19,0,None
1732,-11.84,53.42,5.03,3.15,0.9787,19,0,None
1733,-11.83,53.24,5.03,3.77,0.9787,19,0,None
1734,-11.83,53.24,5.03,3.77,0.9787,19,0,None
1735,-11.83,53.24,5.03,3.77,0.9787,19,0,None
1736,-11.83,53.01,5.03,4.24,0.9787,19,0,None
1737,-11.83,53.01,5.03,4.24,0.9787,19,0,None
1738,-11.82,52.75,5.03,4.79,0.9786,19,0,None
1739,-11.82,52.75,5.03,4.79,0.9786,19,0,None
1740,-11.82,52.75,5.03,4.79,0.9786,19,0,None
1741,-11.82,52.47,5.03,5.33,0.9786,19,0,None
1742,-11.82,52.47,5.03,5.33,0.9786,19,0,None
1743,-11.82,52.47,5.03,5.33,0.9786,19,0,None
1744,-11.81,52.06,5.03,5.85,0.9786,19,0,None
1745,-11.81,52.06,5.03,5.85,0.9786,19,0,None
1746,-11.81,52.06,5.03,5.85,0.9786,19,0,None
1747,-11.80,51.78,5.03,6.55,0.9785,19,0,None
1748,-11.80,51.64,5.03,6.98,0.9785,19,0,None
1749,-11.80,51.64,5.03,6.98,0.9785,19,0,None
1750,-11.80,51.30,5.03,7.18,0.9785,19,0,None
1751,-11.80,51.30,5.03,7.18,0.9785,19,0,None
1752,-11.80,51.30,5.03,7.18,0.9785,19,0,None
1753,-11.80,51.30,5.03,7.18,0.9785,19,0,None
1754,-11.80,51.30,5.03,7.18,0.9785,19,0,None
1755,-11.80,51.30,5.03,7.18,0.9785,19,0,None
1756,-11.78,50.45,5.03,7.66,0.9784,19,0,None
1757,-11.78,50.45,5.03,7.66,0.9784,19,0,None
1758,-11.77,49.94,5.03,8.77,0.9784,19,0,None
1759,-11.77,49.94,5.03,8.77,0.9784,19,0,None
1760,-11.77,49.94,5.03,8.77,0.9784,19,0,None
1761,-11.76,49.50,5.03,9.35,0.9784,19,0,None
1762,-11.76,49.50,5.03,9.35,0.9784,19,0,None
1763,-11.76,49.50,5.03,9.35,0.9784,19,0,None
1764,-11.75,48.87,5.03,9.81,0.9783,19,0,None
1765,-11.75,48.87,5.03,9.81,0.9783,19,0,None
1766,-11.74,48.38,5.03,10.46,0.9783,19,0,None
1767,-11.74,48.38,5.03,10.46,0.9783,19,0,None
1768,-11.74,48.38,5.03,10.46,0.9783,19,0,None
1769,-11.72,47.75,5.03,10.93,0.9783,19,0,None
1770,-11.72,47.75,5.03,10.93,0.9783,19,0,None
1771,-11.72,47.75,5.03,10.93,0.9783,19,0,None
1772,-11.71,47.11,5.03,11.51,0.9782,19,0,None
1773,-11.71,47.11,5.03,11.51,0.9782,19,0,None
1774,-11.71,47.11,5.03,11.51,0.9782,19,0,None
1775,-11.70,46.46,5.03,12.06,0.9782,19,0,None
1776,-11.70,46.46,5.03,12.06,0.9782,19,0,None
1777,-11.70,46.46,5.03,12.06,0.9782,19,0,None
1778,-11.68,45.54,5.03,12.60,0.9782,19,0,None
1779,-11.68,45.54,5.03,12.60,0.9782,19,0,None
1780,-11.67,44.97,5.03,13.33,0.9782,19,0,None
1781,-11.67,44.97,5.03,13.33,0.9782,19,0,None
1782,-11.66,44.67,5.03,13.76,0.9781,19,0,None
1783,-11.66,44.67,5.03,13.76,0.9781,19,0,None
1784,-11.65,43.99,5.03,13.98,0.9781,19,0,None
1785,-11.65,43.99,5.03,13.98,0.9781,19,0,None
1786,-11.65,43.99,5.03,13.98,0.9781,19,0,None
1787,-11.65,43.99,5.03,13.98,0.9781,19,0,None
1788,-11.65,43.99,5.03,13.98,0.9781,19,0,None
1789,-11.65,43.99,5.03,13.98,0.9781,19,0,None
1790,-11.61,42.35,5.03,14.47,0.9781,19,0,None
1791,-11.61,42.35,5.03,14.47,0.9781,19,0,None
1792,-11.61,42.35,5.03,14.47,0.9781,19,0,None
1793,-11.59,41.41,5.03,15.59,0.9780,19,0,None
1794,-11.59,41.41,5.03,15.59,0.9780,19,0,None
1795,-11.58,40.67,5.03,16.20,0.9780,19,0,None
1796,-11.58,40.67,5.03,16.20,0.9780,19,0,None
1797,-11.58,40.67,5.03,16.20,0.9780,19,0,None
1798,-11.58,40.67,5.03,16.20,0.9780,19,0,None
1799,-11.55,39.45,5.03,16.65,0.9780,19,0,None
1800,-11.55,39.45,5.03,16.65,0.9780,19,0,None
1801,-11.54,38.63,5.03,17.39,0.9779,19,0,None
1802,-11.54,38.63,5.03,17.39,0.9779,19,0,None
1803,-11.54,38.63,5.03,17.39,0.9779,19,0,None
1804,-11.52,37.50,5.03,17.86,0.9779,19,0,None
1805,-11.52,37.50,5.03,17.86,0.9779,19,0,None
1806,-11.52,37.50,5.03,17.86,0.9779,19,0,None
1807,-11.49,36.37,5.03,18.49,0.9779,19,0,None
1808,-11.49,36.37,5.03,18.49,0.9779,19,0,None
1809,-11.49,36.37,5.03,18.49,0.9779,19,0,None
1810,-11.47,35.18,5.03,19.11,0.9778,19,0,None
1811,-11.47,35.18,5.03,19.11,0.9778,19,0,None
1812,-11.47,35.18,5.03,19.11,0.9778,19,0,None
1813,-11.47,35.18,5.03,19.11,0.9778,19,0,None
1814,-11.47,35.18,5.03,19.11,0.9778,19,0,None
1815,-11.43,33.40,5.03,19.73,0.9778,19,0,None
1816,-11.43,33.40,5.03,19.73,0.9778,19,0,None
1817,-11.41,32.50,5.03,20.63,0.9777,19,0,None
1818,-11.41,32.50,5.03,20.63,0.9777,19,0,None
1819,-11.40,31.87,5.03,21.06,0.9777,19,0,None
1820,-11.40,31.87,5.03,21.06,0.9777,19,0,None
1821,-11.40,31.87,5.03,21.06,0.9777,19,0,None
1822,-11.40,31.87,5.03,21.06,0.9777,19,0,None
1823,-11.40,31.87,5.03,21.06,0.9777,19,0,None
1824,-11.40,31.87,5.03,21.06,0.9777,19,0,None
1825,-11.35,29.15,5.03,21.37,0.9777,19,0,None
1826,-11.35,29.15,5.03,21.37,0.9777,19,0,None
1827,-11.35,29.15,5.03,21.37,0.9777,19,0,None
1828,-11.31,27.51,5.03,22.64,0.9776,19,0,None
1829,-11.31,27.51,5.03,22.64,0.9776,19,0,None
1830,-11.31,27.51,5.03,22.64,0.9776,19,0,None
1831,-11.29,26.47,5.03,23.36,0.9776,19,0,None
1832,-11.29,26.47,5.03,23.36,0.9776,19,0,None
1833,-11.29,26.47,5.03,23.36,0.9776,19,0,None
1834,-11.29,26.47,5.03,23.36,0.9776,19,0,None
1835,-11.25,24.47,5.02,23.81,0.9775,19,0,None
1836,-11.25,24.47,5.02,23.81,0.9775,19,0,None
1837,-11.23,23.32,5.02,24.65,0.9775,19,0,None
1838,-11.23,23.32,5.02,24.65,0.9775,19,0,None
1839,-11.23,23.32,5.02,24.65,0.9775,19,0,None
1840,-11.23,23.32,5.02,24.65,0.9775,19,0,None
1841,-11.19,21.65,5.02,25.11,0.9775,19,0,None
1842,-11.19,21.65,5.02,25.11,0.9775,19,0,None
1843,-11.19,21.65,5.02,25.11,0.9775,19,0,None
1844,-11.16,20.02,5.02,25.78,0.9774,19,0,None
1845,-11.16,20.02,5.02,25.78,0.9774,19,0,None
1846,-11.16,20.02,5.02,25.78,0.9774,19,0,None
1847,-11.13,18.41,5.03,26.41,0.9774,19,0,None
1848,-11.13,18.41,5.03,26.41,0.9774,19,0,None
1849,-11.13,18.41,5.03,26.41,0.9774,19,0,None
1850,-11.13,18.41,5.03,26.41,0.9774,19,0,None
1851,-11.10,17.00,5.03,0.00,0.9774,19,0,None
1852,-11.10,17.00,5.03,0.00,0.9774,19,0,None
1853,-11.10,17.00,5.03,0.00,0.9774,19,0,None
1854,-11.10,17.00,5.03,0.00,0.9773,19,0,None
1855,-11.10,17.00,5.03,0.00,0.9773,19,0,None
1856,-11.10,17.00,5.03,0.00,0.9773,19,0,None
1857,-11.10,17.00,5.03,0.00,0.9773,19,0,None
1858,-11.10,17.00,5.03,0.00,0.9773,19,0,None
1859,-11.10,17.00,5.03,0.00,0.9773,19,0,None
1860,-11.10,17.00,5.03,0.00,0.9773,19,0,None
1861,-11.10,17.00,5.03,0.00,0.9773,19,0,None
1862,-11.10,17.00,5.03,0.00,0.9773,19,0,None
1863,-11.10,17.00,5.03,0.00,0.9773,19,0,None
1864,-11.10,17.00,5.03,0.00,0.9773,19,0,None
1865,-11.10,17.00,5.03,0.00,0.9772,19,0,None
1866,-11.10,17.00,5.03,0.00,0.9772,19,0,None
1867,-11.10,17.00,5.03,0.00,0.9772,19,0,None
1868,-11.10,17.00,5.03,0.00,0.9772,19,0,None
1869,-11.10,17.00,5.03,0.00,0.9772,19,0,None
1870,-11.10,17.00,5.03,0.00,0.9772,19,0,None
1871,-11.10,17.00,5.03,0.00,0.9771,19,0,None
1872,-11.10,17.00,5.03,0.00,0.9771,19,0,None
1873,-11.10,17.00,5.03,0.00,0.9771,19,0,None
1874,-11.10,17.00,5.03,0.00,0.9771,19,0,None
1875,-11.10,17.00,5.03,0.00,0.9771,19,0,None
1876,-11.10,17.00,5.03,0.00,0.9771,19,0,None
1877,-11.10,17.00,5.03,0.00,0.9771,19,0,None
1878,-11.10,17.00,5.03,0.00,0.9771,19,0,None
1879,-11.10,17.00,5.03,0.00,0.9771,19,0,None
1880,-11.10,17.00,5.03,0.00,0.9771,19,0,None
1881,-11.10,17.00,5.03,0.00,0.9770,19,0,None
1882,-11.10,17.00,5.03,0.00,0.9770,19,0,None
1883,-11.10,17.00,5.03,0.00,0.9770,19,0,None
1884,-11.10,17.00,5.03,0.00,0.9770,19,0,None
1885,-11.10,17.00,5.03,0.00,0.9770,19,0,None
1886,-11.10,17.00,5.03,0.00,0.9770,19,0,None
1887,-11.10,17.00,5.03,0.00,0.9770,19,0,None
1888,-11.10,17.00,5.03,0.00,0.9770,19,0,None
1889,-11.10,17.00,5.03,0.00,0.9770,19,0,None
1890,-11.10,17.00,5.03,0.00,0.9770,19,0,None
1891,-11.10,17.00,5.03,0.00,0.9769,19,0,None
1892,-11.10,17.00,5.03,0.00,0.9769,19,0,None
1893,-11.10,17.00,5.03,0.00,0.9769,19,0,None
1894,-11.10,17.00,5.03,0.00,0.9769,19,0,None
1895,-11.10,17.00,5.03,0.00,0.9769,19,0,None
1896,-11.10,17.00,5.03,0.00,0.9769,19,0,None
1897,-11.10,17.00,5.03,0.00,0.9769,19,0,None
1898,-11.10,17.00,5.03,0.00,0.9768,19,0,None
1899,-11.10,17.00,5.03,0.00,0.9768,19,0,None
1900,-11.10,17.00,5.03,0.00,0.9768,19,0,None
1901,-11.10,17.00,5.03,0.00,0.9768,19,0,None
1902,-11.10,17.00,5.03,0.00,0.9768,19,0,None
1903,-11.10,17.00,5.03,0.00,0.9768,19,0,None
1904,-11.10,17.00,5.03,0.00,0.9768,19,0,None
1905,-11.10,17.00,5.03,0.00,0.9768,19,0,None
1906,-11.10,17.00,5.03,0.00,0.9768,19,0,None
1907,-11.10,17.00,5.03,0.00,0.9768,19,0,None
1908,-11.10,17.00,5.03,0.00,0.9767,19,0,None
1909,-11.10,17.00,5.03,0.00,0.9767,19,0,None
1910,-11.10,17.00,5.03,0.00,0.9767,19,0,None
1911,-11.10,17.00,5.03,0.00,0.9767,19,0,None
1912,-11.10,17.00,5.03,0.00,0.9767,19,0,None
1913,-11.10,17.00,5.03,0.00,0.9767,19,0,None
1914,-11.10,17.00,5.03,0.00,0.9767,19,0,None
1915,-11.10,17.00,5.03,0.00,0.9767,19,0,None
1916,-11.10,17.00,5.03,0.00,0.9767,19,0,None
1917,-11.10,17.00,5.03,0.00,0.9767,19,0,None
1918,-11.10,17.00,5.03,0.00,0.9766,19,0,None
1919,-11.10,17.00,5.03,0.00,0.9766,19,0,None
1920,-11.10,17.00,5.03,0.00,0.9766,19,0,None
1921,-11.10,17.00,5.03,0.00,0.9766,19,0,None
1922,-11.10,17.00,5.03,0.00,0.9766,19,0,None
1923,-11.10,17.00,5.03,0.00,0.9766,19,0,None
1924,-11.10,17.00,5.03,0.00,0.9766,19,0,None
1925,-11.10,17.00,5.03,0.00,0.9766,19,0,None
1926,-11.10,17.00,5.03,0.00,0.9766,19,0,None
1927,-11.10,17.04,5.03,0.66,0.9765,19,0,None
1928,-11.10,17.04,5.03,0.66,0.9765,19,0,None
1929,-11.10,17.04,5.03,0.66,0.9765,19,0,None
1930,-11.10,17.04,5.03,0.66,0.9765,19,0,None
1931,-11.10,17.13,5.03,1.32,0.9765,19,0,None
1932,-11.10,17.13,5.03,1.32,0.9765,19,0,None
1933,-11.10,17.13,5.03,1.32,0.9765,19,0,None
1934,-11.10,17.13,5.03,1.32,0.9765,19,0,None
1935,-11.10,17.13,5.03,1.32,0.9765,19,0,None
1936,-11.09,17.35,5.03,1.98,0.9764,19,0,None
1937,-11.09,17.35,5.03,1.98,0.9764,19,0,None
1938,-11.09,17.35,5.03,1.98,0.9764,19,0,None
1939,-11.09,17.35,5.03,1.98,0.9764,19,0,None
1940,-11.09,17.35,5.03,1.98,0.9764,19,0,None
1941,-11.09,17.63,5.04,3.07,0.9764,19,0,None
1942,-11.09,17.63,5.04,3.07,0.9764,19,0,None
1943,-11.09,17.63,5.04,3.07,0.9764,19,0,None
1944,-11.08,17.89,5.03,4.00,0.9763,19,0,None
1945,-11.08,17.89,5.03,4.00,0.9763,19,0,None
1946,-11.08,17.89,5.03,4.00,0.9763,19,0,None
1947,-11.08,17.89,5.03,4.00,0.9763,19,0,None
1948,-11.07,18.24,5.03,4.65,0.9763,19,0,None
1949,-11.07,18.24,5.03,4.65,0.9763,19,0,None
1950,-11.07,18.47,5.03,5.40,0.9763,19,0,None
1951,-11.07,18.47,5.03,5.40,0.9763,19,0,None
1952,-11.07,18.67,5.03,5.83,0.9762,19,0,None
1953,-11.07,18.67,5.03,5.83,0.9762,19,0,None
1954,-11.07,18.67,5.03,5.83,0.9762,19,0,None
1955,-11.07,18.67,5.03,5.83,0.9762,19,0,None
1956,-11.07,18.67,5.03,5.83,0.9762,19,0,None
1957,-11.07,18.67,5.03,5.83,0.9762,19,0,None
1958,-11.05,19.48,5.02,6.17,0.9762,19,0,None
1959,-11.05,19.48,5.02,6.17,0.9762,19,0,None
1960,-11.05,19.48,5.02,6.17,0.9762,19,0,None
1961,-11.05,19.48,5.02,6.17,0.9762,19,0,None
1962,-11.04,20.03,5.02,7.49,0.9761,19,0,None
1963,-11.04,20.03,5.02,7.49,0.9761,19,0,None
1964,-11.04,20.03,5.02,7.49,0.9761,19,0,None
1965,-11.03,20.56,5.02,8.22,0.9761,19,0,None
1966,-11.03,20.56,5.02,8.22,0.9761,19,0,None
1967,-11.03,20.56,5.02,8.22,0.9761,19,0,None
1968,-11.03,20.56,5.02,8.22,0.9761,19,0,None
1969,-11.02,21.15,5.02,8.86,0.9761,19,0,None
1970,-11.01,21.34,5.02,9.53,0.9761,19,0,None
1971,-11.01,21.34,5.02,9.53,0.9761,19,0,None
1972,-11.01,21.34,5.02,9.53,0.9761,19,0,None
1973,-11.01,21.34,5.02,9.53,0.9761,19,0,None
1974,-10.99,22.21,5.02,9.73,0.9760,19,0,None
1975,-10.99,22.21,5.02,9.73,0.9760,19,0,None
1976,-10.99,22.21,5.02,9.73,0.9760,19,0,None
1977,-10.99,22.21,5.02,9.73,0.9760,19,0,None
1978,-10.98,22.98,5.02,10.62,0.9760,19,0,None
1979,-10.98,22.98,5.02,10.62,0.9760,19,0,None
1980,-10.98,22.98,5.02,10.62,0.9760,19,0,None
1981,-10.96,23.69,5.02,11.35,0.9759,19,0,None
1982,-10.96,23.69,5.02,11.35,0.9759,19,0,None
1983,-10.95,24.21,5.02,11.98,0.9759,19,0,None
1984,-10.95,24.55,5.02,12.40,0.9759,19,0,None
1985,-10.95,24.55,5.02,12.40,0.9759,19,0,None
1986,-10.95,24.55,5.02,12.40,0.9759,19,0,None
1987,-10.95,24.55,5.02,12.40,0.9759,19,0,None
1988,-10.93,25.62,5.02,12.68,0.9758,19,0,None
1989,-10.93,25.62,5.02,12.68,0.9758,19,0,None
1990,-10.93,25.62,5.02,12.68,0.9758,19,0,None
1991,-10.93,25.62,5.02,12.68,0.9758,19,0,None
1992,-10.91,26.62,5.02,13.53,0.9758,19,0,None
1993,-10.91,26.62,5.02,13.53,0.9758,19,0,None
1994,-10.89,27.23,5.02,14.26,0.9758,19,0,None
1995,-10.89,27.23,5.02,14.26,0.9758,19,0,None
1996,-10.89,27.23,5.02,14.26,0.9758,19,0,None
1997,-10.88,28.02,5.02,14.70,0.9757,19,0,None
1998,-10.88,28.02,5.02,14.70,0.9757,19,0,None
1999,-10.88,28.02,5.02,14.70,0.9757,19,0,None
2000,-10.88,28.02,5.02,14.70,0.9757,19,0,None
2001,-10.85,29.13,5.02,15.23,0.9757,19,0,None
2002,-10.85,29.13,5.02,15.23,0.9757,19,0,None
2003,-10.84,29.80,5.02,15.96,0.9757,19,0,None
2004,-10.83,30.13,5.02,16.38,0.9757,19,0,None
2005,-10.83,30.13,5.02,16.38,0.9757,19,0,None
2006,-10.82,30.95,5.02,16.58,0.9756,19,0,None
2007,-10.82,30.95,5.02,16.58,0.9756,19,0,None
2008,-10.82,30.95,5.02,16.58,0.9756,19,0,None
2009,-10.82,30.95,5.02,16.58,0.9756,19,0,None
2010,-10.82,30.95,5.02,16.58,0.9756,19,0,None
2011,-10.82,30.95,5.02,16.58,0.9756,19,0,None
2012,-10.78,32.85,5.02,17.08,0.9756,19,0,None
2013,-10.78,32.85,5.02,17.08,0.9756,19,0,None
2014,-10.78,32.85,5.02,17.08,0.9756,19,0,None
2015,-10.76,33.96,5.02,18.19,0.9755,19,0,None
2016,-10.76,33.96,5.02,18.19,0.9755,19,0,None
2017,-10.74,34.83,5.02,18.80,0.9755,19,0,None
2018,-10.74,34.83,5.02,18.80,0.9755,19,0,None
2019,-10.74,34.83,5.02,18.80,0.9755,19,0,None
2020,-10.74,34.83,5.02,18.80,0.9755,19,0,None
2021,-10.71,36.17,5.02,19.26,0.9755,19,0,None
2022,-10.71,36.17,5.02,19.26,0.9755,19,0,None
2023,-10.69,37.12,5.02,19.96,0.9755,19,0,None
2024,-10.69,37.12,5.02,19.96,0.9755,19,0,None
2025,-10.69,37.12,5.02,19.96,0.9755,19,0,None
2026,-10.67,38.38,5.02,20.43,0.9754,19,0,None
2027,-10.67,38.38,5.02,20.43,0.9754,19,0,None
2028,-10.67,38.38,5.02,20.43,0.9754,19,0,None
2029,-10.64,39.59,5.02,21.05,0.9754,19,0,None
2030,-10.64,39.59,5.02,21.05,0.9754,19,0,None
2031,-10.64,39.59,5.02,21.05,0.9754,19,0,None
2032,-10.62,40.86,5.02,21.63,0.9754,19,0,None
2033,-10.62,40.86,5.02,21.63,0.9754,19,0,None
2034,-10.62,40.86,5.02,21.63,0.9754,19,0,None
2035,-10.62,40.86,5.02,21.63,0.9754,19,0,None
2036,-10.58,42.58,5.02,22.21,0.9753,19,0,None
2037,-10.58,42.58,5.02,22.21,0.9753,19,0,None
2038,-10.56,43.57,5.02,22.99,0.9753,19,0,None
2039,-10.55,44.09,5.02,23.42,0.9753,19,0,None
2040,-10.55,44.09,5.02,23.42,0.9753,19,0,None
2041,-10.55,44.09,5.02,23.42,0.9753,19,0,None
2042,-10.55,44.09,5.02,23.42,0.9753,19,0,None
2043,-10.55,44.09,5.02,23.42,0.9753,19,0,None
2044,-10.51,46.21,5.02,23.64,0.9752,19,0,None
2045,-10.51,46.21,5.02,23.64,0.9752,19,0,None
2046,-10.51,46.21,5.02,23.64,0.9752,19,0,None
2047,-10.47,47.98,5.02,24.54,0.9752,19,0,None
2048,-10.47,47.98,5.02,24.54,0.9752,19,0,None
2049,-10.45,49.06,5.02,25.26,0.9752,19,0,None
2050,-10.45,49.06,5.02,25.26,0.9752,19,0,None
2051,-10.45,49.06,5.02,25.26,0.9752,19,0,None
2052,-10.42,50.48,5.02,25.69,0.9751,19,0,None
2053,-10.42,50.48,5.02,25.69,0.9751,19,0,None
2054,-10.42,50.48,5.02,25.69,0.9751,19,0,None
2055,-10.39,52.27,5.02,26.24,0.9751,19,0,None
2056,-10.39,52.27,5.02,26.24,0.9751,19,0,None
2057,-10.39,52.27,5.02,26.24,0.9751,19,0,None
2058,-10.36,53.42,5.02,26.92,0.9751,19,0,None
2059,-10.35,53.98,5.02,27.35,0.9751,19,0,None
2060,-10.35,53.98,5.02,27.35,0.9751,19,0,None
2061,-10.35,54.00,5.02,0.00,0.9750,19,0,None
2062,-10.35,54.00,5.02,0.00,0.9750,19,0,None
2063,-10.35,54.00,5.02,0.00,0.9750,19,0,None
2064,-10.35,54.00,5.02,0.00,0.9750,19,0,None
2065,-10.35,54.00,5.02,0.00,0.9750,19,0,None
2066,-10.35,54.00,5.02,0.00,0.9750,19,0,None
2067,-10.35,54.00,5.02,0.00,0.9750,19,0,None
2068,-10.35,54.00,5.02,0.00,0.9750,19,0,None
2069,-10.35,54.00,5.02,0.00,0.9749,19,0,None
2070,-10.35,54.00,5.02,0.00,0.9749,19,0,None
2071,-10.35,54.00,5.02,0.00,0.9749,19,0,None
2072,-10.35,54.00,5.02,0.00,0.9749,19,0,None
2073,-10.35,54.00,5.02,0.00,0.9749,19,0,None
2074,-10.35,54.00,5.02,0.00,0.9749,19,0,None
2075,-10.35,54.00,5.02,0.00,0.9749,19,0,None
2076,-10.35,54.00,5.02,0.00,0.9749,19,0,None
2077,-10.35,54.00,5.02,0.00,0.9749,19,0,None
2078,-10.35,54.00,5.02,0.00,0.9748,19,0,None
2079,-10.35,54.00,5.02,0.00,0.9748,19,0,None
2080,-10.35,54.00,5.02,0.00,0.9748,19,0,None
2081,-10.35,54.00,5.02,0.00,0.9748,19,0,None
2082,-10.35,54.00,5.02,0.00,0.9748,19,0,None
2083,-10.35,54.00,5.02,0.00,0.9748,19,0,None
2084,-10.35,54.00,5.02,0.00,0.9748,19,0,None
2085,-10.35,54.00,5.02,0.00,0.9748,19,0,None
2086,-10.35,54.00,5.02,0.00,0.9748,19,0,None
2087,-10.35,54.00,5.02,0.00,0.9748,19,0,None
2088,-10.35,54.00,5.02,0.00,0.9748,19,0,None
2089,-10.35,54.00,5.02,0.00,0.9747,19,0,None
2090,-10.35,54.00,5.02,0.00,0.9747,19,0,None
2091,-10.35,54.00,5.02,0.00,0.9747,19,0,None
2092,-10.35,54.00,5.02,0.00,0.9747,19,0,None
2093,-10.35,54.00,5.02,0.00,0.9747,19,0,None
2094,-10.35,54.00,5.02,0.00,0.9747,19,0,None
2095,-10.35,54.00,5.02,0.00,0.9747,19,0,None
2096,-10.35,54.00,5.02,0.00,0.9747,19,0,None
2097,-10.35,54.00,5.02,0.00,0.9746,19,0,None
2098,-10.35,54.00,5.02,0.00,0.9746,19,0,None
2099,-10.35,54.00,5.02,0.00,0.9746,19,0,None
2100,-10.35,54.00,5.02,0.00,0.9746,19,0,None
2101,-10.35,54.00,5.02,0.00,0.9746,19,0,None
2102,-10.35,54.00,5.02,0.00,0.9746,19,0,None
2103,-10.35,54.00,5.02,0.00,0.9746,19,0,None
2104,-10.35,54.00,5.02,0.00,0.9746,19,0,None
2105,-10.35,54.00,5.02,0.00,0.9746,19,0,None
2106,-10.35,54.00,5.02,0.00,0.9745,19,0,None
2107,-10.35,54.00,5.02,0.00,0.9745,19,0,None
2108,-10.35,54.00,5.02,0.00,0.9745,19,0,None
2109,-10.35,54.00,5.02,0.00,0.9745,19,0,None
2110,-10.35,54.00,5.02,0.00,0.9745,19,0,None
2111,-10.35,54.00,5.02,0.00,0.9745,19,0,None
2112,-10.35,54.00,5.02,0.00,0.9745,19,0,None
2113,-10.35,54.00,5.02,0.00,0.9745,19,0,None
2114,-10.35,54.00,5.02,0.00,0.9744,19,0,None
2115,-10.35,54.00,5.02,0.00,0.9744,19,0,None
2116,-10.35,54.00,5.02,0.00,0.9744,19,0,None
2117,-10.35,54.00,5.02,0.00,0.9744,19,0,None
2118,-10.35,54.00,5.02,0.00,0.9744,19,0,None
2119,-10.35,54.00,5.02,0.00,0.9744,19,0,None
2120,-10.35,54.00,5.02,0.00,0.9744,19,0,None
2121,-10.35,54.00,5.02,0.00,0.9744,19,0,None
2122,-10.35,54.00,5.02,0.00,0.9744,19,0,None
2123,-10.35,54.00,5.02,0.00,0.9744,19,0,None
2124,-10.35,54.00,5.02,0.00,0.9744,19,0,None
2125,-10.35,54.00,5.02,0.00,0.9743,19,0,None
2126,-10.35,54.00,5.02,0.00,0.9743,19,0,None
2127,-10.35,54.00,5.02,0.00,0.9743,19,0,None
2128,-10.35,54.00,5.02,0.00,0.9743,19,0,None
2129,-10.35,54.00,5.02,0.00,0.9743,19,0,None
2130,-10.35,54.00,5.02,0.00,0.9743,19,0,None
2131,-10.35,54.00,5.02,0.00,0.9743,19,0,None
2132,-10.35,54.00,5.02,0.00,0.9743,19,0,None
2133,-10.35,54.00,5.02,0.00,0.9743,19,0,None
2134,-10.35,53.97,5.02,0.55,0.9742,19,0,None
2135,-10.35,53.97,5.02,0.55,0.9742,19,0,None
2136,-10.35,53.97,5.02,0.55,0.9742,19,0,None
2137,-10.35,53.91,5.02,1.12,0.9742,19,0,None
2138,-10.35,53.91,5.02,1.12,0.9742,19,0,None
2139,-10.35,53.91,5.02,1.12,0.9742,19,0,None
2140,-10.35,53.91,5.02,1.12,0.9742,19,0,None
2141,-10.35,53.91,5.02,1.12,0.9742,19,0,None
2142,-10.34,53.74,5.02,1.67,0.9741,19,0,None
2143,-10.34,53.74,5.02,1.67,0.9741,19,0,None
2144,-10.34,53.74,5.02,1.67,0.9741,19,0,None
2145,-10.34,53.56,5.02,2.70,0.9741,19,0,None
2146,-10.34,53.56,5.02,2.70,0.9741,19,0,None
2147,-10.34,53.56,5.02,2.70,0.9741,19,0,None
2148,-10.34,53.36,5.02,3.34,0.9741,19,0,None
2149,-10.34,53.36,5.02,3.34,0.9741,19,0,None
2150,-10.33,53.19,5.02,3.94,0.9740,19,0,None
2151,-10.33,53.10,5.02,4.37,0.9740,19,0,None
2152,-10.33,53.10,5.02,4.37,0.9740,19,0,None
2153,-10.33,53.10,5.02,4.37,0.9740,19,0,None
2154,-10.33,52.87,5.02,4.57,0.9740,19,0,None
2155,-10.33,52.87,5.02,4.57,0.9740,19,0,None
2156,-10.33,52.87,5.02,4.57,0.9740,19,0,None
2157,-10.33,52.87,5.02,4.57,0.9740,19,0,None
2158,-10.33,52.87,5.02,4.57,0.9740,19,0,None
2159,-10.32,52.31,5.02,5.07,0.9739,19,0,None
2160,-10.32,52.31,5.02,5.07,0.9739,19,0,None
2161,-10.32,52.31,5.02,5.07,0.9739,19,0,None
2162,-10.31,51.94,5.02,6.19,0.9739,19,0,None
2163,-10.31,51.94,5.02,6.19,0.9739,19,0,None
2164,-10.30,51.62,5.02,6.78,0.9739,19,0,None
2165,-10.30,51.62,5.02,6.78,0.9739,19,0,None
2166,-10.30,51.62,5.02,6.78,0.9739,19,0,None
2167,-10.30,51.62,5.02,6.78,0.9739,19,0,None
2168,-10.29,51.14,5.02,7.25,0.9738,19,0,None
2169,-10.29,51.14,5.02,7.25,0.9738,19,0,None
2170,-10.28,50.77,5.02,7.92,0.9738,19,0,None
2171,-10.28,50.77,5.02,7.92,0.9738,19,0,None
2172,-10.28,50.77,5.02,7.92,0.9738,19,0,None
2173,-10.27,50.27,5.02,8.39,0.9738,19,0,None
2174,-10.27,50.27,5.02,8.39,0.9738,19,0,None
2175,-10.27,50.27,5.02,8.39,0.9738,19,0,None
2176,-10.26,49.77,5.02,8.98,0.9738,19,0,None
2177,-10.26,49.77,5.02,8.98,0.9738,19,0,None
2178,-10.26,49.77,5.02,8.98,0.9738,19,0,None
2179,-10.25,49.24,5.02,9.54,0.9737,19,0,None
2180,-10.25,49.24,5.02,9.54,0.9737,19,0,None
2181,-10.25,49.24,5.02,9.54,0.9737,19,0,None
2182,-10.24,48.52,5.02,10.09,0.9737,19,0,None
2183,-10.24,48.52,5.02,10.09,0.9737,19,0,None
2184,-10.23,48.06,5.02,10.81,0.9737,19,0,None
2185,-10.23,47.84,5.02,11.23,0.9737,19,0,None
2186,-10.23,47.84,5.02,11.23,0.9737,19,0,None
2187,-10.23,47.84,5.02,11.23,0.9737,19,0,None
2188,-10.21,47.29,5.02,11.43,0.9736,19,0,None
2189,-10.21,47.29,5.02,11.43,0.9736,19,0,None
2190,-10.21,47.29,5.02,11.43,0.9736,19,0,None
2191,-10.21,47.29,5.02,11.43,0.9736,19,0,None
2192,-10.21,47.29,5.02,11.43,0.9736,19,0,None
2193,-10.19,45.98,5.02,11.91,0.9736,19,0,None
2194,-10.19,45.98,5.02,11.91,0.9736,19,0,None
2195,-10.19,45.98,5.02,11.91,0.9736,19,0,None
2196,-10.17,45.22,5.02,13.01,0.9735,19,0,None
2197,-10.17,45.22,5.02,13.01,0.9735,19,0,None
2198,-10.17,45.22,5.02,13.01,0.9735,19,0,None
2199,-10.16,44.59,5.02,13.60,0.9735,19,0,None
2200,-10.16,44.59,5.02,13.60,0.9735,19,0,None
2201,-10.16,44.59,5.02,13.60,0.9735,19,0,None
2202,-10.14,43.66,5.02,14.06,0.9735,19,0,None
2203,-10.14,43.66,5.02,14.06,0.9735,19,0,None
2204,-10.13,42.96,5.02,14.72,0.9734,19,0,None
2205,-10.13,42.96,5.02,14.72,0.9734,19,0,None
2206,-10.13,42.96,5.02,14.72,0.9734,19,0,None
2207,-10.11,42.07,5.01,15.20,0.9734,19,0,None
2208,-10.11,42.07,5.01,15.20,0.9734,19,0,None
2209,-10.11,42.07,5.01,15.20,0.9734,19,0,None
2210,-10.09,41.16,5.01,15.78,0.9734,19,0,None
2211,-10.09,41.16,5.01,15.78,0.9734,19,0,None
2212,-10.09,41.16,5.01,15.78,0.9734,19,0,None
2213,-10.07,40.22,5.01,16.36,0.9733,19,0,None
2214,-10.07,40.22,5.01,16.36,0.9733,19,0,None
2215,-10.07,40.22,5.01,16.36,0.9733,19,0,None
2216,-10.07,40.22,5.01,16.36,0.9733,19,0,None
2217,-10.04,38.86,5.01,16.93,0.9733,19,0,None
2218,-10.04,38.86,5.01,16.93,0.9733,19,0,None
2219,-10.03,38.09,5.01,17.73,0.9733,19,0,None
2220,-10.02,37.61,5.01,18.17,0.9733,19,0,None
2221,-10.02,37.61,5.01,18.17,0.9733,19,0,None
2222,-10.02,37.61,5.01,18.17,0.9733,19,0,None
2223,-10.02,37.61,5.01,18.17,0.9733,19,0,None
2224,-10.02,37.61,5.01,18.17,0.9733,19,0,None
2225,-9.98,35.78,5.01,18.43,0.9732,19,0,None
2226,-9.98,35.78,5.01,18.43,0.9732,19,0,None
2227,-9.98,35.78,5.01,18.43,0.9732,19,0,None
2228,-9.98,35.78,5.01,18.43,0.9732,19,0,None
2229,-9.98,35.78,5.01,18.43,0.9732,19,0,None
2230,-9.95,34.04,5.01,19.43,0.9732,19,0,None
2231,-9.95,34.04,5.01,19.43,0.9732,19,0,None
2232,-9.93,33.14,5.01,20.32,0.9731,19,0,None
2233,-9.93,33.14,5.01,20.32,0.9731,19,0,None
2234,-9.93,33.14,5.01,20.32,0.9731,19,0,None
2235,-9.90,31.80,5.01,20.77,0.9731,19,0,None
2236,-9.90,31.80,5.01,20.77,0.9731,19,0,None
2237,-9.90,31.80,5.01,20.77,0.9731,19,0,None
2238,-9.90,31.80,5.01,20.77,0.9731,19,0,None
2239,-9.90,31.80,5.01,20.77,0.9731,19,0,None
2240,-9.86,29.77,5.01,21.41,0.9730,19,0,None
2241,-9.86,29.77,5.01,21.41,0.9730,19,0,None
2242,-9.84,28.76,5.01,22.36,0.9730,19,0,None
2243,-9.84,28.76,5.01,22.36,0.9730,19,0,None
2244,-9.84,28.76,5.01,22.36,0.9730,19,0,None
2245,-9.84,28.76,5.01,22.36,0.9730,19,0,None
2246,-9.81,27.20,5.01,22.81,0.9730,19,0,None
2247,-9.81,27.20,5.01,22.81,0.9730,19,0,None
2248,-9.81,27.20,5.01,22.81,0.9730,19,0,None
2249,-9.81,27.20,5.01,22.81,0.9730,19,0,None
2250,-9.76,24.96,5.01,23.49,0.9729,19,0,None
2251,-9.76,24.96,5.01,23.49,0.9729,19,0,None
2252,-9.76,24.96,5.01,23.49,0.9729,19,0,None
2253,-9.74,23.91,5.01,24.45,0.9729,19,0,None
2254,-9.74,23.91,5.01,24.45,0.9729,19,0,None
2255,-9.74,23.91,5.01,24.45,0.9729,19,0,None
2256,-9.71,22.31,5.01,24.88,0.9729,19,0,None
2257,-9.71,22.31,5.01,24.88,0.9729,19,0,None
2258,-9.71,22.31,5.01,24.88,0.9729,19,0,None
2259,-9.71,22.31,5.01,24.88,0.9729,19,0,None
2260,-9.66,20.00,5.01,25.52,0.9728,19,0,None
2261,-9.66,20.00,5.01,25.52,0.9728,19,0,None
2262,-9.66,20.00,5.01,25.52,0.9728,19,0,None
2263,-9.64,18.86,5.01,26.43,0.9728,19,0,None
2264,-9.62,18.08,5.01,26.86,0.9728,19,0,None
2265,-9.62,18.08,5.01,26.86,0.9728,19,0,None
2266,-9.62,18.08,5.01,26.86,0.9728,19,0,None
2267,-9.62,18.08,5.01,26.86,0.9728,19,0,None
2268,-9.62,18.08,5.01,26.86,0.9728,19,0,None
2269,-9.62,18.08,5.01,26.86,0.9728,19,0,None
2270,-9.60,17.00,5.01,0.00,0.9727,19,0,None
2271,-9.60,17.00,5.01,0.00,0.9727,19,0,None
2272,-9.60,17.00,5.01,0.00,0.9727,19,0,None
2273,-9.60,17.00,5.01,0.00,0.9727,19,0,None
2274,-9.60,17.00,5.01,0.00,0.9727,19,0,None
2275,-9.60,17.00,5.01,0.00,0.9727,19,0,None
2276,-9.60,17.00,5.01,0.00,0.9727,19,0,None
2277,-9.60,17.00,5.01,0.00,0.9726,19,0,None
2278,-9.60,17.00,5.01,0.00,0.9726,19,0,None
2279,-9.60,17.00,5.01,0.00,0.9726,19,0,None
2280,-9.60,17.00,5.01,0.00,0.9726,19,0,None
2281,-9.60,17.00,5.01,0.00,0.9726,19,0,None
2282,-9.60,17.00,5.01,0.00,0.9726,19,0,None
2283,-9.60,17.00,5.01,0.00,0.9726,19,0,None
2284,-9.60,17.00,5.01,0.00,0.9726,19,0,None
2285,-9.60,17.00,5.01,0.00,0.9726,19,0,None
2286,-9.60,17.00,5.01,0.00,0.9726,19,0,None
2287,-9.60,17.00,5.01,0.00,0.9725,19,0,None
2288,-9.60,17.00,5.01,0.00,0.9725,19,0,None
2289,-9.60,17.00,5.01,0.00,0.9725,19,0,None
2290,-9.60,17.00,5.01,0.00,0.9725,19,0,None
2291,-9.60,17.00,5.01,0.00,0.9725,19,0,None
2292,-9.60,17.00,5.01,0.00,0.9725,19,0,None
2293,-9.60,17.00,5.01,0.00,0.9725,19,0,None
2294,-9.60,17.00,5.01,0.00,0.9724,19,0,None
2295,-9.60,17.00,5.01,0.00,0.9724,19,0,None
2296,-9.60,17.00,5.01,0.00,0.9724,19,0,None
2297,-9.60,17.00,5.01,0.00,0.9724,19,0,None
2298,-9.60,17.00,5.01,0.00,0.9724,19,0,None
2299,-9.60,17.00,5.01,0.00,0.9724,19,0,None
2300,-9.60,17.00,5.01,0.00,0.9724,19,0,None
2301,-9.60,17.00,5.01,0.00,0.9724,19,0,None
2302,-9.60,17.00,5.01,0.00,0.9724,19,0,None
2303,-9.60,17.00,5.01,0.00,0.9724,19,0,None
2304,-9.60,17.00,5.01,0.00,0.9723,19,0,None
2305,-9.60,17.00,5.01,0.00,0.9723,19,0,None
2306,-9.60,17.00,5.01,0.00,0.9723,19,0,None
2307,-9.60,17.00,5.01,0.00,0.9723,19,0,None
2308,-9.60,17.00,5.01,0.00,0.9723,19,0,None
2309,-9.60,17.00,5.01,0.00,0.9723,19,0,None
2310,-9.60,17.00,5.01,0.00,0.9723,19,0,None
2311,-9.60,17.00,5.01,0.00,0.9723,19,0,None
2312,-9.60,17.00,5.01,0.00,0.9723,19,0,None
2313,-9.60,17.00,5.01,0.00,0.9723,19,0,None
2314,-9.60,17.00,5.01,0.00,0.9722,19,0,None
2315,-9.60,17.00,5.01,0.00,0.9722,19,0,None
2316,-9.60,17.00,5.01,0.00,0.9722,19,0,None
2317,-9.60,17.00,5.01,0.00,0.9722,19,0,None
2318,-9.60,17.00,5.01,0.00,0.9722,19,0,None
2319,-9.60,17.00,5.01,0.00,0.9722,19,0,None
2320,-9.60,17.00,5.01,0.00,0.9722,19,0,None
2321,-9.60,17.00,5.01,0.00,0.9721,19,0,None
2322,-9.60,17.00,5.01,0.00,0.9721,19,0,None
2323,-9.60,17.00,5.01,0.00,0.9721,19,0,None
2324,-9.60,17.00,5.01,0.00,0.9721,19,0,None
2325,-9.60,17.00,5.01,0.00,0.9721,19,0,None
2326,-9.60,17.00,5.01,0.00,0.9721,19,0,None
2327,-9.60,17.00,5.01,0.00,0.9721,19,0,None
2328,-9.60,17.00,5.01,0.00,0.9721,19,0,None
2329,-9.60,17.00,5.01,0.00,0.9721,19,0,None
2330,-9.60,17.00,5.01,0.00,0.9721,19,0,None
2331,-9.60,17.00,5.01,0.00,0.9720,19,0,None
2332,-9.60,17.00,5.01,0.00,0.9720,19,0,None
2333,-9.60,17.00,5.01,0.00,0.9720,19,0,None
2334,-9.60,17.00,5.01,0.00,0.9720,19,0,None
2335,-9.60,17.00,5.01,0.00,0.9720,19,0,None
2336,-9.60,17.00,5.01,0.00,0.9720,19,0,None
2337,-9.60,17.00,5.01,0.00,0.9720,19,0,None
2338,-9.60,17.00,5.01,0.00,0.9720,19,0,None
2339,-9.60,17.00,5.01,0.00,0.9720,19,0,None
2340,-9.60,17.00,5.01,0.00,0.9720,19,0,None
2341,-9.60,17.00,5.01,0.00,0.9719,19,0,None
2342,-9.60,17.00,5.01,0.00,0.9719,19,0,None
2343,-9.60,17.00,5.01,0.00,0.9719,19,0,None
2344,-9.60,17.00,5.01,0.00,0.9719,19,0,None
2345,-9.60,17.00,5.01,0.00,0.9719,19,0,None
2346,-9.60,17.00,5.01,0.00,0.9719,19,0,None
2347,-9.60,17.00,5.01,0.00,0.9719,19,0,None
2348,-9.60,17.00,5.01,0.00,0.9719,19,0,None
2349,-9.60,17.00,5.01,0.00,0.9719,19,0,None
2350,-9.60,17.00,5.01,0.00,0.9719,19,0,None
2351,-9.60,17.00,5.01,0.00,0.9718,19,0,None
2352,-9.60,17.00,5.01,0.00,0.9718,19,0,None
2353,-9.60,17.00,5.01,0.00,0.9718,19,0,None
2354,-9.60,17.00,5.01,0.00,0.9718,19,0,None
2355,-9.60,17.00,5.01,0.00,0.9718,19,0,None
2356,-9.60,17.00,5.01,0.00,0.9718,19,0,None
2357,-9.60,17.00,5.01,0.00,0.9718,19,0,None
2358,-9.60,17.00,5.01,0.00,0.9717,19,0,None
2359,-9.60,17.00,5.01,0.00,0.9717,19,0,None
2360,-9.60,17.00,5.01,0.00,0.9717,19,0,None
2361,-9.60,17.00,5.01,0.00,0.9717,19,0,None
2362,-9.60,17.00,5.01,0.00,0.9717,19,0,None
2363,-9.60,17.00,5.01,0.00,0.9717,19,0,None
2364,-9.60,17.00,5.01,0.00,0.9717,19,0,None
2365,-9.60,17.00,5.01,0.00,0.9717,19,0,None
2366,-9.60,17.00,5.01,0.00,0.9717,19,0,None
2367,-9.60,17.00,5.01,0.00,0.9717,19,0,None
2368,-9.60,17.04,5.01,0.66,0.9716,19,0,None
2369,-9.60,17.04,5.01,0.66,0.9716,19,0,None
2370,-9.60,17.04,5.01,0.66,0.9716,19,0,None
2371,-9.60,17.13,5.01,1.33,0.9716,19,0,None
2372,-9.60,17.13,5.01,1.33,0.9716,19,0,None
2373,-9.60,17.13,5.01,1.33,0.9716,19,0,None
2374,-9.60,17.13,5.01,1.33,0.9716,19,0,None
2375,-9.60,17.13,5.01,1.33,0.9716,19,0,None
2376,-9.60,17.13,5.01,1.33,0.9716,19,0,None
2377,-9.60,17.36,5.01,2.00,0.9715,19,0,None
2378,-9.60,17.36,5.01,2.00,0.9715,19,0,None
2379,-9.60,17.36,5.01,2.00,0.9715,19,0,None
2380,-9.60,17.36,5.01,2.00,0.9715,19,0,None
2381,-9.59,17.63,5.01,3.13,0.9715,19,0,None
2382,-9.59,17.63,5.01,3.13,0.9715,19,0,None
2383,-9.59,17.63,5.01,3.13,0.9715,19,0,None
2384,-9.59,17.63,5.01,3.13,0.9715,19,0,None
2385,-9.59,17.93,5.01,4.01,0.9714,19,0,None
2386,-9.59,17.93,5.01,4.01,0.9714,19,0,None
2387,-9.58,18.14,5.01,4.75,0.9714,19,0,None
2388,-9.58,18.14,5.01,4.75,0.9714,19,0,None
2389,-9.58,18.14,5.01,4.75,0.9714,19,0,None
2390,-9.58,18.50,5.01,5.19,0.9714,19,0,None
2391,-9.58,18.50,5.01,5.19,0.9714,19,0,None
2392,-9.58,18.50,5.01,5.19,0.9714,19,0,None
2393,-9.58,18.50,5.01,5.19,0.9714,19,0,None
2394,-9.58,18.50,5.01,5.19,0.9714,19,0,None
2395,-9.56,19.09,5.01,5.87,0.9713,19,0,None
2396,-9.56,19.09,5.01,5.87,0.9713,19,0,None
2397,-9.56,19.09,5.01,5.87,0.9713,19,0,None
2398,-9.56,19.40,5.01,6.88,0.9713,19,0,None
2399,-9.56,19.40,5.01,6.88,0.9713,19,0,None
2400,-9.56,19.40,5.01,6.88,0.9713,19,0,None
2401,-9.55,19.91,5.01,7.33,0.9713,19,0,None
2402,-9.55,19.91,5.01,7.33,0.9713,19,0,None
2403,-9.55,19.91,5.01,7.33,0.9713,19,0,None
2404,-9.55,19.91,5.01,7.33,0.9713,19,0,None
2405,-9.55,19.91,5.01,7.33,0.9713,19,0,None
2406,-9.53,20.67,5.01,8.03,0.9712,19,0,None
2407,-9.53,20.67,5.01,8.03,0.9712,19,0,None
2408,-9.53,21.07,5.01,8.98,0.9712,19,0,None
2409,-9.53,21.07,5.01,8.98,0.9712,19,0,None
2410,-9.53,21.07,5.01,8.98,0.9712,19,0,None
2411,-9.52,21.67,5.01,9.43,0.9711,19,0,None
2412,-9.52,21.67,5.01,9.43,0.9711,19,0,None
2413,-9.52,21.67,5.01,9.43,0.9711,19,0,None
2414,-9.52,21.67,5.01,9.43,0.9711,19,0,None
2415,-9.50,22.52,5.01,10.06,0.9711,19,0,None
2416,-9.50,22.52,5.01,10.06,0.9711,19,0,None
2417,-9.50,22.52,5.01,10.06,0.9711,19,0,None
2418,-9.49,22.99,5.01,10.91,0.9711,19,0,None
2419,-9.48,23.27,5.01,11.33,0.9711,19,0,None
2420,-9.48,23.27,5.01,11.33,0.9711,19,0,None
2421,-9.48,23.27,5.01,11.33,0.9711,19,0,None
2422,-9.48,23.27,5.01,11.33,0.9711,19,0,None
2423,-9.48,23.27,5.01,11.33,0.9711,19,0,None
2424,-9.46,24.53,5.01,11.58,0.9710,19,0,None
2425,-9.46,24.53,5.01,11.58,0.9710,19,0,None
2426,-9.46,24.53,5.01,11.58,0.9710,19,0,None
2427,-9.44,25.31,5.01,12.67,0.9710,19,0,None
2428,-9.44,25.31,5.01,12.67,0.9710,19,0,None
2429,-9.44,25.31,5.01,12.67,0.9710,19,0,None
2430,-9.43,25.92,5.01,13.29,0.9709,19,0,None
2431,-9.43,25.92,5.01,13.29,0.9709,19,0,None
2432,-9.43,25.92,5.01,13.29,0.9709,19,0,None
2433,-9.41,26.86,5.01,13.74,0.9709,19,0,None
2434,-9.41,26.86,5.01,13.74,0.9709,19,0,None
2435,-9.40,27.55,5.01,14.43,0.9709,19,0,None
2436,-9.40,27.55,5.01,14.43,0.9709,19,0,None
2437,-9.40,27.55,5.01,14.43,0.9709,19,0,None
2438,-9.38,28.42,5.01,14.91,0.9708,19,0,None
2439,-9.38,28.42,5.01,14.91,0.9708,19,0,None
2440,-9.38,28.42,5.01,14.91,0.9708,19,0,None
2441,-9.37,29.31,5.01,15.49,0.9708,19,0,None
2442,-9.37,29.31,5.01,15.49,0.9708,19,0,None
2443,-9.37,29.31,5.01,15.49,0.9708,19,0,None
2444,-9.35,30.20,5.01,16.06,0.9708,19,0,None
2445,-9.35,30.20,5.01,16.06,0.9708,19,0,None
2446,-9.35,30.20,5.01,16.06,0.9708,19,0,None
2447,-9.35,30.20,5.01,16.06,0.9708,19,0,None
2448,-9.32,31.46,5.01,16.62,0.9707,19,0,None
2449,-9.32,31.46,5.01,16.62,0.9707,19,0,None
2450,-9.31,32.22,5.01,17.38,0.9707,19,0,None
2451,-9.30,32.63,5.01,17.82,0.9707,19,0,None
2452,-9.30,32.63,5.01,17.82,0.9707,19,0,None
2453,-9.30,32.63,5.01,17.82,0.9707,19,0,None
2454,-9.28,33.59,5.01,18.05,0.9707,19,0,None
2455,-9.28,33.59,5.01,18.05,0.9707,19,0,None
2456,-9.28,33.59,5.01,18.05,0.9707,19,0,None
2457,-9.28,33.59,5.01,18.05,0.9707,19,0,None
2458,-9.28,33.59,5.01,18.05,0.9707,19,0,None
2459,-9.28,33.59,5.01,18.05,0.9707,19,0,None
2460,-9.24,35.77,5.01,18.58,0.9706,19,0,None
2461,-9.24,35.77,5.01,18.58,0.9706,19,0,None
2462,-9.24,35.77,5.01,18.58,0.9706,19,0,None
2463,-9.21,37.00,5.01,19.76,0.9706,19,0,None
2464,-9.21,37.00,5.01,19.76,0.9706,19,0,None
2465,-9.19,37.98,5.01,20.38,0.9705,19,0,None
2466,-9.19,37.98,5.01,20.38,0.9705,19,0,None
2467,-9.19,37.98,5.01,20.38,0.9705,19,0,None
2468,-9.19,37.98,5.01,20.38,0.9705,19,0,None
2469,-9.16,39.48,5.01,20.86,0.9705,19,0,None
2470,-9.16,39.48,5.01,20.86,0.9705,19,0,None
2471,-9.14,40.52,5.01,21.58,0.9705,19,0,None
2472,-9.14,40.52,5.01,21.58,0.9705,19,0,None
2473,-9.14,40.52,5.01,21.58,0.9705,19,0,None
2474,-9.11,41.88,5.01,22.06,0.9704,19,0,None
2475,-9.11,41.88,5.01,22.06,0.9704,19,0,None
2476,-9.11,41.88,5.01,22.06,0.9704,19,0,None
2477,-9.09,43.19,5.01,22.68,0.9704,19,0,None
2478,-9.09,43.19,5.01,22.68,0.9704,19,0,None
2479,-9.09,43.19,5.01,22.68,0.9704,19,0,None
2480,-9.06,44.48,5.01,23.25,0.9704,19,0,None
2481,-9.06,44.48,5.01,23.25,0.9704,19,0,None
2482,-9.06,44.48,5.01,23.25,0.9704,19,0,None
2483,-9.06,44.48,5.01,23.25,0.9704,19,0,None
2484,-9.02,46.22,5.01,23.81,0.9703,19,0,None
2485,-9.02,46.22,5.01,23.81,0.9703,19,0,None
2486,-9.00,47.29,5.01,24.54,0.9703,19,0,None
2487,-8.99,47.79,5.01,24.97,0.9703,19,0,None
2488,-8.99,47.79,5.01,24.97,0.9703,19,0,None
2489,-8.97,48.98,5.01,25.17,0.9703,19,0,None
2490,-8.97,48.98,5.01,25.17,0.9703,19,0,None
2491,-8.97,48.98,5.01,25.17,0.9703,19,0,None
2492,-8.97,48.98,5.01,25.17,0.9703,19,0,None
2493,-8.97,48.98,5.01,25.17,0.9703,19,0,None
2494,-8.97,48.98,5.01,25.17,0.9703,19,0,None
2495,-8.92,51.78,5.01,25.65,0.9702,19,0,None
2496,-8.92,51.78,5.01,25.65,0.9702,19,0,None
2497,-8.89,53.29,5.01,26.74,0.9702,19,0,None
2498,-8.89,53.29,5.01,26.74,0.9702,19,0,None
2499,-8.89,53.29,5.01,26.74,0.9702,19,0,None
2500,-8.85,54.00,5.01,0.00,0.9702,19,0,None
2501,-8.85,54.00,5.01,0.00,0.9702,19,0,None
2502,-8.85,54.00,5.01,0.00,0.9702,19,0,None
2503,-8.85,54.00,5.01,0.00,0.9701,19,0,None
2504,-8.85,54.00,5.01,0.00,0.9701,19,0,None
2505,-8.85,54.00,5.01,0.00,0.9701,19,0,None
2506,-8.85,54.00,5.01,0.00,0.9701,19,0,None
2507,-8.85,54.00,5.01,0.00,0.9701,19,0,None
2508,-8.85,54.00,5.01,0.00,0.9701,19,0,None
2509,-8.85,54.00,5.01,0.00,0.9701,19,0,None
2510,-8.85,54.00,5.01,0.00,0.9701,19,0,None
2511,-8.85,54.00,5.01,0.00,0.9700,19,0,None
2512,-8.85,54.00,5.01,0.00,0.9700,19,0,None
2513,-8.85,54.00,5.01,0.00,0.9700,19,0,None
2514,-8.85,54.00,5.01,0.00,0.9700,19,0,None
2515,-8.85,54.00,5.01,0.00,0.9700,19,0,None
2516,-8.85,54.00,5.01,0.00,0.9700,19,0,None
2517,-8.85,54.00,5.01,0.00,0.9700,19,0,None
2518,-8.85,54.00,5.01,0.00,0.9700,19,0,None
2519,-8.85,54.00,5.01,0.00,0.9700,19,0,None
2520,-8.85,54.00,5.01,0.00,0.9700,19,0,None
2521,-8.85,54.00,5.01,0.00,0.9699,19,0,None
2522,-8.85,54.00,5.01,0.00,0.9699,19,0,None
2523,-8.85,54.00,5.01,0.00,0.9699,19,0,None
2524,-8.85,54.00,5.01,0.00,0.9699,19,0,None
2525,-8.85,54.00,5.01,0.00,0.9699,19,0,None
2526,-8.85,54.00,5.01,0.00,0.9699,19,0,None
2527,-8.85,54.00,5.01,0.00,0.9699,19,0,None
2528,-8.85,54.00,5.01,0.00,0.9699,19,0,None
2529,-8.85,54.00,5.01,0.00,0.9698,19,0,None
2530,-8.85,54.00,5.01,0.00,0.9698,19,0,None
2531,-8.85,54.00,5.01,0.00,0.9698,19,0,None
2532,-8.85,54.00,5.01,0.00,0.9698,19,0,None
2533,-8.85,54.00,5.01,0.00,0.9698,19,0,None
2534,-8.85,54.00,5.01,0.00,0.9698,19,0,None
2535,-8.85,54.00,5.01,0.00,0.9698,19,0,None
2536,-8.85,54.00,5.01,0.00,0.9698,19,0,None
2537,-8.85,54.00,5.01,0.00,0.9698,19,0,None
2538,-8.85,54.00,5.01,0.00,0.9697,19,0,None
2539,-8.85,54.00,5.01,0.00,0.9697,19,0,None
2540,-8.85,54.00,5.01,0.00,0.9697,19,0,None
2541,-8.85,54.00,5.01,0.00,0.9697,19,0,None
2542,-8.85,54.00,5.01,0.00,0.9697,19,0,None
2543,-8.85,54.00,5.01,0.00,0.9697,19,0,None
2544,-8.85,54.00,5.01,0.00,0.9697,19,0,None
2545,-8.85,54.00,5.01,0.00,0.9697,19,0,None
2546,-8.85,54.00,5.01,0.00,0.9697,19,0,None
2547,-8.85,54.00,5.01,0.00,0.9696,19,0,None
2548,-8.85,54.00,5.01,0.00,0.9696,19,0,None
2549,-8.85,54.00,5.01,0.00,0.9696,19,0,None
2550,-8.85,54.00,5.01,0.00,0.9696,19,0,None
2551,-8.85,54.00,5.01,0.00,0.9696,19,0,None
2552,-8.85,54.00,5.01,0.00,0.9696,19,0,None
2553,-8.85,54.00,5.01,0.00,0.9696,19,0,None
2554,-8.85,54.00,5.01,0.00,0.9696,19,0,None
2555,-8.85,54.00,5.01,0.00,0.9695,19,0,None
2556,-8.85,54.00,5.01,0.00,0.9695,19,0,None
2557,-8.85,54.00,5.01,0.00,0.9695,19,0,None
2558,-8.85,54.00,5.01,0.00,0.9695,19,0,None
2559,-8.85,54.00,5.01,0.00,0.9695,19,0,None
2560,-8.85,54.00,5.01,0.00,0.9695,19,0,None
2561,-8.85,54.00,5.01,0.00,0.9695,19,0,None
2562,-8.85,54.00,5.01,0.00,0.9695,19,0,None
2563,-8.85,54.00,5.01,0.00,0.9695,19,0,None
2564,-8.85,54.00,5.01,0.00,0.9694,19,0,None
2565,-8.85,54.00,5.01,0.00,0.9694,19,0,None
2566,-8.85,54.00,5.01,0.00,0.9694,19,0,None
2567,-8.85,54.00,5.01,0.00,0.9694,19,0,None
2568,-8.85,54.00,5.01,0.00,0.9694,19,0,None
2569,-8.85,54.00,5.01,0.00,0.9694,19,0,None
2570,-8.85,54.00,5.01,0.00,0.9694,19,0,None
2571,-8.85,54.00,5.01,0.00,0.9694,19,0,None
2572,-8.85,54.00,5.01,0.00,0.9694,19,0,None
2573,-8.85,54.00,5.01,0.00,0.9694,19,0,None
2574,-8.85,54.00,5.01,0.00,0.9694,19,0,None
2575,-8.85,54.00,5.01,0.00,0.9694,19,0,None
2576,-8.85,54.00,5.01,0.00,0.9693,19,0,None
2577,-8.85,54.00,5.01,0.00,0.9693,19,0,None
2578,-8.85,54.00,5.01,0.00,0.9693,19,0,None
2579,-8.85,54.00,5.01,0.00,0.9693,19,0,None
2580,-8.85,54.00,5.01,0.00,0.9693,19,0,None
2581,-8.85,54.00,5.01,0.00,0.9693,19,0,None
2582,-8.85,54.00,5.01,0.00,0.9693,19,0,None
2583,-8.85,54.00,5.01,0.00,0.9693,19,0,None
2584,-8.85,54.00,5.01,0.00,0.9692,19,0,None
2585,-8.85,54.00,5.01,0.00,0.9692,19,0,None
2586,-8.85,54.00,5.01,0.00,0.9692,19,0,None
2587,-8.85,54.00,5.01,0.00,0.9692,19,0,None
2588,-8.85,54.00,5.01,0.00,0.9692,19,0,None
2589,-8.85,54.00,5.01,0.00,0.9692,19,0,None
2590,-8.85,54.00,5.01,0.00,0.9692,19,0,None
2591,-8.85,54.00,5.01,0.00,0.9692,19,0,None
2592,-8.85,54.00,5.01,0.00,0.9692,19,0,None
2593,-8.85,54.00,5.01,0.00,0.9691,19,0,None
2594,-8.85,54.00,5.01,0.00,0.9691,19,0,None
2595,-8.85,54.00,5.01,0.00,0.9691,19,0,None
2596,-8.85,54.00,5.01,0.00,0.9691,19,0,None
2597,-8.85,54.00,5.01,0.00,0.9691,19,0,None
2598,-8.85,54.00,5.01,0.00,0.9691,19,0,None
2599,-8.85,54.00,5.01,0.00,0.9691,19,0,None
2600,-8.85,54.00,5.01,0.00,0.9691,19,0,None
2601,-8.85,54.00,5.01,0.00,0.9691,19,0,None
2602,-8.85,54.00,5.01,0.00,0.9690,19,0,None
2603,-8.85,54.00,5.01,0.00,0.9690,19,0,None
2604,-8.85,53.97,5.01,0.57,0.9690,19,0,None
2605,-8.85,53.97,5.01,0.57,0.9690,19,0,None
2606,-8.85,53.97,5.01,0.57,0.9690,19,0,None
2607,-8.85,53.90,5.01,1.15,0.9690,19,0,None
2608,-8.85,53.90,5.01,1.15,0.9690,19,0,None
2609,-8.85,53.90,5.01,1.15,0.9690,19,0,None
2610,-8.85,53.80,5.01,1.72,0.9689,19,0,None
2611,-8.85,53.80,5.01,1.72,0.9689,19,0,None
2612,-8.85,53.80,5.01,1.72,0.9689,19,0,None
2613,-8.85,53.80,5.01,1.72,0.9689,19,0,None
2614,-8.85,53.80,5.01,1.72,0.9689,19,0,None
2615,-8.84,53.56,5.01,2.30,0.9689,19,0,None
2616,-8.84,53.56,5.01,2.30,0.9689,19,0,None
2617,-8.84,53.56,5.01,2.30,0.9689,19,0,None
2618,-8.84,53.56,5.01,2.30,0.9689,19,0,None
2619,-8.84,53.33,5.01,3.36,0.9688,19,0,None
2620,-8.84,53.33,5.01,3.36,0.9688,19,0,None
2621,-8.84,53.33,5.01,3.36,0.9688,19,0,None
2622,-8.83,53.07,5.01,4.04,0.9688,19,0,None
2623,-8.83,53.07,5.01,4.04,0.9688,19,0,None
2624,-8.83,52.86,5.01,4.68,0.9688,19,0,None
2625,-8.82,52.75,5.01,5.12,0.9688,19,0,None
2626,-8.82,52.75,5.01,5.12,0.9688,19,0,None
2627,-8.82,52.75,5.01,5.12,0.9688,19,0,None
2628,-8.82,52.47,5.01,5.34,0.9687,19,0,None
2629,-8.82,52.47,5.01,5.34,0.9687,19,0,None
2630,-8.82,52.47,5.01,5.34,0.9687,19,0,None
2631,-8.82,52.47,5.01,5.34,0.9687,19,0,None
2632,-8.82,52.47,5.01,5.34,0.9687,19,0,None
2633,-8.82,52.47,5.01,5.34,0.9687,19,0,None
2634,-8.80,51.78,5.01,5.86,0.9687,19,0,None
2635,-8.80,51.78,5.01,5.86,0.9687,19,0,None
2636,-8.80,51.78,5.01,5.86,0.9687,19,0,None
2637,-8.80,51.34,5.01,7.05,0.9686,19,0,None
2638,-8.80,51.34,5.01,7.05,0.9686,19,0,None
2639,-8.79,50.98,5.01,7.67,0.9686,19,0,None
2640,-8.79,50.98,5.01,7.67,0.9686,19,0,None
2641,-8.79,50.98,5.01,7.67,0.9686,19,0,None
2642,-8.79,50.98,5.01,7.67,0.9686,19,0,None
2643,-8.78,50.38,5.01,8.14,0.9686,19,0,None
2644,-8.78,50.38,5.01,8.14,0.9686,19,0,None
2645,-8.77,49.95,5.01,8.87,0.9685,19,0,None
2646,-8.77,49.95,5.01,8.87,0.9685,19,0,None
2647,-8.77,49.95,5.01,8.87,0.9685,19,0,None
2648,-8.77,49.95,5.01,8.87,0.9685,19,0,None
2649,-8.76,49.38,5.01,9.36,0.9685,19,0,None
2650,-8.76,49.38,5.01,9.36,0.9685,19,0,None
2651,-8.74,48.80,5.01,9.97,0.9685,19,0,None
2652,-8.74,48.80,5.01,9.97,0.9685,19,0,None
2653,-8.74,48.80,5.01,9.97,0.9685,19,0,None
2654,-8.73,48.21,5.01,10.55,0.9684,19,0,None
2655,-8.73,48.21,5.01,10.55,0.9684,19,0,None
2656,-8.73,48.21,5.01,10.55,0.9684,19,0,None
2657,-8.73,48.21,5.01,10.55,0.9684,19,0,None
2658,-8.72,47.41,5.01,11.11,0.9684,19,0,None
2659,-8.72,47.41,5.01,11.11,0.9684,19,0,None
2660,-8.71,46.90,5.01,11.83,0.9684,19,0,None
2661,-8.70,46.66,5.01,12.26,0.9684,19,0,None
2662,-8.70,46.66,5.01,12.26,0.9684,19,0,None
2663,-8.69,46.05,5.01,12.46,0.9683,19,0,None
2664,-8.69,46.05,5.01,12.46,0.9683,19,0,None
2665,-8.69,46.05,5.01,12.46,0.9683,19,0,None
2666,-8.69,46.05,5.01,12.46,0.9683,19,0,None
2667,-8.69,46.05,5.01,12.46,0.9683,19,0,None
2668,-8.69,46.05,5.01,12.46,0.9683,19,0,None
2669,-8.66,44.63,5.01,12.95,0.9683,19,0,None
2670,-8.66,44.63,5.01,12.95,0.9683,19,0,None
2671,-8.66,44.63,5.01,12.95,0.9683,19,0,None
2672,-8.64,43.81,5.01,14.05,0.9682,19,0,None
2673,-8.64,43.81,5.01,14.05,0.9682,19,0,None
2674,-8.63,43.13,5.01,14.63,0.9682,19,0,None
2675,-8.63,43.13,5.01,14.63,0.9682,19,0,None
2676,-8.63,43.13,5.01,14.63,0.9682,19,0,None
2677,-8.63,43.13,5.01,14.63,0.9682,19,0,None
2678,-8.61,42.09,5.01,15.09,0.9682,19,0,None
2679,-8.61,42.09,5.01,15.09,0.9682,19,0,None
2680,-8.59,41.36,5.01,15.78,0.9682,19,0,None
2681,-8.59,41.36,5.01,15.78,0.9682,19,0,None
2682,-8.59,41.36,5.01,15.78,0.9682,19,0,None
2683,-8.57,40.37,5.01,16.25,0.9681,19,0,None
2684,-8.57,40.37,5.01,16.25,0.9681,19,0,None
2685,-8.57,40.37,5.01,16.25,0.9681,19,0,None
2686,-8.55,39.39,5.01,16.86,0.9681,19,0,None
2687,-8.55,39.39,5.01,16.86,0.9681,19,0,None
2688,-8.55,39.39,5.01,16.86,0.9681,19,0,None
2689,-8.53,38.37,5.01,17.44,0.9681,19,0,None
2690,-8.53,38.37,5.01,17.44,0.9681,19,0,None
2691,-8.53,38.37,5.01,17.44,0.9681,19,0,None
2692,-8.53,38.37,5.01,17.44,0.9681,19,0,None
2693,-8.50,36.81,5.01,18.02,0.9680,19,0,None
2694,-8.50,36.81,5.01,18.02,0.9680,19,0,None
2695,-8.48,35.96,5.02,18.89,0.9680,19,0,None
2696,-8.48,35.96,5.02,18.89,0.9680,19,0,None
2697,-8.47,35.42,5.02,19.34,0.9680,19,0,None
2698,-8.47,35.42,5.02,19.34,0.9680,19,0,None
2699,-8.47,35.42,5.02,19.34,0.9680,19,0,None
2700,-8.47,35.42,5.02,19.34,0.9680,19,0,None
2701,-8.47,35.42,5.02,19.34,0.9680,19,0,None
2702,-8.47,35.42,5.02,19.34,0.9680,19,0,None
2703,-8.42,33.03,5.02,19.62,0.9679,19,0,None
2704,-8.42,33.03,5.02,19.62,0.9679,19,0,None
2705,-8.42,33.03,5.02,19.62,0.9679,19,0,None
2706,-8.40,31.61,5.02,20.84,0.9679,19,0,None
2707,-8.40,31.61,5.02,20.84,0.9679,19,0,None
2708,-8.40,31.61,5.02,20.84,0.9679,19,0,None
2709,-8.38,30.62,5.02,21.52,0.9678,19,0,None
2710,-8.38,30.62,5.02,21.52,0.9678,19,0,None
2711,-8.38,30.62,5.02,21.52,0.9678,19,0,None
2712,-8.38,30.62,5.02,21.52,0.9678,19,0,None
2713,-8.33,28.55,5.02,21.98,0.9678,19,0,None
2714,-8.33,28.55,5.02,21.98,0.9678,19,0,None
2715,-8.33,28.55,5.02,21.98,0.9678,19,0,None
2716,-8.31,27.50,5.02,22.92,0.9678,19,0,None
2717,-8.31,27.50,5.02,22.92,0.9678,19,0,None
2718,-8.31,27.50,5.02,22.92,0.9678,19,0,None
2719,-8.28,25.85,5.02,23.38,0.9677,19,0,None
2720,-8.28,25.85,5.02,23.38,0.9677,19,0,None
2721,-8.28,25.85,5.02,23.38,0.9677,19,0,None
2722,-8.28,25.85,5.02,23.38,0.9677,19,0,None
2723,-8.28,25.85,5.02,23.38,0.9677,19,0,None
2724,-8.24,23.73,5.02,24.09,0.9677,19,0,None
2725,-8.24,23.73,5.02,24.09,0.9677,19,0,None
2726,-8.24,23.73,5.02,24.09,0.9677,19,0,None
2727,-8.20,21.96,5.02,24.96,0.9676,19,0,None
2728,-8.20,21.96,5.02,24.96,0.9676,19,0,None
2729,-8.18,20.84,5.02,25.67,0.9676,19,0,None
2730,-8.18,20.84,5.02,25.67,0.9676,19,0,None
2731,-8.18,20.84,5.02,25.67,0.9676,19,0,None
2732,-8.14,19.18,5.02,26.11,0.9676,19,0,None
2733,-8.14,19.18,5.02,26.11,0.9676,19,0,None
2734,-8.14,19.18,5.02,26.11,0.9676,19,0,None
2735,-8.14,19.18,5.02,26.11,0.9676,19,0,None
2736,-8.14,19.18,5.02,26.11,0.9676,19,0,None
2737,-8.10,17.00,5.02,0.00,0.9675,19,0,None
2738,-8.10,17.00,5.02,0.00,0.9675,19,0,None
2739,-8.10,17.00,5.02,0.00,0.9675,19,0,None
2740,-8.10,17.00,5.02,0.00,0.9675,19,0,None
2741,-8.10,17.00,5.02,0.00,0.9675,19,0,None
2742,-8.10,17.00,5.02,0.00,0.9675,19,0,None
2743,-8.10,17.00,5.02,0.00,0.9675,19,0,None
2744,-8.10,17.00,5.02,0.00,0.9675,19,0,None
2745,-8.10,17.00,5.02,0.00,0.9675,19,0,None
2746,-8.10,17.00,5.02,0.00,0.9675,19,0,None
2747,-8.10,17.00,5.02,0.00,0.9674,19,0,None
2748,-8.10,17.00,5.02,0.00,0.9674,19,0,None
2749,-8.10,17.00,5.02,0.00,0.9674,19,0,None
2750,-8.10,17.00,5.02,0.00,0.9674,19,0,None
2751,-8.10,17.00,5.02,0.00,0.9674,19,0,None
2752,-8.10,17.00,5.02,0.00,0.9674,19,0,None
2753,-8.10,17.00,5.02,0.00,0.9674,19,0,None
2754,-8.10,17.00,5.02,0.00,0.9673,19,0,None
2755,-8.10,17.00,5.02,0.00,0.9673,19,0,None
2756,-8.10,17.00,5.02,0.00,0.9673,19,0,None
2757,-8.10,17.00,5.02,0.00,0.9673,19,0,None
2758,-8.10,17.00,5.02,0.00,0.9673,19,0,None
2759,-8.10,17.00,5.02,0.00,0.9673,19,0,None
2760,-8.10,17.00,5.02,0.00,0.9673,19,0,None
2761,-8.10,17.00,5.02,0.00,0.9673,19,0,None
2762,-8.10,17.00,5.02,0.00,0.9673,19,0,None
2763,-8.10,17.00,5.02,0.00,0.9673,19,0,None
2764,-8.10,17.00,5.02,0.00,0.9672,19,0,None
2765,-8.10,17.00,5.02,0.00,0.9672,19,0,None
2766,-8.10,17.00,5.02,0.00,0.9672,19,0,None
2767,-8.10,17.00,5.02,0.00,0.9672,19,0,None
2768,-8.10,17.00,5.02,0.00,0.9672,19,0,None
2769,-8.10,17.00,5.02,0.00,0.9672,19,0,None
2770,-8.10,17.00,5.02,0.00,0.9672,19,0,None
2771,-8.10,17.00,5.02,0.00,0.9671,19,0,None
2772,-8.10,17.00,5.02,0.00,0.9671,19,0,None
2773,-8.10,17.00,5.02,0.00,0.9671,19,0,None
2774,-8.10,17.00,5.02,0.00,0.9671,19,0,None
2775,-8.10,17.00,5.02,0.00,0.9671,19,0,None
2776,-8.10,17.00,5.02,0.00,0.9671,19,0,None
2777,-8.10,17.00,5.02,0.00,0.9671,19,0,None
2778,-8.10,17.00,5.02,0.00,0.9671,19,0,None
2779,-8.10,17.00,5.02,0.00,0.9671,19,0,None
2780,-8.10,17.00,5.02,0.00,0.9671,19,0,None
2781,-8.10,17.00,5.02,0.00,0.9670,19,0,None
2782,-8.10,17.00,5.02,0.00,0.9670,19,0,None
2783,-8.10,17.00,5.02,0.00,0.9670,19,0,None
2784,-8.10,17.00,5.02,0.00,0.9670,19,0,None
2785,-8.10,17.00,5.02,0.00,0.9670,19,0,None
2786,-8.10,17.00,5.02,0.00,0.9670,19,0,None
2787,-8.10,17.00,5.02,0.00,0.9670,19,0,None
2788,-8.10,17.00,5.02,0.00,0.9670,19,0,None
2789,-8.10,17.00,5.02,0.00,0.9670,19,0,None
2790,-8.10,17.00,5.02,0.00,0.9670,19,0,None
2791,-8.10,17.00,5.02,0.00,0.9669,19,0,None
2792,-8.10,17.00,5.02,0.00,0.9669,19,0,None
2793,-8.10,17.00,5.02,0.00,0.9669,19,0,None
2794,-8.10,17.00,5.02,0.00,0.9669,19,0,None
2795,-8.10,17.00,5.02,0.00,0.9669,19,0,None
2796,-8.10,17.00,5.02,0.00,0.9669,19,0,None
2797,-8.10,17.00,5.02,0.00,0.9669,19,0,None
2798,-8.10,17.00,5.02,0.00,0.9669,19,0,None
2799,-8.10,17.00,5.02,0.00,0.9669,19,0,None
2800,-8.10,17.00,5.02,0.00,0.9669,19,0,None
2801,-8.10,17.00,5.02,0.00,0.9668,19,0,None
2802,-8.10,17.00,5.02,0.00,0.9668,19,0,None
2803,-8.10,17.00,5.02,0.00,0.9668,19,0,None
2804,-8.10,17.00,5.02,0.00,0.9668,19,0,None
2805,-8.10,17.00,5.02,0.00,0.9668,19,0,None
2806,-8.10,17.00,5.02,0.00,0.9668,19,0,None
2807,-8.10,17.00,5.02,0.00,0.9667,19,0,None
2808,-8.10,17.00,5.02,0.00,0.9667,19,0,None
2809,-8.10,17.00,5.02,0.00,0.9667,19,0,None
2810,-8.10,17.00,5.02,0.00,0.9667,19,0,None
2811,-8.10,17.00,5.02,0.00,0.9667,19,0,None
2812,-8.10,17.00,5.02,0.00,0.9667,19,0,None
2813,-8.10,17.00,5.02,0.00,0.9667,19,0,None
2814,-8.10,17.00,5.02,0.00,0.9667,19,0,None
2815,-8.10,17.00,5.02,0.00,0.9667,19,0,None
2816,-8.10,17.00,5.02,0.00,0.9667,19,0,None
2817,-8.10,17.00,5.02,0.00,0.9667,19,0,None
2818,-8.10,17.04,5.02,0.66,0.9666,19,0,None
2819,-8.10,17.04,5.02,0.66,0.9666,19,0,None
2820,-8.10,17.04,5.02,0.66,0.9666,19,0,None
2821,-8.10,17.13,5.02,1.33,0.9666,19,0,None
2822,-8.10,17.13,5.02,1.33,0.9666,19,0,None
2823,-8.10,17.13,5.02,1.33,0.9666,19,0,None
2824,-8.10,17.13,5.02,1.33,0.9666,19,0,None
2825,-8.10,17.13,5.02,1.33,0.9666,19,0,None
2826,-8.09,17.36,5.02,2.00,0.9665,19,0,None
2827,-8.09,17.36,5.02,2.00,0.9665,19,0,None
2828,-8.09,17.36,5.02,2.00,0.9665,19,0,None
2829,-8.09,17.36,5.02,2.00,0.9665,19,0,None
2830,-8.09,17.56,5.02,3.12,0.9665,19,0,None
2831,-8.09,17.56,5.02,3.12,0.9665,19,0,None
2832,-8.09,17.56,5.02,3.12,0.9665,19,0,None
2833,-8.08,17.82,5.02,3.78,0.9665,19,0,None
2834,-8.08,17.82,5.02,3.78,0.9665,19,0,None
2835,-8.08,17.82,5.02,3.78,0.9665,19,0,None
2836,-8.08,17.82,5.02,3.78,0.9665,19,0,None
2837,-8.08,18.12,5.02,4.47,0.9664,19,0,None
2838,-8.08,18.12,5.02,4.47,0.9664,19,0,None
2839,-8.08,18.12,5.02,4.47,0.9664,19,0,None
2840,-8.07,18.47,5.02,5.14,0.9664,19,0,None
2841,-8.07,18.47,5.02,5.14,0.9664,19,0,None
2842,-8.07,18.47,5.02,5.14,0.9664,19,0,None
2843,-8.07,18.47,5.02,5.14,0.9664,19,0,None
2844,-8.07,18.47,5.02,5.14,0.9664,19,0,None
2845,-8.06,19.05,5.02,5.81,0.9663,19,0,None
2846,-8.06,19.05,5.02,5.81,0.9663,19,0,None
2847,-8.05,19.35,5.02,6.81,0.9663,19,0,None
2848,-8.05,19.35,5.02,6.81,0.9663,19,0,None
2849,-8.05,19.35,5.02,6.81,0.9663,19,0,None
2850,-8.04,19.84,5.02,7.25,0.9663,19,0,None
2851,-8.04,19.84,5.02,7.25,0.9663,19,0,None
2852,-8.04,19.84,5.02,7.25,0.9663,19,0,None
2853,-8.04,19.84,5.02,7.25,0.9663,19,0,None
2854,-8.04,19.84,5.02,7.25,0.9663,19,0,None
2855,-8.03,20.58,5.02,7.93,0.9662,19,0,None
2856,-8.03,20.58,5.02,7.93,0.9662,19,0,None
2857,-8.02,20.96,5.02,8.86,0.9662,19,0,None
2858,-8.02,20.96,5.02,8.86,0.9662,19,0,None
2859,-8.02,20.96,5.02,8.86,0.9662,19,0,None
2860,-8.01,21.54,5.02,9.29,0.9662,19,0,None
2861,-8.01,21.54,5.02,9.29,0.9662,19,0,None
2862,-8.01,21.54,5.02,9.29,0.9662,19,0,None
2863,-8.01,21.54,5.02,9.29,0.9662,19,0,None
2864,-8.01,21.54,5.02,9.29,0.9662,19,0,None
2865,-7.99,22.38,5.02,9.92,0.9661,19,0,None
2866,-7.99,22.38,5.02,9.92,0.9661,19,0,None
2867,-7.98,22.84,5.02,10.76,0.9661,19,0,None
2868,-7.98,23.12,5.02,11.19,0.9661,19,0,None
2869,-7.98,23.12,5.02,11.19,0.9661,19,0,None
2870,-7.98,23.12,5.02,11.19,0.9661,19,0,None
2871,-7.98,23.12,5.02,11.19,0.9661,19,0,None
2872,-7.98,23.12,5.02,11.19,0.9661,19,0,None
2873,-7.98,23.12,5.02,11.19,0.9661,19,0,None
2874,-7.95,24.37,5.02,11.44,0.9660,19,0,None
2875,-7.95,24.37,5.02,11.44,0.9660,19,0,None
2876,-7.95,24.37,5.02,11.44,0.9660,19,0,None
2877,-7.94,25.13,5.02,12.53,0.9660,19,0,None
2878,-7.94,25.13,5.02,12.53,0.9660,19,0,None
2879,-7.92,25.73,5.02,13.14,0.9659,19,0,None
2880,-7.92,25.73,5.02,13.14,0.9659,19,0,None
2881,-7.92,25.73,5.02,13.14,0.9659,19,0,None
2882,-7.90,26.66,5.02,13.60,0.9659,19,0,None
2883,-7.90,26.66,5.02,13.60,0.9659,19,0,None
2884,-7.90,26.66,5.02,13.60,0.9659,19,0,None
2885,-7.89,27.32,5.02,14.28,0.9659,19,0,None
2886,-7.89,27.32,5.02,14.28,0.9659,19,0,None
2887,-7.89,27.32,5.02,14.28,0.9659,19,0,None
2888,-7.87,28.18,5.02,14.75,0.9659,19,0,None
2889,-7.87,28.18,5.02,14.75,0.9659,19,0,None
2890,-7.86,29.05,5.02,15.33,0.9658,19,0,None
2891,-7.86,29.05,5.02,15.33,0.9658,19,0,None
2892,-7.86,29.05,5.02,15.33,0.9658,19,0,None
2893,-7.84,29.94,5.02,15.89,0.9658,19,0,None
2894,-7.84,29.94,5.02,15.89,0.9658,19,0,None
2895,-7.84,29.94,5.02,15.89,0.9658,19,0,None
2896,-7.84,29.94,5.02,15.89,0.9658,19,0,None
2897,-7.81,31.16,5.02,16.45,0.9657,19,0,None
2898,-7.81,31.16,5.02,16.45,0.9657,19,0,None
2899,-7.80,31.91,5.02,17.20,0.9657,19,0,None
2900,-7.79,32.30,5.02,17.63,0.9657,19,0,None
2901,-7.79,32.30,5.02,17.63,0.9657,19,0,None
2902,-7.79,32.30,5.02,17.63,0.9657,19,0,None
2903,-7.77,33.22,5.02,17.85,0.9657,19,0,None
2904,-7.77,33.22,5.02,17.85,0.9657,19,0,None
2905,-7.77,33.22,5.02,17.85,0.9657,19,0,None
2906,-7.77,33.22,5.02,17.85,0.9657,19,0,None
2907,-7.77,33.22,5.02,17.85,0.9657,19,0,None
2908,-7.77,33.22,5.02,17.85,0.9657,19,0,None
2909,-7.73,35.35,5.02,18.37,0.9656,19,0,None
2910,-7.73,35.35,5.02,18.37,0.9656,19,0,None
2911,-7.73,35.35,5.02,18.37,0.9656,19,0,None
2912,-7.70,36.55,5.02,19.53,0.9656,19,0,None
2913,-7.70,36.55,5.02,19.53,0.9656,19,0,None
2914,-7.68,37.50,5.02,20.14,0.9656,19,0,None
2915,-7.68,37.50,5.02,20.14,0.9656,19,0,None
2916,-7.68,37.50,5.02,20.14,0.9656,19,0,None
2917,-7.68,37.50,5.02,20.14,0.9656,19,0,None
2918,-7.65,38.97,5.02,20.61,0.9655,19,0,None
2919,-7.65,38.97,5.02,20.61,0.9655,19,0,None
2920,-7.63,39.98,5.02,21.33,0.9655,19,0,None
2921,-7.63,39.98,5.02,21.33,0.9655,19,0,None
2922,-7.63,39.98,5.02,21.33,0.9655,19,0,None
2923,-7.61,41.35,5.02,21.80,0.9655,19,0,None
2924,-7.61,41.35,5.02,21.80,0.9655,19,0,None
2925,-7.61,41.35,5.02,21.80,0.9655,19,0,None
2926,-7.58,42.67,5.02,22.43,0.9654,19,0,None
2927,-7.58,42.67,5.02,22.43,0.9654,19,0,None
2928,-7.58,42.67,5.02,22.43,0.9654,19,0,None
2929,-7.55,43.98,5.02,23.02,0.9654,19,0,None
2930,-7.55,43.98,5.02,23.02,0.9654,19,0,None
2931,-7.55,43.98,5.02,23.02,0.9654,19,0,None
2932,-7.52,45.68,5.02,23.59,0.9654,19,0,None
2933,-7.52,45.68,5.02,23.59,0.9654,19,0,None
2934,-7.52,45.68,5.02,23.59,0.9654,19,0,None
2935,-7.50,46.76,5.02,24.31,0.9653,19,0,None
2936,-7.49,47.23,5.02,24.75,0.9653,19,0,None
2937,-7.49,47.23,5.02,24.75,0.9653,19,0,None
2938,-7.46,48.41,5.02,24.94,0.9653,19,0,None
2939,-7.46,48.41,5.02,24.94,0.9653,19,0,None
2940,-7.46,48.41,5.02,24.94,0.9653,19,0,None
2941,-7.46,48.41,5.02,24.94,0.9653,19,0,None
2942,-7.46,48.41,5.02,24.94,0.9653,19,0,None
2943,-7.41,51.17,5.02,25.41,0.9652,19,0,None
2944,-7.41,51.17,5.02,25.41,0.9652,19,0,None
2945,-7.41,51.17,5.02,25.41,0.9652,19,0,None
2946,-7.38,52.69,5.02,26.50,0.9652,19,0,None
2947,-7.38,52.69,5.02,26.50,0.9652,19,0,None
2948,-7.38,52.69,5.02,26.50,0.9652,19,0,None
2949,-7.35,53.95,5.02,27.08,0.9652,19,0,None
2950,-7.35,53.95,5.02,27.08,0.9652,19,0,None
2951,-7.35,53.95,5.02,27.08,0.9652,19,0,None
2952,-7.35,54.00,5.02,0.00,0.9651,19,0,None
2953,-7.35,54.00,5.02,0.00,0.9651,19,0,None
2954,-7.35,54.00,5.02,0.00,0.9651,19,0,None
2955,-7.35,54.00,5.02,0.00,0.9651,19,0,None
2956,-7.35,54.00,5.02,0.00,0.9651,19,0,None
2957,-7.35,54.00,5.02,0.00,0.9651,19,0,None
2958,-7.35,54.00,5.02,0.00,0.9651,19,0,None
2959,-7.35,54.00,5.02,0.00,0.9651,19,0,None
2960,-7.35,54.00,5.02,0.00,0.9650,19,0,None
2961,-7.35,54.00,5.02,0.00,0.9650,19,0,None
2962,-7.35,54.00,5.02,0.00,0.9650,19,0,None
2963,-7.35,54.00,5.02,0.00,0.9650,19,0,None
2964,-7.35,54.00,5.02,0.00,0.9650,19,0,None
2965,-7.35,54.00,5.02,0.00,0.9650,19,0,None
2966,-7.35,54.00,5.02,0.00,0.9650,19,0,None
2967,-7.35,54.00,5.02,0.00,0.9650,19,0,None
2968,-7.35,54.00,5.02,0.00,0.9650,19,0,None
2969,-7.35,54.00,5.02,0.00,0.9649,19,0,None
2970,-7.35,54.00,5.02,0.00,0.9649,19,0,None
2971,-7.35,54.00,5.02,0.00,0.9649,19,0,None
2972,-7.35,54.00,5.02,0.00,0.9649,19,0,None
2973,-7.35,54.00,5.02,0.00,0.9649,19,0,None
2974,-7.35,54.00,5.02,0.00,0.9649,19,0,None
2975,-7.35,54.00,5.02,0.00,0.9649,19,0,None
2976,-7.35,54.00,5.02,0.00,0.9649,19,0,None
2977,-7.35,54.00,5.02,0.00,0.9649,19,0,None
2978,-7.35,54.00,5.02,0.00,0.9648,19,0,None
2979,-7.35,54.00,5.02,0.00,0.9648,19,0,None
2980,-7.35,54.00,5.02,0.00,0.9648,19,0,None
2981,-7.35,54.00,5.02,0.00,0.9648,19,0,None
2982,-7.35,54.00,5.02,0.00,0.9648,19,0,None
2983,-7.35,54.00,5.02,0.00,0.9648,19,0,None
2984,-7.35,54.00,5.02,0.00,0.9648,19,0,None
2985,-7.35,54.00,5.02,0.00,0.9648,19,0,None
2986,-7.35,54.00,5.02,0.00,0.9648,19,0,None
2987,-7.35,54.00,5.02,0.00,0.9648,19,0,None
2988,-7.35,54.00,5.02,0.00,0.9648,19,0,None
2989,-7.35,54.00,5.02,0.00,0.9647,19,0,None
2990,-7.35,54.00,5.02,0.00,0.9647,19,0,None
2991,-7.35,54.00,5.02,0.00,0.9647,19,0,None
2992,-7.35,54.00,5.02,0.00,0.9647,19,0,None
2993,-7.35,54.00,5.02,0.00,0.9647,19,0,None
2994,-7.35,54.00,5.02,0.00,0.9647,19,0,None
2995,-7.35,54.00,5.02,0.00,0.9647,19,0,None
2996,-7.35,54.00,5.02,0.00,0.9647,19,0,None
2997,-7.35,54.00,5.02,0.00,0.9647,19,0,None
2998,-7.35,54.00,5.02,0.00,0.9646,19,0,None
2999,-7.35,54.00,5.02,0.00,0.9646,19,0,None
3000,-7.35,54.00,5.02,0.00,0.9646,19,0,None
3001,-7.35,54.00,5.02,0.00,0.9646,19,0,None
3002,-7.35,54.00,5.02,0.00,0.9646,19,0,None
3003,-7.35,54.00,5.02,0.00,0.9646,19,0,None
3004,-7.35,54.00,5.02,0.00,0.9646,19,0,None
3005,-7.35,54.00,5.02,0.00,0.9646,19,0,None
3006,-7.35,54.00,5.02,0.00,0.9646,19,0,None
3007,-7.35,54.00,5.02,0.00,0.9645,19,0,None
3008,-7.35,54.00,5.02,0.00,0.9645,19,0,None
3009,-7.35,54.00,5.02,0.00,0.9645,19,0,None
3010,-7.35,54.00,5.02,0.00,0.9645,19,0,None
3011,-7.35,54.00,5.02,0.00,0.9645,19,0,None
3012,-7.35,54.00,5.02,0.00,0.9645,19,0,None
3013,-7.35,54.00,5.02,0.00,0.9645,19,0,None
3014,-7.35,54.00,5.02,0.00,0.9645,19,0,None
3015,-7.35,54.00,5.02,0.00,0.9644,19,0,None
3016,-7.35,54.00,5.02,0.00,0.9644,19,0,None
3017,-7.35,54.00,5.02,0.00,0.9644,19,0,None
3018,-7.35,54.00,5.02,0.00,0.9644,19,0,None
3019,-7.35,54.00,5.02,0.00,0.9644,19,0,None
3020,-7.35,54.00,5.02,0.00,0.9644,19,0,None
3021,-7.35,54.00,5.02,0.00,0.9644,19,0,None
3022,-7.35,54.00,5.02,0.00,0.9644,19,0,None
3023,-7.35,54.00,5.02,0.00,0.9644,19,0,None
3024,-7.35,54.00,5.02,0.00,0.9643,19,0,None
3025,-7.35,54.00,5.02,0.00,0.9643,19,0,None
3026,-7.35,54.00,5.02,0.00,0.9643,19,0,None
3027,-7.35,53.97,5.02,0.58,0.9643,19,0,None
3028,-7.35,53.97,5.02,0.58,0.9643,19,0,None
3029,-7.35,53.97,5.02,0.58,0.9643,19,0,None
3030,-7.35,53.90,5.02,1.15,0.9643,19,0,None
3031,-7.35,53.90,5.02,1.15,0.9643,19,0,None
3032,-7.35,53.90,5.02,1.15,0.9643,19,0,None
3033,-7.35,53.90,5.02,1.15,0.9643,19,0,None
3034,-7.35,53.90,5.02,1.15,0.9643,19,0,None
3035,-7.34,53.73,5.02,1.73,0.9642,19,0,None
3036,-7.34,53.73,5.02,1.73,0.9642,19,0,None
3037,-7.34,53.73,5.02,1.73,0.9642,19,0,None
3038,-7.34,53.52,5.02,2.74,0.9642,19,0,None
3039,-7.34,53.52,5.02,2.74,0.9642,19,0,None
3040,-7.34,53.52,5.02,2.74,0.9642,19,0,None
3041,-7.34,53.37,5.02,3.48,0.9642,19,0,None
3042,-7.34,53.37,5.02,3.48,0.9642,19,0,None
3043,-7.33,53.15,5.02,3.92,0.9641,19,0,None
3044,-7.33,53.15,5.02,3.92,0.9641,19,0,None
3045,-7.33,53.15,5.02,3.92,0.9641,19,0,None
3046,-7.33,53.15,5.02,3.92,0.9641,19,0,None
3047,-7.33,52.80,5.02,4.49,0.9641,19,0,None
3048,-7.33,52.80,5.02,4.49,0.9641,19,0,None
3049,-7.32,52.57,5.02,5.25,0.9641,19,0,None
3050,-7.32,52.57,5.02,5.25,0.9641,19,0,None
3051,-7.32,52.45,5.02,5.69,0.9640,19,0,None
3052,-7.32,52.45,5.02,5.69,0.9640,19,0,None
3053,-7.31,52.15,5.02,5.91,0.9640,19,0,None
3054,-7.31,52.15,5.02,5.91,0.9640,19,0,None
3055,-7.31,52.15,5.02,5.91,0.9640,19,0,None
3056,-7.31,52.15,5.02,5.91,0.9640,19,0,None
3057,-7.31,52.15,5.02,5.91,0.9640,19,0,None
3058,-7.31,52.15,5.02,5.91,0.9640,19,0,None
3059,-7.30,51.40,5.02,6.42,0.9639,19,0,None
3060,-7.30,51.40,5.02,6.42,0.9639,19,0,None
3061,-7.30,51.40,5.02,6.42,0.9639,19,0,None
3062,-7.29,50.92,5.02,7.59,0.9639,19,0,None
3063,-7.29,50.92,5.02,7.59,0.9639,19,0,None
3064,-7.28,50.55,5.02,8.21,0.9639,19,0,None
3065,-7.28,50.55,5.02,8.21,0.9639,19,0,None
3066,-7.28,50.55,5.02,8.21,0.9639,19,0,None
3067,-7.28,50.55,5.02,8.21,0.9639,19,0,None
3068,-7.27,49.95,5.02,8.67,0.9638,19,0,None
3069,-7.27,49.95,5.02,8.67,0.9638,19,0,None
3070,-7.26,49.50,5.02,9.36,0.9638,19,0,None
3071,-7.26,49.50,5.02,9.36,0.9638,19,0,None
3072,-7.26,49.50,5.02,9.36,0.9638,19,0,None
3073,-7.25,48.91,5.02,9.84,0.9638,19,0,None
3074,-7.25,48.91,5.02,9.84,0.9638,19,0,None
3075,-7.25,48.91,5.02,9.84,0.9638,19,0,None
3076,-7.24,48.34,5.02,10.44,0.9638,19,0,None
3077,-7.24,48.34,5.02,10.44,0.9638,19,0,None
3078,-7.24,48.34,5.02,10.44,0.9638,19,0,None
3079,-7.22,47.73,5.02,10.99,0.9637,19,0,None
3080,-7.22,47.73,5.02,10.99,0.9637,19,0,None
3081,-7.22,47.73,5.02,10.99,0.9637,19,0,None
3082,-7.21,46.93,5.02,11.54,0.9637,19,0,None
3083,-7.21,46.93,5.02,11.54,0.9637,19,0,None
3084,-7.20,46.41,5.02,12.24,0.9637,19,0,None
3085,-7.19,46.16,5.02,12.66,0.9637,19,0,None
3086,-7.19,46.16,5.02,12.66,0.9637,19,0,None
3087,-7.19,46.16,5.02,12.66,0.9637,19,0,None
3088,-7.18,45.54,5.02,12.86,0.9636,19,0,None
3089,-7.18,45.54,5.02,12.86,0.9636,19,0,None
3090,-7.18,45.54,5.02,12.86,0.9636,19,0,None
3091,-7.18,45.54,5.02,12.86,0.9636,19,0,None
3092,-7.18,45.54,5.02,12.86,0.9636,19,0,None
3093,-7.15,44.07,5.02,13.34,0.9636,19,0,None
3094,-7.15,44.07,5.02,13.34,0.9636,19,0,None
3095,-7.15,44.07,5.02,13.34,0.9636,19,0,None
3096,-7.13,43.22,5.02,14.45,0.9635,19,0,None
3097,-7.13,43.22,5.02,14.45,0.9635,19,0,None
3098,-7.12,42.53,5.02,15.03,0.9635,19,0,None
3099,-7.12,42.53,5.02,15.03,0.9635,19,0,None
3100,-7.12,42.53,5.02,15.03,0.9635,19,0,None
3101,-7.12,42.53,5.02,15.03,0.9635,19,0,None
3102,-7.10,41.47,5.02,15.49,0.9635,19,0,None
3103,-7.10,41.47,5.02,15.49,0.9635,19,0,None
3104,-7.08,40.72,5.02,16.17,0.9634,19,0,None
3105,-7.08,40.72,5.02,16.17,0.9634,19,0,None
3106,-7.08,40.72,5.02,16.17,0.9634,19,0,None
3107,-7.06,39.72,5.02,16.64,0.9634,19,0,None
3108,-7.06,39.72,5.02,16.64,0.9634,19,0,None
3109,-7.06,39.72,5.02,16.64,0.9634,19,0,None
3110,-7.04,38.70,5.02,17.24,0.9634,19,0,None
3111,-7.04,38.70,5.02,17.24,0.9634,19,0,None
3112,-7.04,38.70,5.02,17.24,0.9634,19,0,None
3113,-7.02,37.65,5.02,17.83,0.9633,19,0,None
3114,-7.02,37.65,5.02,17.83,0.9633,19,0,None
3115,-7.02,37.65,5.02,17.83,0.9633,19,0,None
3116,-7.02,37.65,5.02,17.83,0.9633,19,0,None
3117,-6.99,36.07,5.02,18.42,0.9633,19,0,None
3118,-6.99,36.07,5.02,18.42,0.9633,19,0,None
3119,-6.99,36.07,5.02,18.42,0.9633,19,0,None
3120,-6.97,35.21,5.02,19.28,0.9633,19,0,None
3121,-6.96,34.66,5.02,19.73,0.9633,19,0,None
3122,-6.96,34.66,5.02,19.73,0.9633,19,0,None
3123,-6.96,34.66,5.02,19.73,0.9633,19,0,None
3124,-6.96,34.66,5.02,19.73,0.9633,19,0,None
3125,-6.96,34.66,5.02,19.73,0.9633,19,0,None
3126,-6.96,34.66,5.02,19.73,0.9633,19,0,None
3127,-6.91,32.23,5.02,20.00,0.9632,19,0,None
3128,-6.91,32.23,5.02,20.00,0.9632,19,0,None
3129,-6.91,32.23,5.02,20.00,0.9632,19,0,None
3130,-6.91,32.23,5.02,20.00,0.9632,19,0,None
3131,-6.88,30.76,5.02,21.22,0.9632,19,0,None
3132,-6.88,30.76,5.02,21.22,0.9632,19,0,None
3133,-6.86,29.70,5.02,21.91,0.9631,19,0,None
3134,-6.86,29.70,5.02,21.91,0.9631,19,0,None
3135,-6.86,29.70,5.02,21.91,0.9631,19,0,None
3136,-6.86,29.70,5.02,21.91,0.9631,19,0,None
3137,-6.86,29.70,5.02,21.91,0.9631,19,0,None
3138,-6.82,27.69,5.02,22.39,0.9631,19,0,None
3139,-6.82,27.69,5.02,22.39,0.9631,19,0,None
3140,-6.79,26.58,5.02,23.29,0.9630,19,0,None
3141,-6.79,26.58,5.02,23.29,0.9630,19,0,None
3142,-6.79,26.58,5.02,23.29,0.9630,19,0,None
3143,-6.76,24.88,5.02,23.77,0.9630,19,0,None
3144,-6.76,24.88,5.02,23.77,0.9630,19,0,None
3145,-6.76,24.88,5.02,23.77,0.9630,19,0,None
3146,-6.76,24.88,5.02,23.77,0.9630,19,0,None
3147,-6.76,24.88,5.02,23.77,0.9630,19,0,None
3148,-6.72,22.68,5.02,24.49,0.9630,19,0,None
3149,-6.72,22.68,5.02,24.49,0.9630,19,0,None
3150,-6.72,22.68,5.02,24.49,0.9630,19,0,None
3151,-6.72,22.68,5.02,24.49,0.9630,19,0,None
3152,-6.68,20.84,5.02,25.38,0.9629,19,0,None
3153,-6.68,20.84,5.02,25.38,0.9629,19,0,None
3154,-6.65,19.67,5.02,26.11,0.9629,19,0,None
3155,-6.65,19.67,5.02,26.11,0.9629,19,0,None
3156,-6.65,19.67,5.02,26.11,0.9629,19,0,None
3157,-6.62,17.92,5.02,26.56,0.9629,19,0,None
3158,-6.62,17.92,5.02,26.56,0.9629,19,0,None
3159,-6.62,17.92,5.02,26.56,0.9629,19,0,None
3160,-6.62,17.92,5.02,26.56,0.9629,19,0,None
3161,-6.62,17.92,5.02,26.56,0.9629,19,0,None
3162,-6.60,17.00,5.02,0.00,0.9628,19,0,None
3163,-6.60,17.00,5.02,0.00,0.9628,19,0,None
3164,-6.60,17.00,5.02,0.00,0.9628,19,0,None
3165,-6.60,17.00,5.02,0.00,0.9628,19,0,None
3166,-6.60,17.00,5.02,0.00,0.9628,19,0,None
3167,-6.60,17.00,5.02,0.00,0.9627,19,0,None
3168,-6.60,17.00,5.02,0.00,0.9627,19,0,None
3169,-6.60,17.00,5.02,0.00,0.9627,19,0,None
3170,-6.60,17.00,5.02,0.00,0.9627,19,0,None
3171,-6.60,17.00,5.02,0.00,0.9627,19,0,None
3172,-6.60,17.00,5.02,0.00,0.9627,19,0,None
3173,-6.60,17.00,5.02,0.00,0.9627,19,0,None
3174,-6.60,17.00,5.02,0.00,0.9627,19,0,None
3175,-6.60,17.00,5.02,0.00,0.9627,19,0,None
3176,-6.60,17.00,5.02,0.00,0.9626,19,0,None
3177,-6.60,17.00,5.02,0.00,0.9626,19,0,None
3178,-6.60,17.00,5.02,0.00,0.9626,19,0,None
3179,-6.60,17.00,5.02,0.00,0.9626,19,0,None
3180,-6.60,17.00,5.02,0.00,0.9626,19,0,None
3181,-6.60,17.00,5.02,0.00,0.9626,19,0,None
3182,-6.60,17.00,5.02,0.00,0.9626,19,0,None
3183,-6.60,17.00,5.02,0.00,0.9626,19,0,None
3184,-6.60,17.00,5.02,0.00,0.9626,19,0,None
3185,-6.60,17.00,5.02,0.00,0.9626,19,0,None
3186,-6.60,17.00,5.02,0.00,0.9625,19,0,None
3187,-6.60,17.00,5.02,0.00,0.9625,19,0,None
3188,-6.60,17.00,5.02,0.00,0.9625,19,0,None
3189,-6.60,17.00,5.02,0.00,0.9625,19,0,None
3190,-6.60,17.00,5.02,0.00,0.9625,19,0,None
3191,-6.60,17.00,5.02,0.00,0.9625,19,0,None
3192,-6.60,17.00,5.02,0.00,0.9625,19,0,None
3193,-6.60,17.00,5.02,0.00,0.9625,19,0,None
3194,-6.60,17.00,5.02,0.00,0.9625,19,0,None
3195,-6.60,17.00,5.02,0.00,0.9625,19,0,None
3196,-6.60,17.00,5.02,0.00,0.9624,19,0,None
3197,-6.60,17.00,5.02,0.00,0.9624,19,0,None
3198,-6.60,17.00,5.02,0.00,0.9624,19,0,None
3199,-6.60,17.00,5.02,0.00,0.9624,19,0,None
3200,-6.60,17.00,5.02,0.00,0.9624,19,0,None
3201,-6.60,17.00,5.02,0.00,0.9624,19,0,None
3202,-6.60,17.00,5.02,0.00,0.9624,19,0,None
3203,-6.60,17.00,5.02,0.00,0.9624,19,0,None
3204,-6.60,17.00,5.02,0.00,0.9624,19,0,None
3205,-6.60,17.00,5.02,0.00,0.9624,19,0,None
3206,-6.60,17.00,5.02,0.00,0.9623,19,0,None
3207,-6.60,17.00,5.02,0.00,0.9623,19,0,None
3208,-6.60,17.00,5.02,0.00,0.9623,19,0,None
3209,-6.60,17.00,5.02,0.00,0.9623,19,0,None
3210,-6.60,17.00,5.02,0.00,0.9623,19,0,None
3211,-6.60,17.00,5.02,0.00,0.9623,19,0,None
3212,-6.60,17.00,5.02,0.00,0.9622,19,0,None
3213,-6.60,17.00,5.02,0.00,0.9622,19,0,None
3214,-6.60,17.00,5.02,0.00,0.9622,19,0,None
3215,-6.60,17.00,5.02,0.00,0.9622,19,0,None
3216,-6.60,17.00,5.02,0.00,0.9622,19,0,None
3217,-6.60,17.00,5.02,0.00,0.9622,19,0,None
3218,-6.60,17.00,5.02,0.00,0.9622,19,0,None
3219,-6.60,17.00,5.02,0.00,0.9622,19,0,None
3220,-6.60,17.00,5.02,0.00,0.9622,19,0,None
3221,-6.60,17.00,5.02,0.00,0.9622,19,0,None
3222,-6.60,17.00,5.02,0.00,0.9622,19,0,None
3223,-6.60,17.00,5.02,0.00,0.9621,19,0,None
3224,-6.60,17.00,5.02,0.00,0.9621,19,0,None
3225,-6.60,17.00,5.02,0.00,0.9621,19,0,None
3226,-6.60,17.00,5.02,0.00,0.9621,19,0,None
3227,-6.60,17.00,5.02,0.00,0.9621,19,0,None
3228,-6.60,17.00,5.02,0.00,0.9621,19,0,None
3229,-6.60,17.00,5.02,0.00,0.9621,19,0,None
3230,-6.60,17.00,5.02,0.00,0.9621,19,0,None
3231,-6.60,17.00,5.02,0.00,0.9621,19,0,None
3232,-6.60,17.00,5.02,0.00,0.9621,19,0,None
3233,-6.60,17.00,5.02,0.00,0.9620,19,0,None
3234,-6.60,17.00,5.02,0.00,0.9620,19,0,None
3235,-6.60,17.00,5.02,0.00,0.9620,19,0,None
3236,-6.60,17.00,5.02,0.00,0.9620,19,0,None
3237,-6.60,17.00,5.02,0.00,0.9620,19,0,None
3238,-6.60,17.00,5.02,0.00,0.9620,19,0,None
3239,-6.60,17.04,5.02,0.66,0.9619,19,0,None
3240,-6.60,17.04,5.02,0.66,0.9619,19,0,None
3241,-6.60,17.04,5.02,0.66,0.9619,19,0,None
3242,-6.60,17.04,5.02,0.66,0.9619,19,0,None
3243,-6.60,17.13,5.02,1.33,0.9619,19,0,None
3244,-6.60,17.13,5.02,1.33,0.9619,19,0,None
3245,-6.60,17.13,5.02,1.33,0.9619,19,0,None
3246,-6.59,17.27,5.02,2.01,0.9619,19,0,None
3247,-6.59,17.27,5.02,2.01,0.9619,19,0,None
3248,-6.59,17.27,5.02,2.01,0.9619,19,0,None
3249,-6.59,17.27,5.02,2.01,0.9619,19,0,None
3250,-6.59,17.27,5.02,2.01,0.9619,19,0,None
3251,-6.59,17.27,5.02,2.01,0.9619,19,0,None
3252,-6.59,17.58,5.02,2.70,0.9618,19,0,None
3253,-6.59,17.58,5.02,2.70,0.9618,19,0,None
3254,-6.59,17.58,5.02,2.70,0.9618,19,0,None
3255,-6.58,17.84,5.02,3.84,0.9618,19,0,None
3256,-6.58,17.84,5.02,3.84,0.9618,19,0,None
3257,-6.58,17.84,5.02,3.84,0.9618,19,0,None
3258,-6.58,17.84,5.02,3.84,0.9618,19,0,None
3259,-6.58,18.15,5.03,4.50,0.9617,19,0,None
3260,-6.58,18.15,5.03,4.50,0.9617,19,0,None
3261,-6.58,18.15,5.03,4.50,0.9617,19,0,None
3262,-6.57,18.51,5.03,5.20,0.9617,19,0,None
3263,-6.57,18.51,5.03,5.20,0.9617,19,0,None
3264,-6.57,18.70,5.03,5.88,0.9617,19,0,None
3265,-6.57,18.70,5.03,5.88,0.9617,19,0,None
3266,-6.57,18.70,5.03,5.88,0.9617,19,0,None
3267,-6.57,18.70,5.03,5.88,0.9617,19,0,None
3268,-6.57,18.70,5.03,5.88,0.9617,19,0,None
3269,-6.55,19.38,5.02,6.21,0.9616,19,0,None
3270,-6.55,19.38,5.02,6.21,0.9616,19,0,None
3271,-6.55,19.38,5.02,6.21,0.9616,19,0,None
3272,-6.55,19.38,5.02,6.21,0.9616,19,0,None
3273,-6.55,19.38,5.02,6.21,0.9616,19,0,None
3274,-6.54,20.04,5.03,7.31,0.9616,19,0,None
3275,-6.54,20.04,5.03,7.31,0.9616,19,0,None
3276,-6.54,20.04,5.03,7.31,0.9616,19,0,None
3277,-6.54,20.04,5.03,7.31,0.9616,19,0,None
3278,-6.53,20.63,5.03,8.21,0.9615,19,0,None
3279,-6.53,20.63,5.03,8.21,0.9615,19,0,None
3280,-6.52,21.03,5.03,8.93,0.9615,19,0,None
3281,-6.52,21.03,5.03,8.93,0.9615,19,0,None
3282,-6.52,21.03,5.03,8.93,0.9615,19,0,None
3283,-6.51,21.63,5.03,9.37,0.9615,19,0,None
3284,-6.51,21.63,5.03,9.37,0.9615,19,0,None
3285,-6.51,21.63,5.03,9.37,0.9615,19,0,None
3286,-6.51,21.63,5.03,9.37,0.9615,19,0,None
3287,-6.49,22.51,5.03,10.02,0.9614,19,0,None
3288,-6.49,22.51,5.03,10.02,0.9614,19,0,None
3289,-6.48,22.98,5.03,10.90,0.9614,19,0,None
3290,-6.48,22.98,5.03,10.90,0.9614,19,0,None
3291,-6.47,23.29,5.03,11.33,0.9614,19,0,None
3292,-6.47,23.29,5.03,11.33,0.9614,19,0,None
3293,-6.47,23.29,5.03,11.33,0.9614,19,0,None
3294,-6.47,23.29,5.03,11.33,0.9614,19,0,None
3295,-6.47,23.29,5.03,11.33,0.9614,19,0,None
3296,-6.47,23.29,5.03,11.33,0.9614,19,0,None
3297,-6.45,24.63,5.03,11.60,0.9613,19,0,None
3298,-6.45,24.63,5.03,11.60,0.9613,19,0,None
3299,-6.45,24.63,5.03,11.60,0.9613,19,0,None
3300,-6.43,25.45,5.03,12.75,0.9613,19,0,None
3301,-6.43,25.45,5.03,12.75,0.9613,19,0,None
3302,-6.42,26.07,5.03,13.40,0.9612,19,0,None
3303,-6.42,26.07,5.03,13.40,0.9612,19,0,None
3304,-6.42,26.07,5.03,13.40,0.9612,19,0,None
3305,-6.42,26.07,5.03,13.40,0.9612,19,0,None
3306,-6.40,27.10,5.03,13.87,0.9612,19,0,None
3307,-6.40,27.10,5.03,13.87,0.9612,19,0,None
3308,-6.38,27.81,5.03,14.61,0.9612,19,0,None
3309,-6.38,27.81,5.03,14.61,0.9612,19,0,None
3310,-6.38,27.81,5.03,14.61,0.9612,19,0,None
3311,-6.36,28.74,5.03,15.09,0.9611,19,0,None
3312,-6.36,28.74,5.03,15.09,0.9611,19,0,None
3313,-6.36,28.74,5.03,15.09,0.9611,19,0,None
3314,-6.34,29.68,5.03,15.71,0.9611,19,0,None
3315,-6.34,29.68,5.03,15.71,0.9611,19,0,None
3316,-6.34,29.68,5.03,15.71,0.9611,19,0,None
3317,-6.32,30.66,5.03,16.31,0.9611,19,0,None
3318,-6.32,30.66,5.03,16.31,0.9611,19,0,None
3319,-6.32,30.66,5.03,16.31,0.9611,19,0,None
3320,-6.32,30.66,5.03,16.31,0.9611,19,0,None
3321,-6.30,32.01,5.03,16.91,0.9610,19,0,None
3322,-6.30,32.01,5.03,16.91,0.9610,19,0,None
3323,-6.30,32.01,5.03,16.91,0.9610,19,0,None
3324,-6.28,32.79,5.03,17.71,0.9610,19,0,None
3325,-6.27,33.22,5.03,18.15,0.9610,19,0,None
3326,-6.27,33.22,5.03,18.15,0.9610,19,0,None
3327,-6.27,33.22,5.03,18.15,0.9610,19,0,None
3328,-6.27,33.22,5.03,18.15,0.9610,19,0,None
3329,-6.27,33.22,5.03,18.15,0.9610,19,0,None
3330,-6.24,34.97,5.03,18.39,0.9609,19,0,None
3331,-6.24,34.97,5.03,18.39,0.9609,19,0,None
3332,-6.24,34.97,5.03,18.39,0.9609,19,0,None
3333,-6.21,36.48,5.03,19.34,0.9609,19,0,None
3334,-6.21,36.48,5.03,19.34,0.9609,19,0,None
3335,-6.21,36.48,5.03,19.34,0.9609,19,0,None
3336,-6.19,37.38,5.03,20.12,0.9609,19,0,None
3337,-6.19,37.38,5.03,20.12,0.9609,19,0,None
3338,-6.19,37.38,5.03,20.12,0.9609,19,0,None
3339,-6.16,38.59,5.03,20.57,0.9608,19,0,None
3340,-6.16,38.59,5.03,20.57,0.9608,19,0,None
3341,-6.16,38.59,5.03,20.57,0.9608,19,0,None
3342,-6.16,38.59,5.03,20.57,0.9608,19,0,None
3343,-6.13,40.27,5.03,21.15,0.9608,19,0,None
3344,-6.13,40.27,5.03,21.15,0.9608,19,0,None
3345,-6.11,41.24,5.03,21.95,0.9608,19,0,None
3346,-6.10,41.76,5.03,22.39,0.9608,19,0,None
3347,-6.10,41.76,5.03,22.39,0.9608,19,0,None
3348,-6.10,41.76,5.03,22.39,0.9608,19,0,None
3349,-6.10,41.76,5.03,22.39,0.9608,19,0,None
3350,-6.10,41.76,5.03,22.39,0.9608,19,0,None
3351,-6.06,43.87,5.03,22.62,0.9607,19,0,None
3352,-6.06,43.87,5.03,22.62,0.9607,19,0,None
3353,-6.06,43.87,5.03,22.62,0.9607,19,0,None
3354,-6.02,45.59,5.03,23.56,0.9607,19,0,None
3355,-6.02,45.59,5.03,23.56,0.9607,19,0,None
3356,-6.00,46.63,5.03,24.29,0.9606,19,0,None
3357,-6.00,46.63,5.03,24.29,0.9606,19,0,None
3358,-6.00,46.63,5.03,24.29,0.9606,19,0,None
3359,-5.97,48.01,5.03,24.71,0.9606,19,0,None
3360,-5.97,48.01,5.03,24.71,0.9606,19,0,None
3361,-5.97,48.01,5.03,24.71,0.9606,19,0,None
3362,-5.97,48.01,5.03,24.71,0.9606,19,0,None
3363,-5.93,49.85,5.03,25.27,0.9606,19,0,None
3364,-5.93,49.85,5.03,25.27,0.9606,19,0,None
3365,-5.91,50.95,5.03,26.00,0.9605,19,0,None
3366,-5.90,51.48,5.03,26.43,0.9605,19,0,None
3367,-5.90,51.48,5.03,26.43,0.9605,19,0,None
3368,-5.87,52.79,5.03,26.62,0.9605,19,0,None
3369,-5.87,52.79,5.03,26.62,0.9605,19,0,None
3370,-5.87,52.79,5.03,26.62,0.9605,19,0,None
3371,-5.87,52.79,5.03,26.62,0.9605,19,0,None
3372,-5.87,52.79,5.03,26.62,0.9605,19,0,None
3373,-5.87,52.79,5.03,26.62,0.9605,19,0,None
3374,-5.85,54.00,5.03,0.00,0.9604,19,0,None
3375,-5.85,54.00,5.03,0.00,0.9604,19,0,None
3376,-5.85,54.00,5.03,0.00,0.9604,19,0,None
3377,-5.85,54.00,5.03,0.00,0.9604,19,0,None
3378,-5.85,54.00,5.03,0.00,0.9604,19,0,None
3379,-5.85,54.00,5.03,0.00,0.9604,19,0,None
3380,-5.85,54.00,5.03,0.00,0.9604,19,0,None
3381,-5.85,54.00,5.03,0.00,0.9604,19,0,None
3382,-5.85,54.00,5.03,0.00,0.9604,19,0,None
3383,-5.85,54.00,5.03,0.00,0.9604,19,0,None
3384,-5.85,54.00,5.03,0.00,0.9604,19,0,None
3385,-5.85,54.00,5.03,0.00,0.9603,19,0,None
3386,-5.85,54.00,5.03,0.00,0.9603,19,0,None
3387,-5.85,54.00,5.03,0.00,0.9603,19,0,None
3388,-5.85,54.00,5.03,0.00,0.9603,19,0,None
3389,-5.85,54.00,5.03,0.00,0.9603,19,0,None
3390,-5.85,54.00,5.03,0.00,0.9603,19,0,None
3391,-5.85,54.00,5.03,0.00,0.9603,19,0,None
3392,-5.85,54.00,5.03,0.00,0.9603,19,0,None
3393,-5.85,54.00,5.03,0.00,0.9603,19,0,None
3394,-5.85,54.00,5.03,0.00,0.9602,19,0,None
3395,-5.85,54.00,5.03,0.00,0.9602,19,0,None
3396,-5.85,54.00,5.03,0.00,0.9602,19,0,None
3397,-5.85,54.00,5.03,0.00,0.9602,19,0,None
3398,-5.85,54.00,5.03,0.00,0.9602,19,0,None
3399,-5.85,54.00,5.03,0.00,0.9602,19,0,None
3400,-5.85,54.00,5.03,0.00,0.9602,19,0,None
3401,-5.85,54.00,5.03,0.00,0.9602,19,0,None
3402,-5.85,54.00,5.03,0.00,0.9601,19,0,None
3403,-5.85,54.00,5.03,0.00,0.9601,19,0,None
3404,-5.85,54.00,5.03,0.00,0.9601,19,0,None
3405,-5.85,54.00,5.03,0.00,0.9601,19,0,None
3406,-5.85,54.00,5.03,0.00,0.9601,19,0,None
3407,-5.85,54.00,5.03,0.00,0.9601,19,0,None
3408,-5.85,54.00,5.03,0.00,0.9601,19,0,None
3409,-5.85,54.00,5.03,0.00,0.9601,19,0,None
3410,-5.85,54.00,5.03,0.00,0.9600,19,0,None
3411,-5.85,54.00,5.03,0.00,0.9600,19,0,None
3412,-5.85,54.00,5.03,0.00,0.9600,19,0,None
3413,-5.85,54.00,5.03,0.00,0.9600,19,0,None
3414,-5.85,54.00,5.03,0.00,0.9600,19,0,None
3415,-5.85,54.00,5.03,0.00,0.9600,19,0,None
3416,-5.85,54.00,5.03,0.00,0.9600,19,0,None
3417,-5.85,54.00,5.03,0.00,0.9600,19,0,None
3418,-5.85,54.00,5.03,0.00,0.9600,19,0,None
3419,-5.85,54.00,5.03,0.00,0.9599,19,0,None
3420,-5.85,54.00,5.03,0.00,0.9599,19,0,None
3421,-5.85,54.00,5.03,0.00,0.9599,19,0,None
3422,-5.85,54.00,5.03,0.00,0.9599,19,0,None
3423,-5.85,54.00,5.03,0.00,0.9599,19,0,None
3424,-5.85,54.00,5.03,0.00,0.9599,19,0,None
3425,-5.85,54.00,5.03,0.00,0.9599,19,0,None
3426,-5.85,54.00,5.03,0.00,0.9599,19,0,None
3427,-5.85,54.00,5.03,0.00,0.9599,19,0,None
3428,-5.85,54.00,5.03,0.00,0.9599,19,0,None
3429,-5.85,54.00,5.03,0.00,0.9599,19,0,None
3430,-5.85,54.00,5.03,0.00,0.9598,19,0,None
3431,-5.85,54.00,5.03,0.00,0.9598,19,0,None
3432,-5.85,54.00,5.03,0.00,0.9598,19,0,None
3433,-5.85,54.00,5.03,0.00,0.9598,19,0,None
3434,-5.85,54.00,5.03,0.00,0.9598,19,0,None
3435,-5.85,54.00,5.03,0.00,0.9598,19,0,None
3436,-5.85,54.00,5.03,0.00,0.9598,19,0,None
3437,-5.85,54.00,5.03,0.00,0.9598,19,0,None
3438,-5.85,54.00,5.03,0.00,0.9597,19,0,None
3439,-5.85,54.00,5.03,0.00,0.9597,19,0,None
3440,-5.85,54.00,5.03,0.00,0.9597,19,0,None
3441,-5.85,54.00,5.03,0.00,0.9597,19,0,None
3442,-5.85,54.00,5.03,0.00,0.9597,19,0,None
3443,-5.85,54.00,5.03,0.00,0.9597,19,0,None
3444,-5.85,54.00,5.03,0.00,0.9597,19,0,None
3445,-5.85,54.00,5.03,0.00,0.9597,19,0,None
3446,-5.85,54.00,5.03,0.00,0.9597,19,0,None
3447,-5.85,54.00,5.03,0.00,0.9596,19,0,None
3448,-5.85,54.00,5.03,0.00,0.9596,19,0,None
3449,-5.85,54.00,5.03,0.00,0.9596,19,0,None
3450,-5.85,53.97,5.03,0.56,0.9596,19,0,None
3451,-5.85,53.97,5.03,0.56,0.9596,19,0,None
3452,-5.85,53.91,5.03,1.11,0.9596,19,0,None
3453,-5.85,53.91,5.03,1.11,0.9596,19,0,None
3454,-5.85,53.91,5.03,1.11,0.9596,19,0,None
3455,-5.85,53.91,5.03,1.11,0.9596,19,0,None
3456,-5.85,53.91,5.03,1.11,0.9596,19,0,None
3457,-5.84,53.73,5.03,1.67,0.9595,19,0,None
3458,-5.84,53.73,5.03,1.67,0.9595,19,0,None
3459,-5.84,53.73,5.03,1.67,0.9595,19,0,None
3460,-5.84,53.73,5.03,1.67,0.9595,19,0,None
3461,-5.84,53.56,5.03,2.70,0.9595,19,0,None
3462,-5.84,53.56,5.03,2.70,0.9595,19,0,None
3463,-5.84,53.56,5.03,2.70,0.9595,19,0,None
3464,-5.84,53.36,5.03,3.34,0.9594,19,0,None
3465,-5.84,53.36,5.03,3.34,0.9594,19,0,None
3466,-5.83,53.19,5.03,3.95,0.9594,19,0,None
3467,-5.83,53.10,5.03,4.38,0.9594,19,0,None
3468,-5.83,53.10,5.03,4.38,0.9594,19,0,None
3469,-5.83,52.87,5.03,4.59,0.9594,19,0,None
3470,-5.83,52.87,5.03,4.59,0.9594,19,0,None
3471,-5.83,52.87,5.03,4.59,0.9594,19,0,None
3472,-5.83,52.87,5.03,4.59,0.9594,19,0,None
3473,-5.83,52.87,5.03,4.59,0.9594,19,0,None
3474,-5.83,52.87,5.03,4.59,0.9594,19,0,None
3475,-5.82,52.29,5.03,5.09,0.9593,19,0,None
3476,-5.82,52.29,5.03,5.09,0.9593,19,0,None
3477,-5.82,52.29,5.03,5.09,0.9593,19,0,None
3478,-5.81,51.92,5.03,6.21,0.9593,19,0,None
3479,-5.81,51.92,5.03,6.21,0.9593,19,0,None
3480,-5.80,51.61,5.03,6.81,0.9593,19,0,None
3481,-5.80,51.61,5.03,6.81,0.9593,19,0,None
3482,-5.80,51.61,5.03,6.81,0.9593,19,0,None
3483,-5.80,51.61,5.03,6.81,0.9593,19,0,None
3484,-5.79,51.12,5.03,7.27,0.9592,19,0,None
3485,-5.79,51.12,5.03,7.27,0.9592,19,0,None
3486,-5.78,50.75,5.03,7.95,0.9592,19,0,None
3487,-5.78,50.75,5.03,7.95,0.9592,19,0,None
3488,-5.78,50.75,5.03,7.95,0.9592,19,0,None
3489,-5.77,50.24,5.03,8.42,0.9592,19,0,None
3490,-5.77,50.24,5.03,8.42,0.9592,19,0,None
3491,-5.77,50.24,5.03,8.42,0.9592,19,0,None
3492,-5.76,49.74,5.03,9.01,0.9591,19,0,None
3493,-5.76,49.74,5.03,9.01,0.9591,19,0,None
3494,-5.76,49.74,5.03,9.01,0.9591,19,0,None
3495,-5.75,49.20,5.03,9.57,0.9591,19,0,None
3496,-5.75,49.20,5.03,9.57,0.9591,19,0,None
3497,-5.75,49.20,5.03,9.57,0.9591,19,0,None
3498,-5.74,48.47,5.03,10.14,0.9591,19,0,None
3499,-5.74,48.47,5.03,10.14,0.9591,19,0,None
3500,-5.73,48.00,5.03,10.85,0.9590,19,0,None
3501,-5.72,47.77,5.03,11.29,0.9590,19,0,None
3502,-5.72,47.77,5.03,11.29,0.9590,19,0,None
3503,-5.72,47.77,5.03,11.29,0.9590,19,0,None
3504,-5.71,47.22,5.03,11.49,0.9590,19,0,None
3505,-5.71,47.22,5.03,11.49,0.9590,19,0,None
3506,-5.71,47.22,5.03,11.49,0.9590,19,0,None
3507,-5.71,47.22,5.03,11.49,0.9590,19,0,None
3508,-5.71,47.22,5.03,11.49,0.9590,19,0,None
3509,-5.69,45.92,5.03,11.97,0.9589,19,0,None
3510,-5.69,45.92,5.03,11.97,0.9589,19,0,None
3511,-5.69,45.92,5.03,11.97,0.9589,19,0,None
3512,-5.67,45.14,5.03,13.06,0.9589,19,0,None
3513,-5.67,45.14,5.03,13.06,0.9589,19,0,None
3514,-5.66,44.53,5.03,13.65,0.9589,19,0,None
3515,-5.66,44.53,5.03,13.65,0.9589,19,0,None
3516,-5.66,44.53,5.03,13.65,0.9589,19,0,None
3517,-5.66,44.53,5.03,13.65,0.9589,19,0,None
3518,-5.64,43.60,5.03,14.11,0.9588,19,0,None
3519,-5.64,43.60,5.03,14.11,0.9588,19,0,None
3520,-5.62,42.91,5.03,14.76,0.9588,19,0,None
3521,-5.62,42.91,5.03,14.76,0.9588,19,0,None
3522,-5.62,42.91,5.03,14.76,0.9588,19,0,None
3523,-5.61,42.00,5.03,15.23,0.9588,19,0,None
3524,-5.61,42.00,5.03,15.23,0.9588,19,0,None
3525,-5.61,42.00,5.03,15.23,0.9588,19,0,None
3526,-5.59,41.11,5.03,15.83,0.9588,19,0,None
3527,-5.59,41.11,5.03,15.83,0.9588,19,0,None
3528,-5.59,41.11,5.03,15.83,0.9588,19,0,None
3529,-5.57,40.17,5.03,16.39,0.9587,19,0,None
3530,-5.57,40.17,5.03,16.39,0.9587,19,0,None
3531,-5.57,40.17,5.03,16.39,0.9587,19,0,None
3532,-5.57,40.17,5.03,16.39,0.9587,19,0,None
3533,-5.54,38.81,5.03,16.97,0.9587,19,0,None
3534,-5.54,38.81,5.03,16.97,0.9587,19,0,None
3535,-5.53,38.04,5.03,17.77,0.9587,19,0,None
3536,-5.51,37.53,5.03,18.20,0.9586,19,0,None
3537,-5.51,37.53,5.03,18.20,0.9586,19,0,None
3538,-5.51,37.53,5.03,18.20,0.9586,19,0,None
3539,-5.51,37.53,5.03,18.20,0.9586,19,0,None
3540,-5.51,37.53,5.03,18.20,0.9586,19,0,None
3541,-5.51,37.53,5.03,18.20,0.9586,19,0,None
3542,-5.47,35.35,5.03,18.48,0.9586,19,0,None
3543,-5.47,35.35,5.03,18.48,0.9586,19,0,None
3544,-5.47,35.35,5.03,18.48,0.9586,19,0,None
3545,-5.47,35.35,5.03,18.48,0.9586,19,0,None
3546,-5.44,34.00,5.03,19.66,0.9585,19,0,None
3547,-5.44,34.00,5.03,19.66,0.9585,19,0,None
3548,-5.42,33.05,5.03,20.34,0.9585,19,0,None
3549,-5.42,33.05,5.03,20.34,0.9585,19,0,None
3550,-5.42,33.05,5.03,20.34,0.9585,19,0,None
3551,-5.42,33.05,5.03,20.34,0.9585,19,0,None
3552,-5.39,31.27,5.03,20.81,0.9585,19,0,None
3553,-5.39,31.27,5.03,20.81,0.9585,19,0,None
3554,-5.39,31.27,5.03,20.81,0.9585,19,0,None
3555,-5.37,30.22,5.03,21.67,0.9584,19,0,None
3556,-5.37,30.22,5.03,21.67,0.9584,19,0,None
3557,-5.37,30.22,5.03,21.67,0.9584,19,0,None
3558,-5.33,28.66,5.03,22.15,0.9584,19,0,None
3559,-5.33,28.66,5.03,22.15,0.9584,19,0,None
3560,-5.33,28.66,5.03,22.15,0.9584,19,0,None
3561,-5.33,28.66,5.03,22.15,0.9584,19,0,None
3562,-5.33,28.66,5.03,22.15,0.9584,19,0,None
3563,-5.29,26.48,5.03,22.86,0.9583,19,0,None
3564,-5.29,26.48,5.03,22.86,0.9583,19,0,None
3565,-5.29,26.48,5.03,22.86,0.9583,19,0,None
3566,-5.29,26.48,5.03,22.86,0.9583,19,0,None
3567,-5.25,24.62,5.03,23.81,0.9583,19,0,None
3568,-5.25,24.62,5.03,23.81,0.9583,19,0,None
3569,-5.23,23.52,5.03,24.59,0.9583,19,0,None
3570,-5.23,23.52,5.03,24.59,0.9583,19,0,None
3571,-5.23,23.52,5.03,24.59,0.9583,19,0,None
3572,-5.23,23.52,5.03,24.59,0.9583,19,0,None
3573,-5.19,21.74,5.03,25.04,0.9582,19,0,None
3574,-5.19,21.74,5.03,25.04,0.9582,19,0,None
3575,-5.19,21.74,5.03,25.04,0.9582,19,0,None
3576,-5.19,21.74,5.03,25.04,0.9582,19,0,None
3577,-5.19,21.74,5.03,25.04,0.9582,19,0,None
3578,-5.14,19.14,5.03,25.75,0.9582,19,0,None
3579,-5.14,19.14,5.03,25.75,0.9582,19,0,None
3580,-5.12,17.92,5.03,26.76,0.9582,19,0,None
3581,-5.12,17.92,5.03,26.76,0.9582,19,0,None
3582,-5.12,17.92,5.03,26.76,0.9582,19,0,None
3583,-5.12,17.92,5.03,26.76,0.9582,19,0,None
3584,-5.10,17.00,5.03,0.00,0.9581,19,0,None
3585,-5.10,17.00,5.03,0.00,0.9581,19,0,None
3586,-5.10,17.00,5.03,0.00,0.9581,19,0,None
3587,-5.10,17.00,5.03,0.00,0.9581,19,0,None
3588,-5.10,17.00,5.03,0.00,0.9581,19,0,None
3589,-5.10,17.00,5.03,0.00,0.9581,19,0,None
3590,-5.10,17.00,5.03,0.00,0.9581,19,0,None
3591,-5.10,17.00,5.03,0.00,0.9580,19,0,None
3592,-5.10,17.00,5.03,0.00,0.9580,19,0,None
3593,-5.10,17.00,5.03,0.00,0.9580,19,0,None
3594,-5.10,17.00,5.03,0.00,0.9580,19,0,None
3595,-5.10,17.00,5.03,0.00,0.9580,19,0,None
3596,-5.10,17.00,5.03,0.00,0.9580,19,0,None
3597,-5.10,17.00,5.03,0.00,0.9580,19,0,None
3598,-5.10,17.00,5.03,0.00,0.9580,19,0,None
3599,-5.10,17.00,5.03,0.00,0.9579,19,0,None
3600,-5.10,17.00,5.03,0.00,0.9579,19,0,None
3601,-5.10,17.00,5.03,0.00,0.9579,19,0,None
3602,-5.10,17.00,5.03,0.00,0.9579,19,0,None
3603,-5.10,17.00,5.03,0.00,0.9579,19,0,None
3604,-5.10,17.00,5.03,0.00,0.9579,19,0,None
3605,-5.10,17.00,5.03,0.00,0.9579,19,0,None
3606,-5.10,17.00,5.03,0.00,0.9579,19,0,None
3607,-5.10,17.00,5.03,0.00,0.9579,19,0,None
3608,-5.10,17.00,5.03,0.00,0.9579,19,0,None
3609,-5.10,17.00,5.03,0.00,0.9578,19,0,None
3610,-5.10,17.00,5.03,0.00,0.9578,19,0,None
3611,-5.10,17.00,5.03,0.00,0.9578,19,0,None
3612,-5.10,17.00,5.03,0.00,0.9578,19,0,None
3613,-5.10,17.00,5.03,0.00,0.9578,19,0,None
3614,-5.10,17.00,5.03,0.00,0.9578,19,0,None
3615,-5.10,17.00,5.03,0.00,0.9578,19,0,None
3616,-5.10,17.00,5.03,0.00,0.9578,19,0,None
3617,-5.10,17.00,5.03,0.00,0.9578,19,0,None
3618,-5.10,17.00,5.03,0.00,0.9578,19,0,None
3619,-5.10,17.00,5.03,0.00,0.9578,19,0,None
3620,-5.10,17.00,5.03,0.00,0.9577,19,0,None
3621,-5.10,17.00,5.03,0.00,0.9577,19,0,None
3622,-5.10,17.00,5.03,0.00,0.9577,19,0,None
3623,-5.10,17.00,5.03,0.00,0.9577,19,0,None
3624,-5.10,17.00,5.03,0.00,0.9577,19,0,None
3625,-5.10,17.00,5.03,0.00,0.9577,19,0,None
3626,-5.10,17.00,5.03,0.00,0.9577,19,0,None
3627,-5.10,17.00,5.03,0.00,0.9576,19,0,None
3628,-5.10,17.00,5.03,0.00,0.9576,19,0,None
3629,-5.10,17.00,5.03,0.00,0.9576,19,0,None
3630,-5.10,17.00,5.03,0.00,0.9576,19,0,None
3631,-5.10,17.00,5.03,0.00,0.9576,19,0,None
3632,-5.10,17.00,5.03,0.00,0.9576,19,0,None
3633,-5.10,17.00,5.03,0.00,0.9576,19,0,None
3634,-5.10,17.00,5.03,0.00,0.9576,19,0,None
3635,-5.10,17.00,5.03,0.00,0.9576,19,0,None
3636,-5.10,17.00,5.03,0.00,0.9576,19,0,None
3637,-5.10,17.00,5.03,0.00,0.9576,19,0,None
3638,-5.10,17.00,5.03,0.00,0.9575,19,0,None
3639,-5.10,17.00,5.03,0.00,0.9575,19,0,None
3640,-5.10,17.00,5.03,0.00,0.9575,19,0,None
3641,-5.10,17.00,5.03,0.00,0.9575,19,0,None
3642,-5.10,17.00,5.03,0.00,0.9575,19,0,None
3643,-5.10,17.00,5.03,0.00,0.9575,19,0,None
3644,-5.10,17.00,5.03,0.00,0.9575,19,0,None
3645,-5.10,17.00,5.03,0.00,0.9574,19,0,None
3646,-5.10,17.00,5.03,0.00,0.9574,19,0,None
3647,-5.10,17.00,5.03,0.00,0.9574,19,0,None
3648,-5.10,17.00,5.03,0.00,0.9574,19,0,None
3649,-5.10,17.00,5.03,0.00,0.9574,19,0,None
3650,-5.10,17.00,5.03,0.00,0.9574,19,0,None
3651,-5.10,17.00,5.03,0.00,0.9574,19,0,None
3652,-5.10,17.00,5.03,0.00,0.9574,19,0,None
3653,-5.10,17.00,5.03,0.00,0.9574,19,0,None
3654,-5.10,17.00,5.03,0.00,0.9574,19,0,None
3655,-5.10,17.00,5.03,0.00,0.9573,19,0,None
3656,-5.10,17.00,5.03,0.00,0.9573,19,0,None
3657,-5.10,17.00,5.03,0.00,0.9573,19,0,None
3658,-5.10,17.00,5.03,0.00,0.9573,19,0,None
3659,-5.10,17.00,5.03,0.00,0.9573,19,0,None
3660,-5.10,17.00,5.03,0.00,0.9573,19,0,None
3661,-5.10,17.00,5.03,0.00,0.9573,19,0,None
3662,-5.10,17.00,5.03,0.00,0.9572,19,0,None
3663,-5.10,17.00,5.03,0.00,0.9572,19,0,None
3664,-5.10,17.00,5.03,0.00,0.9572,19,0,None
3665,-5.10,17.00,5.03,0.00,0.9572,19,0,None
3666,-5.10,17.00,5.03,0.00,0.9572,19,0,None
3667,-5.10,17.00,5.03,0.00,0.9572,19,0,None
3668,-5.10,17.00,5.03,0.00,0.9572,19,0,None
3669,-5.10,17.00,5.03,0.00,0.9572,19,0,None
3670,-5.10,17.00,5.03,0.00,0.9572,19,0,None
3671,-5.10,17.00,5.03,0.00,0.9572,19,0,None
3672,-5.10,17.00,5.03,0.00,0.9572,19,0,None
3673,-5.10,17.00,5.03,0.00,0.9571,19,0,None
3674,-5.10,17.00,5.03,0.00,0.9571,19,0,None
3675,-5.10,17.00,5.03,0.00,0.9571,19,0,None
3676,-5.10,17.00,5.03,0.00,0.9571,19,0,None
3677,-5.10,17.00,5.03,0.00,0.9571,19,0,None
3678,-5.10,17.00,5.03,0.00,0.9571,19,0,None
3679,-5.10,17.00,5.03,0.00,0.9571,19,0,None
3680,-5.10,17.00,5.03,0.00,0.9570,19,0,None
3681,-5.10,17.00,5.03,0.00,0.9570,19,0,None
3682,-5.10,17.00,5.03,0.00,0.9570,19,0,None
3683,-5.10,17.00,5.03,0.00,0.9570,19,0,None
3684,-5.10,17.00,5.03,0.00,0.9570,19,0,None
3685,-5.10,17.00,5.03,0.00,0.9570,19,0,None
3686,-5.10,17.00,5.03,0.00,0.9570,19,0,None
3687,-5.10,17.00,5.03,0.00,0.9570,19,0,None
3688,-5.10,17.00,5.03,0.00,0.9570,19,0,None
3689,-5.10,17.00,5.03,0.00,0.9570,19,0,None
3690,-5.10,17.05,5.03,0.70,0.9569,19,0,None
3691,-5.10,17.05,5.03,0.70,0.9569,19,0,None
3692,-5.10,17.05,5.03,0.70,0.9569,19,0,None
3693,-5.10,17.05,5.03,0.70,0.9569,19,0,None
3694,-5.09,17.15,5.03,1.40,0.9569,19,0,None
3695,-5.09,17.15,5.03,1.40,0.9569,19,0,None
3696,-5.09,17.15,5.03,1.40,0.9569,19,0,None
3697,-5.09,17.30,5.03,2.11,0.9569,19,0,None
3698,-5.09,17.30,5.03,2.11,0.9569,19,0,None
3699,-5.09,17.30,5.03,2.11,0.9569,19,0,None
3700,-5.09,17.30,5.03,2.11,0.9569,19,0,None
3701,-5.09,17.30,5.03,2.11,0.9569,19,0,None
3702,-5.09,17.30,5.03,2.11,0.9569,19,0,None
3703,-5.09,17.30,5.03,2.11,0.9569,19,0,None
3704,-5.08,17.69,5.03,2.82,0.9568,19,0,None
3705,-5.08,17.69,5.03,2.82,0.9568,19,0,None
3706,-5.08,17.69,5.03,2.82,0.9568,19,0,None
3707,-5.08,17.69,5.03,2.82,0.9568,19,0,None
3708,-5.08,18.01,5.03,4.23,0.9567,19,0,None
3709,-5.08,18.01,5.03,4.23,0.9567,19,0,None
3710,-5.08,18.01,5.03,4.23,0.9567,19,0,None
3711,-5.08,18.01,5.03,4.23,0.9567,19,0,None
3712,-5.07,18.34,5.03,4.97,0.9567,19,0,None
3713,-5.07,18.34,5.03,4.97,0.9567,19,0,None
3714,-5.07,18.34,5.03,4.97,0.9567,19,0,None
3715,-5.06,18.76,5.03,5.65,0.9567,19,0,None
3716,-5.06,18.86,5.03,6.38,0.9566,19,0,None
3717,-5.06,18.86,5.03,6.38,0.9566,19,0,None
3718,-5.06,18.86,5.03,6.38,0.9566,19,0,None
3719,-5.06,18.86,5.03,6.38,0.9566,19,0,None
3720,-5.06,18.86,5.03,6.38,0.9566,19,0,None
3721,-5.05,19.53,5.03,6.55,0.9566,19,0,None
3722,-5.05,19.53,5.03,6.55,0.9566,19,0,None
3723,-5.05,19.53,5.03,6.55,0.9566,19,0,None
3724,-5.05,19.53,5.03,6.55,0.9566,19,0,None
3725,-5.05,19.53,5.03,6.55,0.9566,19,0,None
3726,-5.03,20.22,5.03,7.57,0.9565,19,0,None
3727,-5.03,20.22,5.03,7.57,0.9565,19,0,None
3728,-5.03,20.22,5.03,7.57,0.9565,19,0,None
3729,-5.02,20.83,5.03,8.48,0.9565,19,0,None
3730,-5.02,20.83,5.03,8.48,0.9565,19,0,None
3731,-5.02,20.83,5.03,8.48,0.9565,19,0,None
3732,-5.01,21.25,5.03,9.20,0.9565,19,0,None
3733,-5.01,21.25,5.03,9.20,0.9565,19,0,None
3734,-5.01,21.25,5.03,9.20,0.9565,19,0,None
3735,-5.00,21.88,5.03,9.65,0.9564,19,0,None
3736,-5.00,21.88,5.03,9.65,0.9564,19,0,None
3737,-5.00,21.88,5.03,9.65,0.9564,19,0,None
3738,-5.00,21.88,5.03,9.65,0.9564,19,0,None
3739,-4.98,22.83,5.03,10.31,0.9564,19,0,None
3740,-4.98,22.83,5.03,10.31,0.9564,19,0,None
3741,-4.98,22.83,5.03,10.31,0.9564,19,0,None
3742,-4.97,23.32,5.03,11.23,0.9564,19,0,None
3743,-4.97,23.32,5.03,11.23,0.9564,19,0,None
3744,-4.97,23.32,5.03,11.23,0.9564,19,0,None
3745,-4.95,24.10,5.03,11.67,0.9563,19,0,None
3746,-4.95,24.10,5.03,11.67,0.9563,19,0,None
3747,-4.95,24.10,5.03,11.67,0.9563,19,0,None
3748,-4.95,24.10,5.03,11.67,0.9563,19,0,None
3749,-4.93,25.18,5.03,12.33,0.9563,19,0,None
3750,-4.93,25.18,5.03,12.33,0.9563,19,0,None
3751,-4.93,25.18,5.03,12.33,0.9563,19,0,None
3752,-4.92,25.76,5.03,13.21,0.9563,19,0,None
3753,-4.91,26.14,5.03,13.65,0.9562,19,0,None
3754,-4.91,26.14,5.03,13.65,0.9562,19,0,None
3755,-4.91,26.14,5.03,13.65,0.9562,19,0,None
3756,-4.91,26.14,5.03,13.65,0.9562,19,0,None
3757,-4.91,26.14,5.03,13.65,0.9562,19,0,None
3758,-4.91,26.14,5.03,13.65,0.9562,19,0,None
3759,-4.88,27.77,5.03,13.93,0.9562,19,0,None
3760,-4.88,27.77,5.03,13.93,0.9562,19,0,None
3761,-4.88,27.77,5.03,13.93,0.9562,19,0,None
3762,-4.86,28.78,5.03,15.10,0.9561,19,0,None
3763,-4.86,28.78,5.03,15.10,0.9561,19,0,None
3764,-4.84,29.53,5.03,15.77,0.9561,19,0,None
3765,-4.84,29.53,5.03,15.77,0.9561,19,0,None
3766,-4.84,29.53,5.03,15.77,0.9561,19,0,None
3767,-4.84,29.53,5.03,15.77,0.9561,19,0,None
3768,-4.82,30.80,5.03,16.24,0.9561,19,0,None
3769,-4.82,30.80,5.03,16.24,0.9561,19,0,None
3770,-4.82,30.80,5.03,16.24,0.9561,19,0,None
3771,-4.80,31.63,5.03,17.03,0.9560,19,0,None
3772,-4.80,31.63,5.03,17.03,0.9560,19,0,None
3773,-4.80,31.63,5.03,17.03,0.9560,19,0,None
3774,-4.78,32.76,5.03,17.51,0.9560,19,0,None
3775,-4.78,32.76,5.03,17.51,0.9560,19,0,None
3776,-4.78,32.76,5.03,17.51,0.9560,19,0,None
3777,-4.76,33.86,5.03,18.16,0.9560,19,0,None
3778,-4.76,33.86,5.03,18.16,0.9560,19,0,None
3779,-4.76,33.86,5.03,18.16,0.9560,19,0,None
3780,-4.73,34.97,5.03,18.77,0.9559,19,0,None
3781,-4.73,34.97,5.03,18.77,0.9559,19,0,None
3782,-4.73,34.97,5.03,18.77,0.9559,19,0,None
3783,-4.73,34.97,5.03,18.77,0.9559,19,0,None
3784,-4.70,36.50,5.03,19.36,0.9559,19,0,None
3785,-4.70,36.50,5.03,19.36,0.9559,19,0,None
3786,-4.68,37.43,5.03,20.15,0.9559,19,0,None
3787,-4.68,37.90,5.03,20.61,0.9559,19,0,None
3788,-4.68,37.90,5.03,20.61,0.9559,19,0,None
3789,-4.68,37.90,5.03,20.61,0.9559,19,0,None
3790,-4.68,37.90,5.03,20.61,0.9559,19,0,None
3791,-4.68,37.90,5.03,20.61,0.9559,19,0,None
3792,-4.63,39.92,5.04,20.84,0.9558,19,0,None
3793,-4.63,39.92,5.04,20.84,0.9558,19,0,None
3794,-4.63,39.92,5.04,20.84,0.9558,19,0,None
3795,-4.63,39.92,5.04,20.84,0.9558,19,0,None
3796,-4.60,41.68,5.04,21.81,0.9558,19,0,None
3797,-4.60,41.68,5.04,21.81,0.9558,19,0,None
3798,-4.60,41.68,5.04,21.81,0.9558,19,0,None
3799,-4.58,42.68,5.04,22.61,0.9557,19,0,None
3800,-4.58,42.68,5.04,22.61,0.9557,19,0,None
3801,-4.55,44.03,5.04,23.05,0.9557,19,0,None
3802,-4.55,44.03,5.04,23.05,0.9557,19,0,None
3803,-4.55,44.03,5.04,23.05,0.9557,19,0,None
3804,-4.55,44.03,5.04,23.05,0.9557,19,0,None
3805,-4.51,45.86,5.04,23.64,0.9557,19,0,None
3806,-4.51,45.86,5.04,23.64,0.9557,19,0,None
3807,-4.51,45.86,5.04,23.64,0.9557,19,0,None
3808,-4.49,46.93,5.04,24.42,0.9556,19,0,None
3809,-4.48,47.49,5.04,24.85,0.9556,19,0,None
3810,-4.48,47.49,5.04,24.85,0.9556,19,0,None
3811,-4.48,47.49,5.04,24.85,0.9556,19,0,None
3812,-4.48,47.49,5.04,24.85,0.9556,19,0,None
3813,-4.43,49.87,5.04,25.08,0.9556,19,0,None
3814,-4.43,49.87,5.04,25.08,0.9556,19,0,None
3815,-4.43,49.87,5.04,25.08,0.9556,19,0,None
3816,-4.43,49.87,5.04,25.08,0.9556,19,0,None
3817,-4.39,51.85,5.04,26.03,0.9555,19,0,None
3818,-4.39,51.85,5.04,26.03,0.9555,19,0,None
3819,-4.37,53.03,5.04,26.79,0.9555,19,0,None
3820,-4.37,53.03,5.04,26.79,0.9555,19,0,None
3821,-4.37,53.03,5.04,26.79,0.9555,19,0,None
3822,-4.35,54.00,5.04,0.00,0.9555,19,0,None
3823,-4.35,54.00,5.04,0.00,0.9555,19,0,None
3824,-4.35,54.00,5.04,0.00,0.9555,19,0,None
3825,-4.35,54.00,5.04,0.00,0.9555,19,0,None
3826,-4.35,54.00,5.04,0.00,0.9554,19,0,None
3827,-4.35,54.00,5.04,0.00,0.9554,19,0,None
3828,-4.35,54.00,5.04,0.00,0.9554,19,0,None
3829,-4.35,54.00,5.04,0.00,0.9554,19,0,None
3830,-4.35,54.00,5.04,0.00,0.9554,19,0,None
3831,-4.35,54.00,5.04,0.00,0.9554,19,0,None
3832,-4.35,54.00,5.04,0.00,0.9554,19,0,None
3833,-4.35,54.00,5.04,0.00,0.9554,19,0,None
3834,-4.35,54.00,5.04,0.00,0.9554,19,0,None
3835,-4.35,54.00,5.04,0.00,0.9554,19,0,None
3836,-4.35,54.00,5.04,0.00,0.9554,19,0,None
3837,-4.35,54.00,5.04,0.00,0.9553,19,0,None
3838,-4.35,54.00,5.04,0.00,0.9553,19,0,None
3839,-4.35,54.00,5.04,0.00,0.9553,19,0,None
3840,-4.35,54.00,5.04,0.00,0.9553,19,0,None
3841,-4.35,54.00,5.04,0.00,0.9553,19,0,None
3842,-4.35,54.00,5.04,0.00,0.9553,19,0,None
3843,-4.35,54.00,5.04,0.00,0.9552,19,0,None
3844,-4.35,54.00,5.04,0.00,0.9552,19,0,None
3845,-4.35,54.00,5.04,0.00,0.9552,19,0,None
3846,-4.35,54.00,5.04,0.00,0.9552,19,0,None
3847,-4.35,54.00,5.04,0.00,0.9552,19,0,None
3848,-4.35,54.00,5.04,0.00,0.9552,19,0,None
3849,-4.35,54.00,5.04,0.00,0.9552,19,0,None
3850,-4.35,54.00,5.04,0.00,0.9552,19,0,None
3851,-4.35,54.00,5.04,0.00,0.9552,19,0,None
3852,-4.35,54.00,5.04,0.00,0.9551,19,0,None
3853,-4.35,54.00,5.04,0.00,0.9551,19,0,None
3854,-4.35,54.00,5.04,0.00,0.9551,19,0,None
3855,-4.35,54.00,5.04,0.00,0.9551,19,0,None
3856,-4.35,54.00,5.04,0.00,0.9551,19,0,None
3857,-4.35,54.00,5.04,0.00,0.9551,19,0,None
3858,-4.35,54.00,5.04,0.00,0.9551,19,0,None
3859,-4.35,54.00,5.04,0.00,0.9551,19,0,None
3860,-4.35,54.00,5.04,0.00,0.9550,19,0,None
3861,-4.35,54.00,5.04,0.00,0.9550,19,0,None
3862,-4.35,54.00,5.04,0.00,0.9550,19,0,None
3863,-4.35,54.00,5.04,0.00,0.9550,19,0,None
3864,-4.35,54.00,5.04,0.00,0.9550,19,0,None
3865,-4.35,54.00,5.04,0.00,0.9550,19,0,None
3866,-4.35,54.00,5.04,0.00,0.9550,19,0,None
3867,-4.35,54.00,5.04,0.00,0.9550,19,0,None
3868,-4.35,54.00,5.04,0.00,0.9550,19,0,None
3869,-4.35,54.00,5.04,0.00,0.9550,19,0,None
3870,-4.35,54.00,5.04,0.00,0.9550,19,0,None
3871,-4.35,54.00,5.04,0.00,0.9550,19,0,None
3872,-4.35,54.00,5.04,0.00,0.9549,19,0,None
3873,-4.35,54.00,5.04,0.00,0.9549,19,0,None
3874,-4.35,54.00,5.04,0.00,0.9549,19,0,None
3875,-4.35,54.00,5.04,0.00,0.9549,19,0,None
3876,-4.35,54.00,5.04,0.00,0.9549,19,0,None
3877,-4.35,53.97,5.04,0.57,0.9549,19,0,None
3878,-4.35,53.97,5.04,0.57,0.9549,19,0,None
3879,-4.35,53.97,5.04,0.57,0.9549,19,0,None
3880,-4.35,53.90,5.04,1.14,0.9548,19,0,None
3881,-4.35,53.90,5.04,1.14,0.9548,19,0,None
3882,-4.35,53.90,5.04,1.14,0.9548,19,0,None
3883,-4.35,53.80,5.04,1.71,0.9548,19,0,None
3884,-4.35,53.80,5.04,1.71,0.9548,19,0,None
3885,-4.35,53.80,5.04,1.71,0.9548,19,0,None
3886,-4.35,53.80,5.04,1.71,0.9548,19,0,None
3887,-4.35,53.80,5.04,1.71,0.9548,19,0,None
3888,-4.34,53.57,5.04,2.29,0.9547,19,0,None
3889,-4.34,53.57,5.04,2.29,0.9547,19,0,None
3890,-4.34,53.57,5.04,2.29,0.9547,19,0,None
3891,-4.34,53.34,5.04,3.33,0.9547,19,0,None
3892,-4.34,53.34,5.04,3.33,0.9547,19,0,None
3893,-4.34,53.34,5.04,3.33,0.9547,19,0,None
3894,-4.34,53.34,5.04,3.33,0.9547,19,0,None
3895,-4.33,53.09,5.04,4.00,0.9547,19,0,None
3896,-4.33,53.09,5.04,4.00,0.9547,19,0,None
3897,-4.33,52.89,5.04,4.62,0.9546,19,0,None
3898,-4.33,52.79,5.04,5.06,0.9546,19,0,None
3899,-4.33,52.79,5.04,5.06,0.9546,19,0,None
3900,-4.33,52.79,5.04,5.06,0.9546,19,0,None
3901,-4.33,52.79,5.04,5.06,0.9546,19,0,None
3902,-4.33,52.79,5.04,5.06,0.9546,19,0,None
3903,-4.31,52.26,5.04,5.27,0.9546,19,0,None
3904,-4.31,52.26,5.04,5.27,0.9546,19,0,None
3905,-4.31,52.26,5.04,5.27,0.9546,19,0,None
3906,-4.31,52.26,5.04,5.27,0.9546,19,0,None
3907,-4.31,52.26,5.04,5.27,0.9546,19,0,None
3908,-4.31,52.26,5.04,5.27,0.9546,19,0,None
3909,-4.30,51.54,5.04,6.27,0.9545,19,0,None
3910,-4.30,51.54,5.04,6.27,0.9545,19,0,None
3911,-4.30,51.54,5.04,6.27,0.9545,19,0,None
3912,-4.29,51.09,5.04,7.42,0.9545,19,0,None
3913,-4.29,51.09,5.04,7.42,0.9545,19,0,None
3914,-4.28,50.70,5.04,8.03,0.9544,19,0,None
3915,-4.28,50.70,5.04,8.03,0.9544,19,0,None
3916,-4.28,50.70,5.04,8.03,0.9544,19,0,None
3917,-4.27,50.12,5.04,8.50,0.9544,19,0,None
3918,-4.27,50.12,5.04,8.50,0.9544,19,0,None
3919,-4.27,50.12,5.04,8.50,0.9544,19,0,None
3920,-4.26,49.68,5.04,9.19,0.9544,19,0,None
3921,-4.26,49.68,5.04,9.19,0.9544,19,0,None
3922,-4.26,49.68,5.04,9.19,0.9544,19,0,None
3923,-4.25,49.08,5.04,9.67,0.9543,19,0,None
3924,-4.25,49.08,5.04,9.67,0.9543,19,0,None
3925,-4.25,49.08,5.04,9.67,0.9543,19,0,None
3926,-4.24,48.50,5.04,10.29,0.9543,19,0,None
3927,-4.24,48.50,5.04,10.29,0.9543,19,0,None
3928,-4.24,48.50,5.04,10.29,0.9543,19,0,None
3929,-4.23,47.88,5.04,10.85,0.9543,19,0,None
3930,-4.23,47.88,5.04,10.85,0.9543,19,0,None
3931,-4.23,47.88,5.04,10.85,0.9543,19,0,None
3932,-4.21,47.01,5.04,11.43,0.9542,19,0,None
3933,-4.21,47.01,5.04,11.43,0.9542,19,0,None
3934,-4.21,47.01,5.04,11.43,0.9542,19,0,None
3935,-4.20,46.45,5.04,12.19,0.9542,19,0,None
3936,-4.19,46.17,5.04,12.64,0.9542,19,0,None
3937,-4.19,46.17,5.04,12.64,0.9542,19,0,None
3938,-4.19,46.17,5.04,12.64,0.9542,19,0,None
3939,-4.19,46.17,5.04,12.64,0.9542,19,0,None
3940,-4.19,46.17,5.04,12.64,0.9542,19,0,None
3941,-4.17,44.93,5.04,12.87,0.9542,19,0,None
3942,-4.17,44.93,5.04,12.87,0.9542,19,0,None
3943,-4.17,44.93,5.04,12.87,0.9542,19,0,None
3944,-4.17,44.93,5.04,12.87,0.9542,19,0,None
3945,-4.14,43.82,5.04,13.83,0.9541,19,0,None
3946,-4.14,43.82,5.04,13.83,0.9541,19,0,None
3947,-4.13,43.18,5.04,14.64,0.9541,19,0,None
3948,-4.13,43.18,5.04,14.64,0.9541,19,0,None
3949,-4.13,43.18,5.04,14.64,0.9541,19,0,None
3950,-4.11,42.28,5.04,15.07,0.9540,19,0,None
3951,-4.11,42.28,5.04,15.07,0.9540,19,0,None
3952,-4.11,42.28,5.04,15.07,0.9540,19,0,None
3953,-4.11,42.28,5.04,15.07,0.9540,19,0,None
3954,-4.09,40.98,5.04,15.67,0.9540,19,0,None
3955,-4.09,40.98,5.04,15.67,0.9540,19,0,None
3956,-4.07,40.24,5.04,16.50,0.9540,19,0,None
3957,-4.07,40.24,5.04,16.50,0.9540,19,0,None
3958,-4.06,39.80,5.04,16.95,0.9540,19,0,None
3959,-4.06,39.80,5.04,16.95,0.9540,19,0,None
3960,-4.06,39.80,5.04,16.95,0.9540,19,0,None
3961,-4.06,39.80,5.04,16.95,0.9540,19,0,None
3962,-4.06,39.80,5.04,16.95,0.9540,19,0,None
3963,-4.06,39.80,5.04,16.95,0.9540,19,0,None
3964,-4.02,37.73,5.04,17.21,0.9539,19,0,None
3965,-4.02,37.73,5.04,17.21,0.9539,19,0,None
3966,-4.02,37.73,5.04,17.21,0.9539,19,0,None
3967,-3.99,36.48,5.04,18.41,0.9539,19,0,None
3968,-3.99,36.48,5.04,18.41,0.9539,19,0,None
3969,-3.98,35.56,5.04,19.09,0.9538,19,0,None
3970,-3.98,35.56,5.04,19.09,0.9538,19,0,None
3971,-3.98,35.56,5.04,19.09,0.9538,19,0,None
3972,-3.98,35.56,5.04,19.09,0.9538,19,0,None
3973,-3.98,35.56,5.04,19.09,0.9538,19,0,None
3974,-3.94,33.89,5.04,19.57,0.9538,19,0,None
3975,-3.94,33.89,5.04,19.57,0.9538,19,0,None
3976,-3.92,32.88,5.04,20.42,0.9538,19,0,None
3977,-3.92,32.88,5.04,20.42,0.9538,19,0,None
3978,-3.92,32.88,5.04,20.42,0.9538,19,0,None
3979,-3.92,32.88,5.04,20.42,0.9538,19,0,None
3980,-3.89,31.42,5.04,20.92,0.9537,19,0,None
3981,-3.89,31.42,5.04,20.92,0.9537,19,0,None
3982,-3.89,31.42,5.04,20.92,0.9537,19,0,None
3983,-3.89,31.42,5.04,20.92,0.9537,19,0,None
3984,-3.85,29.45,5.04,21.62,0.9537,19,0,None
3985,-3.85,29.45,5.04,21.62,0.9537,19,0,None
3986,-3.85,29.45,5.04,21.62,0.9537,19,0,None
3987,-3.85,29.45,5.04,21.62,0.9537,19,0,None
3988,-3.82,27.74,5.04,22.53,0.9536,19,0,None
3989,-3.82,27.74,5.04,22.53,0.9536,19,0,None
3990,-3.80,26.69,5.04,23.29,0.9536,19,0,None
3991,-3.80,26.69,5.04,23.29,0.9536,19,0,None
3992,-3.80,26.69,5.04,23.29,0.9536,19,0,None
3993,-3.80,26.69,5.04,23.29,0.9536,19,0,None
3994,-3.76,24.95,5.04,23.74,0.9536,19,0,None
3995,-3.76,24.95,5.04,23.74,0.9536,19,0,None
3996,-3.76,24.95,5.04,23.74,0.9536,19,0,None
3997,-3.76,24.95,5.04,23.74,0.9536,19,0,None
3998,-3.76,24.95,5.04,23.74,0.9536,19,0,None
3999,-3.71,22.38,5.04,24.47,0.9535,19,0,None
4000,-3.71,22.38,5.04,24.47,0.9535,19,0,None
4001,-3.69,21.21,5.04,25.52,0.9535,19,0,None
4002,-3.69,21.21,5.04,25.52,0.9535,19,0,None
4003,-3.69,21.21,5.04,25.52,0.9535,19,0,None
4004,-3.69,21.21,5.04,25.52,0.9535,19,0,None
4005,-3.69,21.21,5.04,25.52,0.9535,19,0,None
4006,-3.63,18.66,5.04,25.98,0.9534,19,0,None
4007,-3.63,18.66,5.04,25.98,0.9534,19,0,None
4008,-3.63,18.66,5.04,25.98,0.9534,19,0,None
4009,-3.63,18.66,5.04,25.98,0.9534,19,0,None
4010,-3.60,17.00,5.04,0.00,0.9534,19,0,None
4011,-3.60,17.00,5.04,0.00,0.9534,19,0,None
4012,-3.60,17.00,5.04,0.00,0.9534,19,0,None
4013,-3.60,17.00,5.04,0.00,0.9534,19,0,None
4014,-3.60,17.00,5.04,0.00,0.9534,19,0,None
4015,-3.60,17.00,5.04,0.00,0.9534,19,0,None
4016,-3.60,17.00,5.04,0.00,0.9534,19,0,None
4017,-3.60,17.00,5.04,0.00,0.9533,19,0,None
4018,-3.60,17.00,5.04,0.00,0.9533,19,0,None
4019,-3.60,17.00,5.04,0.00,0.9533,19,0,None
4020,-3.60,17.00,5.04,0.00,0.9533,19,0,None
4021,-3.60,17.00,5.04,0.00,0.9533,19,0,None
4022,-3.60,17.00,5.04,0.00,0.9533,19,0,None
4023,-3.60,17.00,5.04,0.00,0.9532,19,0,None
4024,-3.60,17.00,5.04,0.00,0.9532,19,0,None
4025,-3.60,17.00,5.04,0.00,0.9532,19,0,None
4026,-3.60,17.00,5.04,0.00,0.9532,19,0,None
4027,-3.60,17.00,5.04,0.00,0.9532,19,0,None
4028,-3.60,17.00,5.04,0.00,0.9532,19,0,None
4029,-3.60,17.00,5.04,0.00,0.9532,19,0,None
4030,-3.60,17.00,5.04,0.00,0.9532,19,0,None
4031,-3.60,17.00,5.04,0.00,0.9532,19,0,None
4032,-3.60,17.00,5.04,0.00,0.9532,19,0,None
4033,-3.60,17.00,5.04,0.00,0.9532,19,0,None
4034,-3.60,17.00,5.04,0.00,0.9531,19,0,None
4035,-3.60,17.00,5.04,0.00,0.9531,19,0,None
4036,-3.60,17.00,5.04,0.00,0.9531,19,0,None
4037,-3.60,17.00,5.04,0.00,0.9531,19,0,None
4038,-3.60,17.00,5.04,0.00,0.9531,19,0,None
4039,-3.60,17.00,5.04,0.00,0.9531,19,0,None
4040,-3.60,17.00,5.04,0.00,0.9531,19,0,None
4041,-3.60,17.00,5.04,0.00,0.9530,19,0,None
4042,-3.60,17.00,5.04,0.00,0.9530,19,0,None
4043,-3.60,17.00,5.04,0.00,0.9530,19,0,None
4044,-3.60,17.00,5.04,0.00,0.9530,19,0,None
4045,-3.60,17.00,5.04,0.00,0.9530,19,0,None
4046,-3.60,17.00,5.04,0.00,0.9530,19,0,None
4047,-3.60,17.00,5.04,0.00,0.9530,19,0,None
4048,-3.60,17.00,5.04,0.00,0.9530,19,0,None
4049,-3.60,17.00,5.04,0.00,0.9530,19,0,None
4050,-3.60,17.00,5.04,0.00,0.9530,19,0,None
4051,-3.60,17.00,5.04,0.00,0.9529,19,0,None
4052,-3.60,17.00,5.04,0.00,0.9529,19,0,None
4053,-3.60,17.00,5.04,0.00,0.9529,19,0,None
4054,-3.60,17.00,5.04,0.00,0.9529,19,0,None
4055,-3.60,17.00,5.04,0.00,0.9529,19,0,None
4056,-3.60,17.00,5.04,0.00,0.9529,19,0,None
4057,-3.60,17.00,5.04,0.00,0.9529,19,0,None
4058,-3.60,17.00,5.04,0.00,0.9528,19,0,None
4059,-3.60,17.00,5.04,0.00,0.9528,19,0,None
4060,-3.60,17.00,5.04,0.00,0.9528,19,0,None
4061,-3.60,17.00,5.04,0.00,0.9528,19,0,None
4062,-3.60,17.00,5.04,0.00,0.9528,19,0,None
4063,-3.60,17.00,5.04,0.00,0.9528,19,0,None
4064,-3.60,17.00,5.04,0.00,0.9528,19,0,None
4065,-3.60,17.00,5.04,0.00,0.9528,19,0,None
4066,-3.60,17.00,5.04,0.00,0.9528,19,0,None
4067,-3.60,17.00,5.04,0.00,0.9528,19,0,None
4068,-3.60,17.00,5.04,0.00,0.9527,19,0,None
4069,-3.60,17.00,5.04,0.00,0.9527,19,0,None
4070,-3.60,17.00,5.04,0.00,0.9527,19,0,None
4071,-3.60,17.00,5.04,0.00,0.9527,19,0,None
4072,-3.60,17.00,5.04,0.00,0.9527,19,0,None
4073,-3.60,17.00,5.04,0.00,0.9527,19,0,None
4074,-3.60,17.00,5.04,0.00,0.9527,19,0,None
4075,-3.60,17.00,5.04,0.00,0.9527,19,0,None
4076,-3.60,17.00,5.04,0.00,0.9527,19,0,None
4077,-3.60,17.00,5.04,0.00,0.9527,19,0,None
4078,-3.60,17.00,5.04,0.00,0.9526,19,0,None
4079,-3.60,17.00,5.04,0.00,0.9526,19,0,None
4080,-3.60,17.00,5.04,0.00,0.9526,19,0,None
4081,-3.60,17.00,5.04,0.00,0.9526,19,0,None
4082,-3.60,17.00,5.04,0.00,0.9526,19,0,None
4083,-3.60,17.00,5.04,0.00,0.9526,19,0,None
4084,-3.60,17.00,5.04,0.00,0.9526,19,0,None
4085,-3.60,17.00,5.04,0.00,0.9525,19,0,None
4086,-3.60,17.00,5.04,0.00,0.9525,19,0,None
4087,-3.60,17.00,5.04,0.00,0.9525,19,0,None
4088,-3.60,17.05,5.04,0.68,0.9525,19,0,None
4089,-3.60,17.05,5.04,0.68,0.9525,19,0,None
4090,-3.60,17.05,5.04,0.68,0.9525,19,0,None
4091,-3.60,17.05,5.04,0.68,0.9525,19,0,None
4092,-3.60,17.05,5.04,0.68,0.9525,19,0,None
4093,-3.60,17.05,5.04,0.68,0.9525,19,0,None
4094,-3.60,17.20,5.04,1.36,0.9524,19,0,None
4095,-3.60,17.20,5.04,1.36,0.9524,19,0,None
4096,-3.60,17.20,5.04,1.36,0.9524,19,0,None
4097,-3.59,17.37,5.04,2.50,0.9524,19,0,None
4098,-3.59,17.37,5.04,2.50,0.9524,19,0,None
4099,-3.59,17.37,5.04,2.50,0.9524,19,0,None
4100,-3.59,17.37,5.04,2.50,0.9524,19,0,None
4101,-3.59,17.37,5.04,2.50,0.9524,19,0,None
4102,-3.59,17.65,5.04,3.17,0.9524,19,0,None
4103,-3.59,17.65,5.04,3.17,0.9524,19,0,None
4104,-3.59,17.65,5.04,3.17,0.9524,19,0,None
4105,-3.58,17.93,5.04,4.05,0.9523,19,0,None
4106,-3.58,17.93,5.04,4.05,0.9523,19,0,None
4107,-3.58,17.93,5.04,4.05,0.9523,19,0,None
4108,-3.58,18.15,5.04,4.74,0.9523,19,0,None
4109,-3.58,18.15,5.04,4.74,0.9523,19,0,None
4110,-3.58,18.15,5.04,4.74,0.9523,19,0,None
4111,-3.58,18.15,5.04,4.74,0.9523,19,0,None
4112,-3.57,18.60,5.04,5.21,0.9522,19,0,None
4113,-3.57,18.60,5.04,5.21,0.9522,19,0,None
4114,-3.56,18.89,5.04,6.07,0.9522,19,0,None
4115,-3.56,18.89,5.04,6.07,0.9522,19,0,None
4116,-3.56,18.89,5.04,6.07,0.9522,19,0,None
4117,-3.56,18.89,5.04,6.07,0.9522,19,0,None
4118,-3.55,19.33,5.04,6.55,0.9522,19,0,None
4119,-3.55,19.33,5.04,6.55,0.9522,19,0,None
4120,-3.55,19.33,5.04,6.55,0.9522,19,0,None
4121,-3.55,19.33,5.04,6.55,0.9522,19,0,None
4122,-3.54,19.96,5.04,7.23,0.9521,19,0,None
4123,-3.54,19.96,5.04,7.23,0.9521,19,0,None
4124,-3.54,19.96,5.04,7.23,0.9521,19,0,None
4125,-3.53,20.52,5.04,8.09,0.9521,19,0,None
4126,-3.53,20.52,5.04,8.09,0.9521,19,0,None
4127,-3.53,20.52,5.04,8.09,0.9521,19,0,None
4128,-3.52,20.91,5.04,8.79,0.9521,19,0,None
4129,-3.52,21.17,5.04,9.23,0.9521,19,0,None
4130,-3.52,21.17,5.04,9.23,0.9521,19,0,None
4131,-3.52,21.17,5.04,9.23,0.9521,19,0,None
4132,-3.52,21.17,5.04,9.23,0.9521,19,0,None
4133,-3.52,21.17,5.04,9.23,0.9521,19,0,None
4134,-3.50,22.14,5.04,9.52,0.9520,19,0,None
4135,-3.50,22.14,5.04,9.52,0.9520,19,0,None
4136,-3.50,22.14,5.04,9.52,0.9520,19,0,None
4137,-3.50,22.14,5.04,9.52,0.9520,19,0,None
4138,-3.50,22.14,5.04,9.52,0.9520,19,0,None
4139,-3.48,23.10,5.04,10.54,0.9519,19,0,None
4140,-3.48,23.10,5.04,10.54,0.9519,19,0,None
4141,-3.48,23.10,5.04,10.54,0.9519,19,0,None
4142,-3.46,23.74,5.04,11.44,0.9519,19,0,None
4143,-3.46,23.74,5.04,11.44,0.9519,19,0,None
4144,-3.45,24.35,5.04,12.00,0.9519,19,0,None
4145,-3.45,24.35,5.04,12.00,0.9519,19,0,None
4146,-3.45,24.35,5.04,12.00,0.9519,19,0,None
4147,-3.45,24.35,5.04,12.00,0.9519,19,0,None
4148,-3.43,25.43,5.04,12.51,0.9518,19,0,None
4149,-3.43,25.43,5.04,12.51,0.9518,19,0,None
4150,-3.43,25.43,5.04,12.51,0.9518,19,0,None
4151,-3.42,26.03,5.04,13.38,0.9518,19,0,None
4152,-3.41,26.39,5.04,13.82,0.9518,19,0,None
4153,-3.41,26.39,5.04,13.82,0.9518,19,0,None
4154,-3.41,26.39,5.04,13.82,0.9518,19,0,None
4155,-3.41,26.39,5.04,13.82,0.9518,19,0,None
4156,-3.41,26.39,5.04,13.82,0.9518,19,0,None
4157,-3.41,26.39,5.04,13.82,0.9518,19,0,None
4158,-3.38,28.07,5.04,14.09,0.9517,19,0,None
4159,-3.38,28.07,5.04,14.09,0.9517,19,0,None
4160,-3.38,28.07,5.04,14.09,0.9517,19,0,None
4161,-3.35,29.10,5.04,15.28,0.9517,19,0,None
4162,-3.35,29.10,5.04,15.28,0.9517,19,0,None
4163,-3.35,29.10,5.04,15.28,0.9517,19,0,None
4164,-3.34,29.85,5.04,15.95,0.9517,19,0,None
4165,-3.34,29.85,5.04,15.95,0.9517,19,0,None
4166,-3.34,29.85,5.04,15.95,0.9517,19,0,None
4167,-3.34,29.85,5.04,15.95,0.9517,19,0,None
4168,-3.31,31.15,5.04,16.42,0.9516,19,0,None
4169,-3.31,31.15,5.04,16.42,0.9516,19,0,None
4170,-3.30,31.99,5.04,17.22,0.9516,19,0,None
4171,-3.30,31.99,5.04,17.22,0.9516,19,0,None
4172,-3.30,31.99,5.04,17.22,0.9516,19,0,None
4173,-3.27,33.14,5.04,17.70,0.9516,19,0,None
4174,-3.27,33.14,5.04,17.70,0.9516,19,0,None
4175,-3.27,33.14,5.04,17.70,0.9516,19,0,None
4176,-3.25,34.28,5.04,18.35,0.9515,19,0,None
4177,-3.25,34.28,5.04,18.35,0.9515,19,0,None
4178,-3.25,34.28,5.04,18.35,0.9515,19,0,None
4179,-3.23,35.43,5.04,18.98,0.9515,19,0,None
4180,-3.23,35.43,5.04,18.98,0.9515,19,0,None
4181,-3.23,35.43,5.04,18.98,0.9515,19,0,None
4182,-3.23,35.43,5.04,18.98,0.9515,19,0,None
4183,-3.23,35.43,5.04,18.98,0.9515,19,0,None
4184,-3.19,37.05,5.04,19.58,0.9515,19,0,None
4185,-3.19,37.05,5.04,19.58,0.9515,19,0,None
4186,-3.17,37.97,5.04,20.41,0.9514,19,0,None
4187,-3.16,38.49,5.04,20.86,0.9514,19,0,None
4188,-3.16,38.49,5.04,20.86,0.9514,19,0,None
4189,-3.16,38.49,5.04,20.86,0.9514,19,0,None
4190,-3.16,38.49,5.04,20.86,0.9514,19,0,None
4191,-3.16,38.49,5.04,20.86,0.9514,19,0,None
4192,-3.16,38.49,5.04,20.86,0.9514,19,0,None
4193,-3.12,40.92,5.04,21.11,0.9513,19,0,None
4194,-3.12,40.92,5.04,21.11,0.9513,19,0,None
4195,-3.12,40.92,5.04,21.11,0.9513,19,0,None
4196,-3.09,42.37,5.05,22.26,0.9513,19,0,None
4197,-3.09,42.37,5.05,22.26,0.9513,19,0,None
4198,-3.06,43.48,5.07,22.91,0.9513,19,0,None
4199,-3.06,43.48,5.07,22.91,0.9513,19,0,None
4200,-3.06,43.48,5.07,22.91,0.9513,19,0,None
4201,-3.06,43.48,5.07,22.91,0.9513,19,0,None
4202,-3.03,45.22,5.09,23.40,0.9512,19,0,None
4203,-3.03,45.22,5.09,23.40,0.9512,19,0,None
4204,-3.03,45.22,5.09,23.40,0.9512,19,0,None
4205,-3.00,46.39,5.10,24.14,0.9512,19,0,None
4206,-3.00,46.39,5.10,24.14,0.9512,19,0,None
4207,-3.00,46.39,5.10,24.14,0.9512,19,0,None
4208,-2.97,47.97,5.12,24.63,0.9512,19,0,None
4209,-2.97,47.97,5.12,24.63,0.9512,19,0,None
4210,-2.97,47.97,5.12,24.63,0.9512,19,0,None
4211,-2.94,49.51,5.14,25.27,0.9511,19,0,None
4212,-2.94,49.51,5.14,25.27,0.9511,19,0,None
4213,-2.94,49.51,5.14,25.27,0.9511,19,0,None
4214,-2.91,51.09,5.04,25.92,0.9511,19,0,None
4215,-2.91,51.09,5.04,25.92,0.9511,19,0,None
4216,-2.91,51.09,5.04,25.92,0.9511,19,0,None
4217,-2.91,51.09,5.04,25.92,0.9511,19,0,None
4218,-2.87,53.20,5.11,26.50,0.9511,19,0,None
4219,-2.87,53.20,5.11,26.50,0.9511,19,0,None
4220,-2.85,54.00,5.11,0.00,0.9510,19,0,None
4221,-2.85,54.00,5.11,0.00,0.9510,19,0,None
4222,-2.85,54.00,5.11,0.00,0.9510,19,0,None
4223,-2.85,54.00,5.11,0.00,0.9510,19,0,None
4224,-2.85,54.00,5.11,0.00,0.9510,19,0,None
4225,-2.85,54.00,5.11,0.00,0.9510,19,0,None
4226,-2.85,54.00,5.11,0.00,0.9510,19,0,None
4227,-2.85,54.00,5.11,0.00,0.9510,19,0,None
4228,-2.85,54.00,5.11,0.00,0.9510,19,0,None
4229,-2.85,54.00,5.11,0.00,0.9510,19,0,None
4230,-2.85,54.00,5.11,0.00,0.9509,19,0,None
4231,-2.85,54.00,5.11,0.00,0.9509,19,0,None
4232,-2.85,54.00,5.11,0.00,0.9509,19,0,None
4233,-2.85,54.00,5.11,0.00,0.9509,19,0,None
4234,-2.85,54.00,5.11,0.00,0.9509,19,0,None
4235,-2.85,54.00,5.11,0.00,0.9509,19,0,None
4236,-2.85,54.00,5.11,0.00,0.9509,19,0,None
4237,-2.85,54.00,5.11,0.00,0.9509,19,0,None
4238,-2.85,54.00,5.11,0.00,0.9509,19,0,None
4239,-2.85,54.00,5.11,0.00,0.9508,19,0,None
4240,-2.85,54.00,5.11,0.00,0.9508,19,0,None
4241,-2.85,54.00,5.11,0.00,0.9508,19,0,None
4242,-2.85,54.00,5.11,0.00,0.9508,19,0,None
4243,-2.85,54.00,5.11,0.00,0.9508,19,0,None
4244,-2.85,54.00,5.11,0.00,0.9508,19,0,None
4245,-2.85,54.00,5.11,0.00,0.9508,19,0,None
4246,-2.85,54.00,5.11,0.00,0.9508,19,0,None
4247,-2.85,54.00,5.11,0.00,0.9508,19,0,None
4248,-2.85,54.00,5.11,0.00,0.9508,19,0,None
4249,-2.85,54.00,5.11,0.00,0.9508,19,0,None
4250,-2.85,54.00,5.11,0.00,0.9507,19,0,None
4251,-2.85,54.00,5.11,0.00,0.9507,19,0,None
4252,-2.85,54.00,5.11,0.00,0.9507,19,0,None
4253,-2.85,53.94,5.11,1.03,0.9507,19,0,None
4254,-2.85,53.94,5.11,1.03,0.9507,19,0,None
4255,-2.85,53.94,5.11,1.03,0.9507,19,0,None
4256,-2.85,53.84,5.11,1.64,0.9506,19,0,None
4257,-2.85,53.84,5.11,1.64,0.9506,19,0,None
4258,-2.85,53.84,5.11,1.64,0.9506,19,0,None
4259,-2.85,53.68,5.10,2.25,0.9506,19,0,None
4260,-2.85,53.68,5.10,2.25,0.9506,19,0,None
4261,-2.85,53.68,5.10,2.25,0.9506,19,0,None
4262,-2.85,53.53,5.07,3.01,0.9506,19,0,None
4263,-2.85,53.53,5.07,3.01,0.9506,19,0,None
4264,-2.85,53.53,5.07,3.01,0.9506,19,0,None
4265,-2.84,53.32,5.11,3.49,0.9505,19,0,None
4266,-2.84,53.32,5.11,3.49,0.9505,19,0,None
4267,-2.84,53.32,5.11,3.49,0.9505,19,0,None
4268,-2.84,53.07,5.14,4.11,0.9505,19,0,None
4269,-2.84,53.07,5.14,4.11,0.9505,19,0,None
4270,-2.84,53.07,5.14,4.11,0.9505,19,0,None
4271,-2.84,52.80,5.18,4.72,0.9505,19,0,None
4272,-2.84,52.80,5.18,4.72,0.9505,19,0,None
4273,-2.84,52.80,5.18,4.72,0.9505,19,0,None
4274,-2.84,52.80,5.18,4.72,0.9505,19,0,None
4275,-2.84,52.38,5.20,5.26,0.9504,19,0,None
4276,-2.84,52.38,5.20,5.26,0.9504,19,0,None
4277,-2.83,52.11,5.17,6.09,0.9504,19,0,None
4278,-2.83,51.96,5.11,7.00,0.9504,19,0,None
4279,-2.83,51.96,5.11,7.00,0.9504,19,0,None
4280,-2.83,51.96,5.11,7.00,0.9504,19,0,None
4281,-2.83,51.96,5.11,7.00,0.9504,19,0,None
4282,-2.83,51.96,5.11,7.00,0.9504,19,0,None
4283,-2.83,51.30,5.06,6.75,0.9503,19,0,None
4284,-2.83,51.30,5.06,6.75,0.9503,19,0,None
4285,-2.83,51.30,5.06,6.75,0.9503,19,0,None
4286,-2.83,51.30,5.06,6.75,0.9503,19,0,None
4287,-2.82,50.68,5.17,7.84,0.9503,19,0,None
4288,-2.82,50.68,5.17,7.84,0.9503,19,0,None
4289,-2.82,50.68,5.17,7.84,0.9503,19,0,None
4290,-2.82,50.30,5.21,8.56,0.9503,19,0,None
4291,-2.82,50.30,5.21,8.56,0.9503,19,0,None
4292,-2.82,50.30,5.21,8.56,0.9503,19,0,None
4293,-2.81,49.75,5.21,8.97,0.9502,19,0,None
4294,-2.81,49.75,5.21,8.97,0.9502,19,0,None
4295,-2.81,49.75,5.21,8.97,0.9502,19,0,None
4296,-2.81,49.75,5.21,8.97,0.9502,19,0,None
4297,-2.81,48.98,5.22,9.57,0.9502,19,0,None
4298,-2.81,48.98,5.22,9.57,0.9502,19,0,None
4299,-2.80,48.52,5.22,10.38,0.9502,19,0,None
4300,-2.80,48.27,5.22,10.83,0.9502,19,0,None
4301,-2.80,48.27,5.22,10.83,0.9502,19,0,None
4302,-2.80,48.27,5.22,10.83,0.9502,19,0,None
4303,-2.80,48.27,5.22,10.83,0.9502,19,0,None
4304,-2.80,48.27,5.22,10.83,0.9502,19,0,None
4305,-2.79,47.18,5.23,11.06,0.9501,19,0,None
4306,-2.79,47.18,5.23,11.06,0.9501,19,0,None
4307,-2.79,47.18,5.23,11.06,0.9501,19,0,None
4308,-2.79,47.18,5.23,11.06,0.9501,19,0,None
4309,-2.78,46.22,5.23,12.04,0.9501,19,0,None
4310,-2.78,46.22,5.23,12.04,0.9501,19,0,None
4311,-2.78,45.65,5.24,12.84,0.9500,19,0,None
4312,-2.78,45.65,5.24,12.84,0.9500,19,0,None
4313,-2.78,45.65,5.24,12.84,0.9500,19,0,None
4314,-2.77,44.83,5.24,13.29,0.9500,19,0,None
4315,-2.77,44.83,5.24,13.29,0.9500,19,0,None
4316,-2.77,44.83,5.24,13.29,0.9500,19,0,None
4317,-2.77,44.83,5.24,13.29,0.9500,19,0,None
4318,-2.76,43.70,5.24,13.90,0.9500,19,0,None
4319,-2.76,43.70,5.24,13.90,0.9500,19,0,None
4320,-2.75,43.04,5.25,14.71,0.9499,19,0,None
4321,-2.75,43.04,5.25,14.71,0.9499,19,0,None
4322,-2.75,42.65,5.25,15.16,0.9499,19,0,None
4323,-2.75,42.65,5.25,15.16,0.9499,19,0,None
4324,-2.75,42.65,5.25,15.16,0.9499,19,0,None
4325,-2.75,42.65,5.25,15.16,0.9499,19,0,None
4326,-2.75,42.65,5.25,15.16,0.9499,19,0,None
4327,-2.75,42.65,5.25,15.16,0.9499,19,0,None
4328,-2.74,40.85,5.26,15.42,0.9499,19,0,None
4329,-2.74,40.85,5.26,15.42,0.9499,19,0,None
4330,-2.74,40.85,5.26,15.42,0.9499,19,0,None
4331,-2.73,39.75,5.26,16.59,0.9498,19,0,None
4332,-2.73,39.75,5.26,16.59,0.9498,19,0,None
4333,-2.72,38.92,5.27,17.25,0.9498,19,0,None
4334,-2.72,38.92,5.27,17.25,0.9498,19,0,None
4335,-2.72,38.92,5.27,17.25,0.9498,19,0,None
4336,-2.72,38.92,5.27,17.25,0.9498,19,0,None
4337,-2.72,38.92,5.27,17.25,0.9498,19,0,None
4338,-2.71,37.44,5.27,17.73,0.9497,19,0,None
4339,-2.71,37.44,5.27,17.73,0.9497,19,0,None
4340,-2.70,36.52,5.18,18.66,0.9497,19,0,None
4341,-2.70,36.52,5.18,18.66,0.9497,19,0,None
4342,-2.70,36.52,5.18,18.66,0.9497,19,0,None
4343,-2.69,35.21,5.28,19.11,0.9497,19,0,None
4344,-2.69,35.21,5.28,19.11,0.9497,19,0,None
4345,-2.69,35.21,5.28,19.11,0.9497,19,0,None
4346,-2.69,35.21,5.28,19.11,0.9497,19,0,None
4347,-2.69,35.21,5.28,19.11,0.9497,19,0,None
4348,-2.67,33.50,5.28,19.75,0.9496,19,0,None
4349,-2.67,33.50,5.28,19.75,0.9496,19,0,None
4350,-2.67,33.50,5.28,19.75,0.9496,19,0,None
4351,-2.66,32.01,5.28,20.62,0.9496,19,0,None
4352,-2.66,32.01,5.28,20.62,0.9496,19,0,None
4353,-2.66,32.01,5.28,20.62,0.9496,19,0,None
4354,-2.65,31.05,5.28,21.34,0.9496,19,0,None
4355,-2.65,31.05,5.28,21.34,0.9496,19,0,None
4356,-2.65,31.05,5.28,21.34,0.9496,19,0,None
4357,-2.64,29.56,5.28,21.79,0.9495,19,0,None
4358,-2.64,29.56,5.28,21.79,0.9495,19,0,None
4359,-2.64,29.56,5.28,21.79,0.9495,19,0,None
4360,-2.64,29.56,5.28,21.79,0.9495,19,0,None
4361,-2.64,29.56,5.28,21.79,0.9495,19,0,None
4362,-2.62,27.30,5.27,22.47,0.9495,19,0,None
4363,-2.62,27.30,5.27,22.47,0.9495,19,0,None
4364,-2.61,26.24,5.27,23.48,0.9494,19,0,None
4365,-2.61,26.24,5.27,23.48,0.9494,19,0,None
4366,-2.61,26.24,5.27,23.48,0.9494,19,0,None
4367,-2.61,26.24,5.27,23.48,0.9494,19,0,None
4368,-2.59,24.54,5.27,23.93,0.9494,19,0,None
4369,-2.59,24.54,5.27,23.93,0.9494,19,0,None
4370,-2.59,24.54,5.27,23.93,0.9494,19,0,None
4371,-2.59,24.54,5.27,23.93,0.9494,19,0,None
4372,-2.59,24.54,5.27,23.93,0.9494,19,0,None
4373,-2.57,21.97,5.27,24.64,0.9493,19,0,None
4374,-2.57,21.97,5.27,24.64,0.9493,19,0,None
4375,-2.56,20.83,5.27,25.68,0.9493,19,0,None
4376,-2.56,20.83,5.27,25.68,0.9493,19,0,None
4377,-2.56,20.83,5.27,25.68,0.9493,19,0,None
4378,-2.56,20.83,5.27,25.68,0.9493,19,0,None
4379,-2.55,18.98,5.27,26.12,0.9493,19,0,None
4380,-2.55,18.98,5.27,26.12,0.9493,19,0,None
4381,-2.55,18.98,5.27,26.12,0.9493,19,0,None
4382,-2.55,18.98,5.27,26.12,0.9493,19,0,None
4383,-2.55,18.98,5.27,26.12,0.9493,19,0,None
4384,-2.52,16.21,5.27,26.83,0.9492,19,0,None
4385,-2.52,16.21,5.27,26.83,0.9492,19,0,None
4386,-2.51,14.99,5.27,27.87,0.9492,19,0,None
4387,-2.51,14.99,5.27,27.87,0.9492,19,0,None
4388,-2.51,14.99,5.27,27.87,0.9492,19,0,None
4389,-2.50,13.13,5.28,28.30,0.9492,19,0,None
4390,-2.50,13.13,5.28,28.30,0.9492,19,0,None
4391,-2.50,13.13,5.28,28.30,0.9492,19,0,None
4392,-2.50,13.13,5.28,28.30,0.9492,19,0,None
4393,-2.50,13.13,5.28,28.30,0.9492,19,0,None
4394,-2.47,10.50,5.04,29.08,0.9491,19,0,None
4395,-2.47,10.50,5.04,29.08,0.9491,19,0,None
4396,-2.46,9.25,5.04,29.87,0.9491,19,0,None
4397,-2.46,9.25,5.04,29.87,0.9491,19,0,None
4398,-2.45,8.38,5.04,30.29,0.9491,19,0,None
4399,-2.45,8.38,5.04,30.29,0.9491,19,0,None
4400,-2.45,8.38,5.04,30.29,0.9491,19,0,None
4401,-2.45,8.38,5.04,30.29,0.9491,19,0,None
4402,-2.45,8.38,5.04,30.29,0.9491,19,0,None
4403,-2.45,8.38,5.04,30.29,0.9491,19,0,None
4404,-2.42,4.59,5.04,30.58,0.9490,19,0,None
4405,-2.42,4.59,5.04,30.58,0.9490,19,0,None
4406,-2.42,4.59,5.04,30.58,0.9490,19,0,None
4407,-2.40,2.34,5.04,31.81,0.9490,19,0,None
4408,-2.40,2.34,5.04,31.81,0.9490,19,0,None
4409,-2.40,2.34,5.04,31.81,0.9490,19,0,None
4410,-2.39,0.80,5.31,33.02,0.9489,19,0,None
4411,-2.39,0.80,5.31,33.02,0.9489,19,0,None
4412,-2.39,0.80,5.31,33.02,0.9489,19,0,None
4413,-2.39,0.80,5.31,33.02,0.9489,19,0,None
4414,-2.36,-1.95,5.34,33.00,0.9489,19,0,None
4415,-2.36,-1.95,5.34,33.00,0.9489,19,0,None
4416,-2.35,-3.52,5.04,34.44,0.9489,19,0,None
4417,-2.35,-3.52,5.04,34.44,0.9489,19,0,None
4418,-2.35,-3.52,5.04,34.44,0.9489,19,0,None
4419,-2.33,-5.68,5.04,34.29,0.9488,19,0,None
4420,-2.33,-5.68,5.04,34.29,0.9488,19,0,None
4421,-2.33,-5.68,5.04,34.29,0.9488,19,0,None
4422,-2.31,-7.86,5.04,34.92,0.9488,19,0,None
4423,-2.31,-7.86,5.04,34.92,0.9488,19,0,None
4424,-2.31,-7.86,5.04,34.92,0.9488,19,0,None
4425,-2.31,-7.86,5.04,34.92,0.9488,19,0,None
4426,-2.29,-10.21,5.04,35.55,0.9488,19,0,None
4427,-2.29,-10.21,5.04,35.55,0.9488,19,0,None
4428,-2.29,-10.21,5.04,35.55,0.9488,19,0,None
4429,-2.29,-10.21,5.04,35.55,0.9488,19,0,None
4430,-2.29,-10.21,5.04,35.55,0.9488,19,0,None
4431,-2.26,-13.71,5.28,36.29,0.9487,19,0,None
4432,-2.26,-13.71,5.28,36.29,0.9487,19,0,None
4433,-2.24,-15.42,5.27,37.17,0.9487,19,0,None
4434,-2.24,-15.42,5.27,37.17,0.9487,19,0,None
4435,-2.24,-15.42,5.27,37.17,0.9487,19,0,None
4436,-2.22,-18.13,5.27,37.64,0.9486,19,0,None
4437,-2.22,-18.13,5.27,37.64,0.9486,19,0,None
4438,-2.22,-18.13,5.27,37.64,0.9486,19,0,None
4439,-2.22,-18.13,5.27,37.64,0.9486,19,0,None
4440,-2.22,-18.13,5.27,37.64,0.9486,19,0,None
4441,-2.22,-18.13,5.27,37.64,0.9486,19,0,None
4442,-2.18,-22.12,5.27,38.35,0.9486,19,0,None
4443,-2.18,-22.12,5.27,38.35,0.9486,19,0,None
4444,-2.16,-24.03,5.27,39.40,0.9486,19,0,None
4445,-2.16,-24.03,5.27,39.40,0.9486,19,0,None
4446,-2.16,-24.03,5.27,39.40,0.9486,19,0,None
4447,-2.16,-24.03,5.27,39.40,0.9486,19,0,None
4448,-2.12,-27.48,5.27,39.88,0.9485,19,0,None
4449,-2.12,-27.48,5.27,39.88,0.9485,19,0,None
4450,-2.12,-27.48,5.27,39.88,0.9485,19,0,None
4451,-2.12,-27.48,5.27,39.88,0.9485,19,0,None
4452,-2.10,-30.01,5.26,40.75,0.9485,19,0,None
4453,-2.08,-31.05,5.26,41.37,0.9485,19,0,None
4454,-2.08,-31.05,5.26,41.37,0.9485,19,0,None
4455,-2.08,-31.05,5.26,41.37,0.9485,19,0,None
4456,-2.08,-31.05,5.26,41.37,0.9485,19,0,None
4457,-2.05,-34.50,5.26,41.62,0.9484,19,0,None
4458,-2.05,-34.50,5.26,41.62,0.9484,19,0,None
4459,-2.05,-34.50,5.26,41.62,0.9484,19,0,None
4460,-2.02,-37.29,5.26,42.45,0.9484,19,0,None
4461,-2.02,-37.29,5.26,42.45,0.9484,19,0,None
4462,-2.02,-37.29,5.26,42.45,0.9484,19,0,None
4463,-2.00,-39.32,5.26,43.10,0.9484,19,0,None
4464,-2.00,-39.32,5.26,43.10,0.9484,19,0,None
4465,-1.97,-41.81,5.26,43.58,0.9483,19,0,None
4466,-1.97,-41.81,5.26,43.58,0.9483,19,0,None
4467,-1.97,-41.81,5.26,43.58,0.9483,19,0,None
4468,-1.94,-44.20,5.26,44.15,0.9483,19,0,None
4469,-1.94,-44.20,5.26,44.15,0.9483,19,0,None
4470,-1.94,-44.20,5.26,44.15,0.9483,19,0,None
4471,-1.91,-46.56,5.26,44.69,0.9483,19,0,None
4472,-1.91,-46.56,5.26,44.69,0.9483,19,0,None
4473,-1.91,-46.56,5.26,44.69,0.9483,19,0,None
4474,-1.88,-49.64,5.26,45.22,0.9482,19,0,None
4475,-1.88,-49.64,5.26,45.22,0.9482,19,0,None
4476,-1.86,-51.62,5.26,45.90,0.9482,19,0,None
4477,-1.85,-52.50,5.26,46.33,0.9482,19,0,None
4478,-1.85,-52.50,5.26,46.33,0.9482,19,0,None
4479,-1.85,-52.50,5.26,46.33,0.9482,19,0,None
4480,-1.82,-54.75,5.26,46.52,0.9482,19,0,None
4481,-1.82,-54.75,5.26,46.52,0.9482,19,0,None
4482,-1.82,-54.75,5.26,46.52,0.9482,19,0,None
4483,-1.82,-54.75,5.26,46.52,0.9482,19,0,None
4484,-1.82,-54.75,5.26,46.52,0.9482,19,0,None
4485,-1.82,-54.75,5.26,46.52,0.9482,19,0,None
4486,-1.75,-60.48,5.26,47.00,0.9481,19,0,None
4487,-1.75,-60.48,5.26,47.00,0.9481,19,0,None
4488,-1.75,-60.48,5.26,47.00,0.9481,19,0,None
4489,-1.71,-63.56,5.26,48.22,0.9481,19,0,None
4490,-1.71,-63.56,5.26,48.22,0.9481,19,0,None
4491,-1.68,-65.86,5.26,48.86,0.9480,19,0,None
4492,-1.68,-65.86,5.26,48.86,0.9480,19,0,None
4493,-1.68,-65.86,5.26,48.86,0.9480,19,0,None
4494,-1.68,-65.86,5.26,48.86,0.9480,19,0,None
4495,-1.64,-69.14,5.26,49.33,0.9480,19,0,None
4496,-1.64,-69.14,5.26,49.33,0.9480,19,0,None
4497,-1.61,-71.46,5.26,49.99,0.9480,19,0,None
4498,-1.61,-71.46,5.26,49.99,0.9480,19,0,None
4499,-1.61,-71.46,5.26,49.99,0.9480,19,0,None
4500,-1.57,-74.34,5.25,50.46,0.9479,19,0,None
4501,-1.57,-74.34,5.25,50.46,0.9479,19,0,None
4502,-1.54,-76.91,5.25,51.03,0.9479,19,0,None
4503,-1.54,-76.91,5.25,51.03,0.9479,19,0,None
4504,-1.54,-76.91,5.25,51.03,0.9479,19,0,None
4505,-1.51,-79.42,5.25,51.53,0.9479,19,0,None
4506,-1.51,-79.42,5.25,51.53,0.9479,19,0,None
4507,-1.51,-79.42,5.25,51.53,0.9479,19,0,None
4508,-1.46,-82.58,5.25,52.02,0.9478,19,0,None
4509,-1.46,-82.58,5.25,52.02,0.9478,19,0,None
4510,-1.44,-84.76,5.25,52.63,0.9478,19,0,None
4511,-1.42,-85.58,5.25,53.04,0.9478,19,0,None
4512,-1.42,-85.58,5.25,53.04,0.9478,19,0,None
4513,-1.39,-87.90,5.25,53.20,0.9478,19,0,None
4514,-1.39,-87.90,5.25,53.20,0.9478,19,0,None
4515,-1.39,-87.90,5.25,53.20,0.9478,19,0,None
4516,-1.39,-87.90,5.25,53.20,0.9478,19,0,None
4517,-1.39,-87.90,5.25,53.20,0.9478,19,0,None
4518,-1.32,-92.90,5.25,53.63,0.9477,19,0,None
4519,-1.32,-92.90,5.25,53.63,0.9477,19,0,None
4520,-1.28,-95.83,5.25,54.56,0.9477,19,0,None
4521,-1.27,-96.65,5.25,55.10,0.9477,19,0,None
4522,-1.27,-96.65,5.25,55.10,0.9477,19,0,None
4523,-1.27,-96.65,5.25,55.10,0.9477,19,0,None
4524,-1.27,-96.65,5.25,55.10,0.9477,19,0,None
4525,-1.20,-101.09,5.28,55.25,0.9477,19,0,None
4526,-1.20,-101.09,5.28,55.25,0.9477,19,0,None
4527,-1.20,-101.09,5.28,55.25,0.9477,19,0,None
4528,-1.13,-104.10,5.26,55.99,0.9476,19,0,None
4529,-1.13,-104.10,5.26,55.99,0.9476,19,0,None
4530,-1.06,-106.68,5.24,56.32,0.9476,19,0,None
4531,-1.06,-106.68,5.24,56.32,0.9476,19,0,None
4532,-1.06,-106.68,5.24,56.32,0.9476,19,0,None
4533,-0.97,-109.62,5.24,56.28,0.9476,19,0,None
4534,-0.97,-109.62,5.24,56.28,0.9476,19,0,None
4535,-0.97,-112.38,5.24,55.73,0.9475,19,0,None
4536,-0.97,-112.38,5.24,55.73,0.9475,19,0,None
4537,-0.97,-115.08,5.24,55.23,0.9475,19,0,None
4538,-0.97,-115.08,5.24,55.23,0.9475,19,0,None
4539,-0.97,-115.08,5.24,55.23,0.9475,19,0,None
4540,-0.97,-115.08,5.24,55.23,0.9475,19,0,None
4541,-0.97,-118.62,5.24,54.74,0.9475,19,0,None
4542,-0.97,-118.62,5.24,54.74,0.9475,19,0,None
4543,-0.97,-120.87,5.24,54.10,0.9475,19,0,None
4544,-0.97,-121.69,5.24,53.68,0.9475,19,0,None
4545,-0.97,-121.69,5.24,53.68,0.9475,19,0,None
4546,-0.97,-124.00,5.24,53.53,0.9474,19,0,None
4547,-0.97,-124.00,5.24,53.53,0.9474,19,0,None
4548,-0.97,-124.00,5.24,53.53,0.9474,19,0,None
4549,-0.97,-124.00,5.24,53.53,0.9474,19,0,None
4550,-0.97,-128.83,5.24,53.10,0.9474,19,0,None
4551,-0.97,-128.83,5.24,53.10,0.9474,19,0,None
4552,-0.97,-128.83,5.24,53.10,0.9474,19,0,None
4553,-0.97,-131.66,5.24,52.19,0.9473,19,0,None
4554,-0.97,-132.42,5.24,51.64,0.9473,19,0,None
4555,-0.97,-132.42,5.24,51.64,0.9473,19,0,None
4556,-0.97,-132.42,5.24,51.64,0.9473,19,0,None
4557,-0.97,-132.42,5.24,51.64,0.9473,19,0,None
4558,-0.97,-136.33,5.24,51.50,0.9473,19,0,None
4559,-0.97,-136.33,5.24,51.50,0.9473,19,0,None
4560,-0.97,-138.85,5.24,50.74,0.9473,19,0,None
4561,-0.97,-138.85,5.24,50.74,0.9473,19,0,None
4562,-0.97,-141.20,5.24,50.24,0.9472,19,0,None
4563,-0.97,-141.20,5.24,50.24,0.9472,19,0,None
4564,-0.97,-141.20,5.24,50.24,0.9472,19,0,None
4565,-0.86,-143.84,5.06,49.93,0.9472,19,0,None
4566,-0.86,-143.84,5.06,49.93,0.9472,19,0,None
4567,-0.77,-146.22,5.04,49.29,0.9472,19,0,None
4568,-0.73,-146.97,5.04,48.86,0.9472,19,0,None
4569,-0.73,-146.97,5.04,48.86,0.9472,19,0,None
4570,-0.73,-146.97,5.04,48.86,0.9472,19,0,None
4571,-0.73,-146.97,5.04,48.86,0.9472,19,0,None
4572,-0.55,-149.76,5.04,33.73,0.9471,19,0,None
4573,-0.55,-149.76,5.04,33.73,0.9471,19,0,None
4574,-0.55,-149.76,5.04,33.73,0.9471,19,0,None
4575,-0.41,-149.76,5.04,2.41,0.9471,19,0,None
4576,-0.41,-149.76,5.04,2.41,0.9471,19,0,None
4577,-0.30,-149.76,5.04,2.50,0.9471,19,0,None
4578,-0.25,-149.76,5.04,2.56,0.9471,19,0,None
4579,-0.25,-149.76,5.04,2.56,0.9471,19,0,None
4580,-0.25,-149.76,5.04,2.56,0.9471,19,0,None
4581,-0.25,-149.76,5.04,2.56,0.9471,19,0,None
4582,-0.06,-149.76,5.04,2.60,0.9470,19,0,None
4583,-0.06,-149.76,5.04,2.60,0.9470,19,0,None
4584,-0.06,-149.76,5.04,2.60,0.9470,19,0,None
4585,0.09,-149.76,5.04,2.71,0.9470,19,0,None
4586,0.09,-149.76,5.04,2.71,0.9470,19,0,None
4587,0.21,-149.76,5.04,2.79,0.9470,19,0,None
4588,0.25,-149.76,5.04,2.85,0.9470,19,0,None
4589,0.25,-149.76,5.04,2.85,0.9470,19,0,None
4590,0.37,-149.76,5.04,2.87,0.9469,19,0,None
4591,0.37,-149.76,5.04,2.87,0.9469,19,0,None
4592,0.37,-149.76,5.04,2.87,0.9469,19,0,None
4593,0.37,-149.76,5.04,2.87,0.9469,19,0,None
4594,0.63,-149.76,5.04,2.93,0.9469,19,0,None
4595,0.63,-149.76,5.04,2.93,0.9469,19,0,None
4596,0.63,-149.76,5.04,2.93,0.9469,19,0,None
4597,0.79,-149.76,5.04,3.05,0.9469,19,0,None
4598,0.84,-149.76,5.04,3.12,0.9469,19,0,None
4599,0.84,-149.76,5.04,3.12,0.9469,19,0,None
4600,0.84,-149.76,5.04,3.12,0.9469,19,0,None
4601,1.07,-149.76,5.04,3.14,0.9468,19,0,None
4602,1.07,-149.76,5.04,3.14,0.9468,19,0,None
4603,1.07,-149.76,5.04,3.14,0.9468,19,0,None
4604,1.22,-149.76,5.04,3.23,0.9468,19,0,None
4605,1.22,-149.76,5.04,3.23,0.9468,19,0,None
4606,1.37,-149.76,5.04,3.29,0.9468,19,0,None
4607,1.37,-149.76,5.04,3.29,0.9468,19,0,None
4608,1.54,-149.76,5.13,3.76,0.9467,19,0,None
4609,1.54,-149.76,5.13,3.76,0.9467,19,0,None
4610,1.54,-149.76,5.13,3.76,0.9467,19,0,None
4611,1.75,-149.76,5.24,3.88,0.9467,19,0,None
4612,1.75,-149.76,5.24,3.88,0.9467,19,0,None
4613,1.75,-149.76,5.24,3.88,0.9467,19,0,None
4614,1.75,-149.76,5.24,3.88,0.9467,19,0,None
4615,2.02,-152.93,5.24,40.25,0.9467,19,0,None
4616,2.02,-152.93,5.24,40.25,0.9467,19,0,None
4617,2.02,-152.93,5.24,40.25,0.9467,19,0,None
4618,2.22,-155.08,5.24,39.47,0.9466,19,0,None
4619,2.22,-155.08,5.24,39.47,0.9466,19,0,None
4620,2.37,-156.68,5.24,38.94,0.9466,19,0,None
4621,2.42,-157.28,5.24,38.53,0.9466,19,0,None
4622,2.42,-157.28,5.24,38.53,0.9466,19,0,None
4623,2.50,-158.78,5.24,38.25,0.9466,19,0,None
4624,2.50,-158.78,5.24,38.25,0.9466,19,0,None
4625,2.50,-158.78,5.24,38.25,0.9466,19,0,None
4626,2.50,-158.78,5.24,38.25,0.9466,19,0,None
4627,2.50,-161.49,5.24,31.24,0.9465,19,0,None
4628,2.50,-161.49,5.24,31.24,0.9465,19,0,None
4629,2.50,-161.49,5.24,31.24,0.9465,19,0,None
4630,2.50,-161.49,5.24,0.00,0.9465,19,0,None
4631,2.50,-161.49,5.24,0.00,0.9465,19,0,None
4632,2.50,-161.49,5.24,0.00,0.9465,19,0,None
4633,2.50,-161.49,5.24,0.00,0.9465,19,0,None
4634,2.50,-161.49,5.24,0.00,0.9464,19,0,None
4635,2.50,-161.49,5.24,0.00,0.9464,19,0,None
4636,2.50,-161.49,5.24,0.00,0.9464,19,0,None
4637,2.50,-161.49,5.24,0.00,0.9464,19,0,None
4638,2.50,-161.49,5.24,0.00,0.9464,19,0,None
4639,2.50,-161.49,5.24,0.00,0.9464,19,0,None
4640,2.50,-161.49,5.24,0.00,0.9464,19,0,None
4641,2.50,-161.49,5.24,0.00,0.9464,19,0,None
4642,2.50,-161.49,5.24,0.00,0.9464,19,0,None
4643,2.50,-161.49,5.24,0.00,0.9463,19,0,None
4644,2.50,-161.49,5.24,0.00,0.9463,19,0,None
4645,2.50,-161.49,5.24,0.00,0.9463,19,0,None
4646,2.50,-161.49,5.24,0.00,0.9463,19,0,None
4647,2.50,-161.49,5.24,0.00,0.9463,19,0,None
4648,2.50,-161.49,5.24,0.00,0.9463,19,0,None
4649,2.50,-161.49,5.24,0.00,0.9463,19,0,None
4650,2.50,-161.49,5.24,0.00,0.9463,19,0,None
4651,2.50,-161.49,5.24,0.00,0.9463,19,0,None
4652,2.50,-161.49,5.24,0.00,0.9462,19,0,None
4653,2.50,-161.49,5.24,0.00,0.9462,19,0,None
4654,2.50,-161.49,5.24,0.00,0.9462,19,0,None
4655,2.50,-161.49,5.24,0.00,0.9462,19,0,None
4656,2.50,-161.49,5.24,0.00,0.9462,19,0,None
4657,2.50,-161.49,5.24,0.00,0.9462,19,0,None
4658,2.50,-161.49,5.24,0.00,0.9462,19,0,None
4659,2.50,-161.49,5.24,0.00,0.9462,19,0,None
4660,2.50,-161.49,5.24,0.00,0.9462,19,0,None
4661,2.50,-161.49,5.24,0.00,0.9462,19,0,None
4662,2.50,-161.49,5.24,0.00,0.9461,19,0,None
4663,2.50,-161.49,5.24,0.00,0.9461,19,0,None
4664,2.50,-161.49,5.24,0.00,0.9461,19,0,None
4665,2.50,-161.49,5.24,0.00,0.9461,19,0,None
4666,2.50,-161.49,5.24,0.00,0.9461,19,0,None
4667,2.50,-161.49,5.24,0.00,0.9461,19,0,None
4668,2.50,-161.49,5.24,0.00,0.9461,19,0,None
4669,2.50,-161.49,5.24,0.00,0.9461,19,0,None
4670,2.50,-161.49,5.24,0.00,0.9461,19,0,None
4671,2.50,-161.49,5.24,0.00,0.9460,19,0,None
4672,2.50,-161.49,5.24,0.00,0.9460,19,0,None
4673,2.50,-161.49,5.24,0.00,0.9460,19,0,None
4674,2.50,-161.49,5.24,0.00,0.9460,19,0,None
4675,2.50,-161.49,5.24,0.00,0.9460,19,0,None
4676,2.50,-161.49,5.24,0.00,0.9460,19,0,None
4677,2.50,-161.49,5.24,0.00,0.9460,19,0,None
4678,2.50,-161.49,5.24,0.00,0.9460,19,0,None
4679,2.50,-161.49,5.24,0.00,0.9460,19,0,None
4680,2.50,-161.49,5.24,0.00,0.9459,19,0,None
4681,2.50,-161.49,5.24,0.00,0.9459,19,0,None
4682,2.50,-161.49,5.24,0.00,0.9459,19,0,None
4683,2.50,-161.49,5.24,0.00,0.9459,19,0,None
4684,2.50,-161.49,5.24,0.00,0.9459,19,0,None
4685,2.50,-161.49,5.24,0.00,0.9459,19,0,None
4686,2.50,-161.49,5.24,0.00,0.9459,19,0,None
4687,2.50,-161.49,5.24,0.00,0.9459,19,0,None
4688,2.50,-161.49,5.24,0.00,0.9459,19,0,None
4689,2.50,-161.49,5.24,0.00,0.9458,19,0,None
4690,2.50,-161.49,5.24,0.00,0.9458,19,0,None
4691,2.50,-161.49,5.24,0.00,0.9458,19,0,None
4692,2.50,-161.49,5.24,0.00,0.9458,19,0,None
4693,2.50,-161.49,5.24,0.00,0.9458,19,0,None
4694,2.50,-161.49,5.24,0.00,0.9458,19,0,None
4695,2.50,-161.49,5.24,0.00,0.9458,19,0,None
4696,2.50,-161.49,5.24,0.00,0.9458,19,0,None
4697,2.50,-161.49,5.24,0.00,0.9458,19,0,None
4698,2.50,-161.49,5.24,0.00,0.9457,19,0,None
4699,2.50,-161.49,5.24,0.00,0.9457,19,0,None
4700,2.50,-161.49,5.24,0.00,0.9457,19,0,None
4701,2.50,-161.49,5.24,0.00,0.9457,19,0,None
4702,2.50,-161.49,5.24,0.00,0.9457,19,0,None
4703,2.50,-161.49,5.24,0.00,0.9457,19,0,None
4704,2.50,-161.49,5.24,0.00,0.9457,19,0,None
4705,2.50,-161.49,5.24,0.00,0.9457,19,0,None
4706,2.50,-161.49,5.24,0.00,0.9457,19,0,None
4707,2.50,-161.49,5.24,0.00,0.9457,19,0,None
4708,2.50,-161.49,5.24,0.00,0.9456,19,0,None
4709,2.50,-161.49,5.24,0.00,0.9456,19,0,None
4710,2.50,-161.49,5.24,0.00,0.9456,19,0,None
4711,2.50,-161.49,5.24,0.00,0.9456,19,0,None
4712,2.50,-161.49,5.24,0.00,0.9456,19,0,None
4713,2.50,-161.49,5.24,0.00,0.9456,19,0,None
4714,2.50,-161.49,5.24,0.00,0.9456,19,0,None
4715,2.50,-161.49,5.24,0.00,0.9456,19,0,None
4716,2.50,-161.49,5.24,0.00,0.9456,19,0,None
4717,2.50,-161.49,5.24,0.00,0.9455,19,0,None
4718,2.50,-161.49,5.24,0.00,0.9455,19,0,None
4719,2.50,-161.49,5.24,0.00,0.9455,19,0,None
4720,2.50,-161.49,5.24,0.00,0.9455,19,0,None
4721,2.50,-161.49,5.24,0.00,0.9455,19,0,None
4722,2.50,-161.49,5.24,0.00,0.9455,19,0,None
4723,2.50,-161.49,5.24,0.00,0.9455,19,0,None
4724,2.50,-161.49,5.24,0.00,0.9455,19,0,None
4725,2.50,-161.49,5.24,0.00,0.9455,19,0,None
4726,2.50,-161.49,5.24,0.00,0.9454,19,0,None
4727,2.50,-161.49,5.24,0.00,0.9454,19,0,None
4728,2.50,-161.49,5.24,0.00,0.9454,19,0,None
4729,2.50,-161.49,5.24,0.00,0.9454,19,0,None
4730,2.50,-161.49,5.24,0.00,0.9454,19,0,None
4731,2.50,-161.49,5.24,0.00,0.9454,19,0,None
4732,2.50,-161.49,5.24,0.00,0.9454,19,0,None
4733,2.50,-161.49,5.24,0.00,0.9453,19,0,None
4734,2.50,-161.49,5.24,0.00,0.9453,19,0,None
4735,2.50,-161.49,5.24,0.00,0.9453,19,0,None
4736,2.50,-161.49,5.24,0.00,0.9453,19,0,None
4737,2.50,-161.49,5.24,0.00,0.9453,19,0,None
4738,2.50,-161.49,5.24,0.00,0.9453,19,0,None
4739,2.50,-161.49,5.24,0.00,0.9453,19,0,None
4740,2.50,-161.49,5.24,0.00,0.9453,19,0,None
4741,2.50,-161.49,5.24,0.00,0.9453,19,0,None
4742,2.50,-161.49,5.24,0.00,0.9452,19,0,None
4743,2.50,-161.49,5.24,0.00,0.9452,19,0,None
4744,2.50,-161.49,5.24,0.00,0.9452,19,0,None
4745,2.50,-161.49,5.24,0.00,0.9452,19,0,None
4746,2.50,-161.49,5.24,0.00,0.9452,19,0,None
4747,2.50,-161.49,5.24,0.00,0.9452,19,0,None
4748,2.50,-161.49,5.24,0.00,0.9452,19,0,None
4749,2.50,-161.49,5.24,0.00,0.9452,19,0,None
4750,2.50,-161.49,5.24,0.00,0.9452,19,0,None
4751,2.50,-161.49,5.24,0.00,0.9451,19,0,None
4752,2.50,-161.49,5.24,0.00,0.9451,19,0,None
4753,2.50,-161.49,5.24,0.00,0.9451,19,0,None
4754,2.50,-161.49,5.24,0.00,0.9451,19,0,None
4755,2.50,-161.49,5.24,0.00,0.9451,19,0,None
4756,2.50,-161.49,5.24,0.00,0.9451,19,0,None
4757,2.50,-161.49,5.24,0.00,0.9451,19,0,None
4758,2.50,-161.49,5.24,0.00,0.9451,19,0,None
4759,2.50,-161.49,5.24,0.00,0.9451,19,0,None
4760,2.50,-161.49,5.24,0.00,0.9450,19,0,None
4761,2.50,-161.49,5.24,0.00,0.9450,19,0,None
4762,2.50,-161.49,5.24,0.00,0.9450,19,0,None
4763,2.50,-161.49,5.24,0.00,0.9450,19,0,None
4764,2.50,-161.49,5.24,0.00,0.9450,19,0,None
4765,2.50,-161.49,5.24,0.00,0.9450,19,0,None
4766,2.50,-161.49,5.24,0.00,0.9450,19,0,None
4767,2.50,-161.49,5.24,0.00,0.9450,19,0,None
4768,2.50,-161.49,5.24,0.00,0.9450,19,0,None
4769,2.50,-161.49,5.24,0.00,0.9450,19,0,None
4770,2.50,-161.49,5.24,0.00,0.9449,19,0,None
4771,2.50,-161.49,5.24,0.00,0.9449,19,0,None
4772,2.50,-161.49,5.24,0.00,0.9449,19,0,None
4773,2.50,-161.49,5.24,0.00,0.9449,19,0,None
4774,2.50,-161.49,5.24,0.00,0.9449,19,0,None
4775,2.50,-161.49,5.24,0.00,0.9449,19,0,None
4776,2.50,-161.49,5.24,0.00,0.9449,19,0,None
4777,2.50,-161.49,5.24,0.00,0.9449,19,0,None
4778,2.50,-161.49,5.24,0.00,0.9449,19,0,None
4779,2.50,-161.49,5.24,0.00,0.9448,19,0,None
4780,2.50,-161.49,5.24,0.00,0.9448,19,0,None
4781,2.50,-161.49,5.24,0.00,0.9448,19,0,None
4782,2.50,-161.49,5.24,0.00,0.9448,19,0,None
4783,2.50,-161.49,5.24,0.00,0.9448,19,0,None
4784,2.50,-161.49,5.24,0.00,0.9448,19,0,None
4785,2.50,-161.49,5.24,0.00,0.9448,19,0,None
4786,2.50,-161.49,5.24,0.00,0.9448,19,0,None
4787,2.50,-161.49,5.24,0.00,0.9448,19,0,None
4788,2.50,-161.49,5.24,0.00,0.9447,19,0,None
4789,2.50,-161.49,5.24,0.00,0.9447,19,0,None
4790,2.50,-161.49,5.24,0.00,0.9447,19,0,None
4791,2.50,-161.49,5.24,0.00,0.9447,19,0,None
4792,2.50,-161.49,5.24,0.00,0.9447,19,0,None
4793,2.50,-161.49,5.24,0.00,0.9447,19,0,None
4794,2.50,-161.49,5.24,0.00,0.9447,19,0,None
4795,2.50,-161.49,5.24,0.00,0.9447,19,0,None
4796,2.50,-161.49,5.24,0.00,0.9447,19,0,None
4797,2.50,-161.49,5.24,0.00,0.9446,19,0,None
4798,2.50,-161.49,5.24,0.00,0.9446,19,0,None
4799,2.50,-161.49,5.24,0.00,0.9446,19,0,None
4800,2.50,-161.49,5.24,0.00,0.9446,19,0,None
4801,2.50,-161.49,5.24,0.00,0.9446,19,0,None
4802,2.50,-161.49,5.24,0.00,0.9446,19,0,None
4803,2.50,-161.49,5.24,0.00,0.9446,19,0,None
4804,2.50,-161.49,5.24,0.00,0.9446,19,0,None
4805,2.50,-161.49,5.24,0.00,0.9446,19,0,None
4806,2.50,-161.49,5.24,0.00,0.9445,19,0,None
4807,2.50,-161.49,5.24,0.00,0.9445,19,0,None
4808,2.50,-161.49,5.24,0.00,0.9445,19,0,None
4809,2.50,-161.49,5.24,0.00,0.9445,19,0,None
4810,2.50,-161.49,5.24,0.00,0.9445,19,0,None
4811,2.50,-161.49,5.24,0.00,0.9445,19,0,None
4812,2.50,-161.49,5.24,0.00,0.9445,19,0,None
4813,2.50,-161.49,5.24,0.00,0.9445,19,0,None
4814,2.50,-161.49,5.24,0.00,0.9445,19,0,None
4815,2.50,-161.49,5.24,0.00,0.9445,19,0,None
4816,2.50,-161.48,5.24,0.29,0.9444,19,0,None
4817,2.50,-161.47,5.24,0.73,0.9444,19,0,None
4818,2.50,-161.43,5.24,0.91,0.9444,19,0,None
4819,2.50,-161.43,5.24,0.91,0.9444,19,0,None
4820,2.50,-161.43,5.24,0.91,0.9444,19,0,None
4821,2.50,-161.43,5.24,0.91,0.9444,19,0,None
4822,2.50,-161.43,5.24,0.91,0.9444,19,0,None
4823,2.50,-161.33,5.24,1.28,0.9444,19,0,None
4824,2.50,-161.33,5.24,1.28,0.9444,19,0,None
4825,2.50,-161.23,5.24,2.13,0.9443,19,0,None
4826,2.50,-161.23,5.24,2.13,0.9443,19,0,None
4827,2.50,-161.12,5.24,2.57,0.9443,19,0,None
4828,2.50,-161.12,5.24,2.57,0.9443,19,0,None
4829,2.50,-161.12,5.24,2.57,0.9443,19,0,None
4830,2.50,-160.96,5.24,3.01,0.9443,19,0,None
4831,2.50,-160.96,5.24,3.01,0.9443,19,0,None
4832,2.50,-160.81,5.24,3.55,0.9442,19,0,None
4833,2.50,-160.70,5.24,3.96,0.9442,19,0,None
4834,2.50,-160.70,5.24,3.96,0.9442,19,0,None
4835,2.50,-160.58,5.24,4.24,0.9442,19,0,None
4836,2.50,-160.58,5.24,4.24,0.9442,19,0,None
4837,2.50,-160.58,5.24,4.24,0.9442,19,0,None
4838,2.50,-160.58,5.24,4.24,0.9442,19,0,None
4839,2.50,-160.19,5.24,4.52,0.9442,19,0,None
4840,2.50,-160.19,5.24,4.52,0.9442,19,0,None
4841,2.50,-159.93,5.24,5.39,0.9441,19,0,None
4842,2.50,-159.93,5.24,5.39,0.9441,19,0,None
4843,2.50,-159.93,5.24,5.39,0.9441,19,0,None
4844,2.50,-159.67,5.24,5.87,0.9441,19,0,None
4845,2.50,-159.67,5.24,5.87,0.9441,19,0,None
4846,2.50,-159.36,5.24,6.32,0.9441,19,0,None
4847,2.50,-159.36,5.24,6.32,0.9441,19,0,None
4848,2.50,-159.05,5.24,6.81,0.9441,19,0,None
4849,2.50,-158.93,5.24,7.25,0.9441,19,0,None
4850,2.50,-158.93,5.24,7.25,0.9441,19,0,None
4851,2.50,-158.93,5.24,7.25,0.9441,19,0,None
4852,2.50,-158.93,5.24,7.25,0.9441,19,0,None
4853,2.50,-158.36,5.24,7.42,0.9440,19,0,None
4854,2.50,-158.36,5.24,7.42,0.9440,19,0,None
4855,2.50,-158.36,5.24,7.42,0.9440,19,0,None
4856,2.50,-157.90,5.24,8.19,0.9440,19,0,None
4857,2.50,-157.90,5.24,8.19,0.9440,19,0,None
4858,2.50,-157.54,5.24,8.75,0.9440,19,0,None
4859,2.50,-157.39,5.24,9.16,0.9440,19,0,None
4860,2.50,-157.39,5.24,9.16,0.9440,19,0,None
4861,2.50,-157.00,5.24,9.33,0.9439,19,0,None
4862,2.50,-157.00,5.24,9.33,0.9439,19,0,None
4863,2.50,-157.00,5.24,9.33,0.9439,19,0,None
4864,2.50,-157.00,5.24,9.33,0.9439,19,0,None
4865,2.50,-156.09,5.24,9.74,0.9439,19,0,None
4866,2.50,-156.09,5.24,9.74,0.9439,19,0,None
4867,2.50,-156.09,5.24,9.74,0.9439,19,0,None
4868,2.50,-155.51,5.24,10.68,0.9438,19,0,None
4869,2.50,-155.31,5.24,11.23,0.9438,19,0,None
4870,2.50,-155.31,5.24,11.23,0.9438,19,0,None
4871,2.50,-155.31,5.24,11.23,0.9438,19,0,None
4872,2.50,-155.31,5.24,11.23,0.9438,19,0,None
4873,2.50,-154.41,5.24,11.40,0.9438,19,0,None
4874,2.50,-154.41,5.24,11.40,0.9438,19,0,None
4875,2.50,-154.41,5.24,11.40,0.9438,19,0,None
4876,2.50,-153.70,5.24,12.19,0.9438,19,0,None
4877,2.50,-153.70,5.24,12.19,0.9438,19,0,None
4878,2.50,-153.11,5.24,12.78,0.9437,19,0,None
4879,2.50,-153.11,5.24,12.78,0.9437,19,0,None
4880,2.50,-153.11,5.24,12.78,0.9437,19,0,None
4881,2.50,-152.38,5.24,13.24,0.9437,19,0,None
4882,2.50,-152.38,5.24,13.24,0.9437,19,0,None
4883,2.50,-152.38,5.24,13.24,0.9437,19,0,None
4884,2.50,-151.66,5.24,13.79,0.9437,19,0,None
4885,2.50,-151.66,5.24,13.79,0.9437,19,0,None
4886,2.50,-150.88,5.24,14.31,0.9436,19,0,None
4887,2.50,-150.88,5.24,14.31,0.9436,19,0,None
4888,2.50,-150.88,5.24,14.31,0.9436,19,0,None
4889,2.50,-150.88,5.24,14.31,0.9436,19,0,None
4890,2.67,-149.69,5.25,15.01,0.9436,19,0,None
4891,2.67,-149.69,5.25,15.01,0.9436,19,0,None
4892,2.77,-149.02,5.27,15.81,0.9436,19,0,None
4893,2.77,-149.02,5.27,15.81,0.9436,19,0,None
4894,2.83,-148.56,5.08,17.54,0.9436,19,0,None
4895,2.83,-148.56,5.08,17.54,0.9436,19,0,None
4896,2.83,-148.56,5.08,17.54,0.9436,19,0,None
4897,2.83,-148.56,5.08,17.54,0.9436,19,0,None
4898,2.83,-148.56,5.08,17.54,0.9436,19,0,None
4899,2.83,-148.56,5.08,17.54,0.9436,19,0,None
4900,3.11,-146.57,5.04,16.52,0.9435,19,0,None
4901,3.11,-146.57,5.04,16.52,0.9435,19,0,None
4902,3.11,-146.57,5.04,16.52,0.9435,19,0,None
4903,3.29,-145.33,5.04,17.74,0.9435,19,0,None
4904,3.29,-145.33,5.04,17.74,0.9435,19,0,None
4905,3.29,-145.33,5.04,17.74,0.9435,19,0,None
4906,3.41,-144.50,5.04,18.44,0.9434,19,0,None
4907,3.41,-144.50,5.04,18.44,0.9434,19,0,None
4908,3.41,-144.50,5.04,18.44,0.9434,19,0,None
4909,3.41,-144.50,5.04,18.44,0.9434,19,0,None
4910,3.65,-142.80,5.04,18.90,0.9434,19,0,None
4911,3.65,-142.80,5.04,18.90,0.9434,19,0,None
4912,3.65,-142.80,5.04,18.90,0.9434,19,0,None
4913,3.78,-141.88,5.04,19.80,0.9434,19,0,None
4914,3.78,-141.88,5.04,19.80,0.9434,19,0,None
4915,3.78,-141.88,5.04,19.80,0.9434,19,0,None
4916,3.99,-140.45,5.04,20.27,0.9433,19,0,None
4917,3.99,-140.45,5.04,20.27,0.9433,19,0,None
4918,3.99,-140.45,5.04,20.27,0.9433,19,0,None
4919,3.99,-140.45,5.04,20.27,0.9433,19,0,None
4920,3.99,-140.45,5.04,20.27,0.9433,19,0,None
4921,4.27,-138.53,5.03,20.98,0.9433,19,0,None
4922,4.27,-138.53,5.03,20.98,0.9433,19,0,None
4923,4.27,-138.53,5.03,20.98,0.9433,19,0,None
4924,4.27,-138.53,5.03,20.98,0.9433,19,0,None
4925,4.51,-136.93,5.03,21.91,0.9432,19,0,None
4926,4.51,-136.93,5.03,21.91,0.9432,19,0,None
4927,4.65,-135.96,5.03,22.65,0.9432,19,0,None
4928,4.65,-135.96,5.03,22.65,0.9432,19,0,None
4929,4.65,-135.96,5.03,22.65,0.9432,19,0,None
4930,4.88,-134.43,5.03,23.08,0.9432,19,0,None
4931,4.88,-134.43,5.03,23.08,0.9432,19,0,None
4932,4.88,-134.43,5.03,23.08,0.9432,19,0,None
4933,4.88,-134.43,5.03,23.08,0.9432,19,0,None
4934,4.88,-134.43,5.03,23.08,0.9432,19,0,None
4935,5.23,-132.11,5.03,23.75,0.9431,19,0,None
4936,5.23,-132.11,5.03,23.75,0.9431,19,0,None
4937,5.39,-131.03,5.03,24.74,0.9431,19,0,None
4938,5.39,-131.03,5.03,24.74,0.9431,19,0,None
4939,5.39,-131.03,5.03,24.74,0.9431,19,0,None
4940,5.64,-129.40,5.02,25.18,0.9430,19,0,None
4941,5.64,-129.40,5.02,25.18,0.9430,19,0,None
4942,5.64,-129.40,5.02,25.18,0.9430,19,0,None
4943,5.64,-129.40,5.02,25.18,0.9430,19,0,None
4944,5.64,-129.40,5.02,25.18,0.9430,19,0,None
4945,6.02,-126.87,5.02,25.83,0.9430,19,0,None
4946,6.02,-126.87,5.02,25.83,0.9430,19,0,None
4947,6.02,-126.87,5.02,25.83,0.9430,19,0,None
4948,6.20,-125.74,5.02,26.82,0.9430,19,0,None
4949,6.20,-125.74,5.02,26.82,0.9430,19,0,None
4950,6.20,-125.74,5.02,26.82,0.9430,19,0,None
4951,6.48,-123.95,5.02,27.25,0.9429,19,0,None
4952,6.48,-123.95,5.02,27.25,0.9429,19,0,None
4953,6.48,-123.95,5.02,27.25,0.9429,19,0,None
4954,6.48,-123.95,5.02,27.25,0.9429,19,0,None
4955,6.48,-123.95,5.02,27.25,0.9429,19,0,None
