{"cameraMode":{"drawMode":0,"name":"Shaded","section":"Shading Mode"},"sceneLighting":false,"audioPlay":false,"sceneViewState":{"m_AlwaysRefresh":false,"showFog":true,"showSkybox":false,"showFlares":true,"showImageEffects":true,"showParticleSystems":true,"showVisualEffectGraphs":true,"m_FxEnabled":true},"in2DMode":false,"pivot":{"x":11.765963554382325,"y":-0.012685057707130909,"z":-107.26300048828125},"rotation":{"x":-0.3667640686035156,"y":0.04640587046742439,"z":-0.02563413977622986,"w":-0.930252730846405},"size":0.35446327924728396,"orthographic":false}