{"cameraMode":{"drawMode":0,"name":"Shaded","section":"Shading Mode"},"sceneLighting":false,"audioPlay":false,"sceneViewState":{"m_AlwaysRefresh":false,"showFog":true,"showSkybox":false,"showFlares":true,"showImageEffects":true,"showParticleSystems":true,"showVisualEffectGraphs":true,"m_FxEnabled":true},"in2DMode":false,"pivot":{"x":11.546698570251465,"y":-0.04571758583188057,"z":-113.41227722167969},"rotation":{"x":-0.2290486991405487,"y":0.7413901090621948,"z":-0.30865034461021426,"w":-0.5501383543014526},"size":0.3158944249153137,"orthographic":false}