{"cameraMode":{"drawMode":0,"name":"Shaded","section":"Shading Mode"},"sceneLighting":false,"audioPlay":false,"sceneViewState":{"m_AlwaysRefresh":false,"showFog":true,"showSkybox":false,"showFlares":true,"showImageEffects":true,"showParticleSystems":true,"showVisualEffectGraphs":true,"m_FxEnabled":true},"in2DMode":false,"pivot":{"x":13.262018203735352,"y":-0.024484846740961076,"z":-107.16700744628906},"rotation":{"x":-0.32288694381713869,"y":-0.09864166378974915,"z":0.026547200977802278,"w":-0.9423407912254334},"size":0.35440021753311159,"orthographic":false}