{"cameraMode":{"drawMode":0,"name":"Shaded","section":"Shading Mode"},"sceneLighting":false,"audioPlay":false,"sceneViewState":{"m_AlwaysRefresh":false,"showFog":true,"showSkybox":false,"showFlares":true,"showImageEffects":true,"showParticleSystems":true,"showVisualEffectGraphs":true,"m_FxEnabled":true},"in2DMode":false,"pivot":{"x":10.765410423278809,"y":0.01688918098807335,"z":-107.00605773925781},"rotation":{"x":-0.09276185929775238,"y":-0.7598484754562378,"z":0.09925706684589386,"w":-0.6378620862960815},"size":0.029804246500134469,"orthographic":false}