{"cameraMode":{"drawMode":0,"name":"Shaded","section":"Shading Mode"},"sceneLighting":false,"audioPlay":false,"sceneViewState":{"m_AlwaysRefresh":false,"showFog":true,"showSkybox":false,"showFlares":true,"showImageEffects":true,"showParticleSystems":true,"showVisualEffectGraphs":true,"m_FxEnabled":true},"in2DMode":false,"pivot":{"x":-12.999988555908204,"y":-0.034399859607219699,"z":-103.16673278808594},"rotation":{"x":-0.2290486991405487,"y":0.7413901090621948,"z":-0.30865034461021426,"w":-0.5501383543014526},"size":0.8829192519187927,"orthographic":false}