{"cameraMode":{"drawMode":0,"name":"Shaded","section":"Shading Mode"},"sceneLighting":false,"audioPlay":false,"sceneViewState":{"m_AlwaysRefresh":false,"showFog":true,"showSkybox":false,"showFlares":true,"showImageEffects":true,"showParticleSystems":true,"showVisualEffectGraphs":true,"m_FxEnabled":true},"in2DMode":false,"pivot":{"x":-0.5010150074958801,"y":-1.4288349151611329,"z":1.1754976511001588},"rotation":{"x":0.596663773059845,"y":-0.15494990348815919,"z":0.11878010630607605,"w":0.7783920764923096},"size":1.5273852348327637,"orthographic":false}