{"cameraMode":{"drawMode":0,"name":"Shaded","section":"Shading Mode"},"sceneLighting":false,"audioPlay":false,"sceneViewState":{"m_AlwaysRefresh":false,"showFog":true,"showSkybox":false,"showFlares":true,"showImageEffects":true,"showParticleSystems":true,"showVisualEffectGraphs":true,"m_FxEnabled":true},"in2DMode":false,"pivot":{"x":11.221370697021485,"y":-0.03838203102350235,"z":-124.74093627929688},"rotation":{"x":0.27806520462036135,"y":0.6478904485702515,"z":-0.2752930819988251,"w":0.6536633968353272},"size":0.35572755336761477,"orthographic":false}