{"cameraMode":{"drawMode":0,"name":"Shaded","section":"Shading Mode"},"sceneLighting":false,"audioPlay":false,"sceneViewState":{"m_AlwaysRefresh":false,"showFog":true,"showSkybox":false,"showFlares":true,"showImageEffects":true,"showParticleSystems":true,"showVisualEffectGraphs":true,"m_FxEnabled":true},"in2DMode":false,"pivot":{"x":8.517000198364258,"y":-0.024963416159152986,"z":-107.8479995727539},"rotation":{"x":-0.46975210309028628,"y":-0.03496610000729561,"z":0.010942953638732434,"w":-0.8835619688034058},"size":0.7917595505714417,"orthographic":false}