{"cameraMode":{"drawMode":0,"name":"Shaded","section":"Shading Mode"},"sceneLighting":false,"audioPlay":false,"sceneViewState":{"m_AlwaysRefresh":false,"showFog":true,"showSkybox":false,"showFlares":true,"showImageEffects":true,"showParticleSystems":true,"showVisualEffectGraphs":true,"m_FxEnabled":true},"in2DMode":false,"pivot":{"x":11.762018203735352,"y":-0.024484846740961076,"z":-106.91653442382813},"rotation":{"x":-0.386781245470047,"y":0.5814390778541565,"z":-0.3653378486633301,"w":-0.6155482530593872},"size":0.35440021753311159,"orthographic":false}