{"cameraMode":{"drawMode":0,"name":"Shaded","section":"Shading Mode"},"sceneLighting":false,"audioPlay":false,"sceneViewState":{"m_AlwaysRefresh":false,"showFog":true,"showSkybox":false,"showFlares":true,"showImageEffects":true,"showParticleSystems":true,"showVisualEffectGraphs":true,"m_FxEnabled":true},"in2DMode":false,"pivot":{"x":-11.314186096191407,"y":124.89415740966797,"z":58.725040435791019},"rotation":{"x":-0.02263457700610161,"y":0.9418606162071228,"z":-0.3289382755756378,"w":-0.06481164693832398},"size":0.3552814722061157,"orthographic":false}