{"cameraMode":{"drawMode":0,"name":"Shaded","section":"Shading Mode"},"sceneLighting":false,"audioPlay":false,"sceneViewState":{"m_AlwaysRefresh":false,"showFog":true,"showSkybox":false,"showFlares":true,"showImageEffects":true,"showParticleSystems":true,"showVisualEffectGraphs":true,"m_FxEnabled":true},"in2DMode":false,"pivot":{"x":14.085893630981446,"y":-0.0027998483274132015,"z":-99.2361068725586},"rotation":{"x":0.2561483085155487,"y":0.7390821576118469,"z":-0.38901013135910036,"w":0.4866507053375244},"size":0.03867633268237114,"orthographic":false}