{"cameraMode":{"drawMode":0,"name":"Shaded","section":"Shading Mode"},"sceneLighting":false,"audioPlay":false,"sceneViewState":{"m_AlwaysRefresh":false,"showFog":true,"showSkybox":false,"showFlares":true,"showImageEffects":true,"showParticleSystems":true,"showVisualEffectGraphs":true,"m_FxEnabled":true},"in2DMode":false,"pivot":{"x":9.089632987976075,"y":0.04508959874510765,"z":-108.54560852050781},"rotation":{"x":0.21556618809700013,"y":0.36287641525268557,"z":-0.0807192400097847,"w":0.9043692946434021},"size":0.3572160303592682,"orthographic":false}