{"cameraMode":{"drawMode":0,"name":"Shaded","section":"Shading Mode"},"sceneLighting":false,"audioPlay":false,"sceneViewState":{"m_AlwaysRefresh":false,"showFog":true,"showSkybox":false,"showFlares":true,"showImageEffects":true,"showParticleSystems":true,"showVisualEffectGraphs":true,"m_FxEnabled":true},"in2DMode":false,"pivot":{"x":-0.08198754489421845,"y":-0.14833630621433259,"z":-0.06921359896659851},"rotation":{"x":-0.11049526929855347,"y":0.8885754942893982,"z":-0.29249534010887148,"w":-0.3356855511665344},"size":0.3552814722061157,"orthographic":false}